year,track,credits,O3_M,O2_M,BA_O3_draws,BA_O2_draws,diff,lo,hi,p,p_str,price_assumption,status
2025,37,90,2,3,0.731977373018292,0.7999257791275415,-0.06794840610924946,-0.10775921856388032,-0.03313836293795699,0.0,p < 0.0005,"RTC 20 m = 15 credits, INSAR 10x2 = 15 credits (HyP3 on-demand)",EXPLORATORY
2025,37,180,4,6,0.8492237297795195,0.8735410181222727,-0.02431728834275315,-0.033359433115254404,-0.016379435937265745,0.0,p < 0.0005,"RTC 20 m = 15 credits, INSAR 10x2 = 15 credits (HyP3 on-demand)",EXPLORATORY
2025,37,270,6,9,0.8790755457709037,0.8917083723838574,-0.012632826612953618,-0.0165324159301979,-0.008641498817563629,0.0,p < 0.0005,"RTC 20 m = 15 credits, INSAR 10x2 = 15 credits (HyP3 on-demand)",EXPLORATORY
2025,88,90,2,3,0.7425720711276167,0.8034010835777341,-0.0608290124501174,-0.09591952830732602,-0.0297282550393011,0.0,p < 0.0005,"RTC 20 m = 15 credits, INSAR 10x2 = 15 credits (HyP3 on-demand)",EXPLORATORY
2025,88,180,4,6,0.857257570602777,0.8829362103668144,-0.025678639764037392,-0.03175452297069039,-0.020388961416756342,0.0,p < 0.0005,"RTC 20 m = 15 credits, INSAR 10x2 = 15 credits (HyP3 on-demand)",EXPLORATORY
2025,88,270,6,9,0.8846814009931968,0.8990433162096784,-0.014361915216481558,-0.018324028685362904,-0.010784111804483196,0.0,p < 0.0005,"RTC 20 m = 15 credits, INSAR 10x2 = 15 credits (HyP3 on-demand)",EXPLORATORY
2024,37,90,2,3,0.6432594589962866,0.7368365920280883,-0.09357713303180171,-0.13881443058262408,-0.05244056160362664,0.0,p < 0.0005,"RTC 20 m = 15 credits, INSAR 10x2 = 15 credits (HyP3 on-demand)",EXPLORATORY
2024,37,180,4,6,0.7804502620145206,0.825416675019721,-0.044966413005200434,-0.06362810310789285,-0.029190945820626868,0.0,p < 0.0005,"RTC 20 m = 15 credits, INSAR 10x2 = 15 credits (HyP3 on-demand)",EXPLORATORY
2024,37,270,6,9,0.8289445218058283,0.8524828451550468,-0.02353832334921846,-0.03256798753632498,-0.015230297481534483,0.0,p < 0.0005,"RTC 20 m = 15 credits, INSAR 10x2 = 15 credits (HyP3 on-demand)",EXPLORATORY
2024,88,90,2,3,0.661671874332487,0.7430545984223504,-0.08138272408986347,-0.1317143286629273,-0.037294064894615314,0.0,p < 0.0005,"RTC 20 m = 15 credits, INSAR 10x2 = 15 credits (HyP3 on-demand)",EXPLORATORY
2024,88,180,4,6,0.7953395412096782,0.8206333775009054,-0.025293836291227167,-0.03872730432791295,-0.012877612010345778,0.001,p = 0.001,"RTC 20 m = 15 credits, INSAR 10x2 = 15 credits (HyP3 on-demand)",EXPLORATORY
2024,88,270,6,9,0.8274570535040287,0.8521406492193473,-0.02468359571531864,-0.03353284415320258,-0.01635799393650149,0.0,p < 0.0005,"RTC 20 m = 15 credits, INSAR 10x2 = 15 credits (HyP3 on-demand)",EXPLORATORY
