year,track,branch,M,N_unique,pair_ids,scene_ids,first_date,last_date,span_days,max_gap_days,median_lag_days,rtc_jobs,insar_jobs,estimated_credits,eligibility_status
2024,37,MAIN_12D_AA,1,2,PAIR_2024_T37_Sen_Sen_20240605_20240617_12D,S1A_IW_SLC__1SDV_20240605T055037_20240605T055104_054184_0696EA_1F05;S1A_IW_SLC__1SDV_20240617T055037_20240617T055104_054359_069CF5_D6B6,2024-06-05,2024-06-17,12,0,12,2,1,45,CATALOG_CANDIDATE_BURST_PENDING
2024,37,MAIN_12D_AA,2,4,PAIR_2024_T37_Sen_Sen_20240301_20240313_12D;PAIR_2024_T37_Sen_Sen_20241003_20241015_12D,S1A_IW_SLC__1SDV_20240301T055036_20240301T055103_052784_06632D_2D49;S1A_IW_SLC__1SDV_20240313T055036_20240313T055103_052959_066921_C7AA;S1A_IW_SLC__1SDV_20241003T055036_20241003T055103_055934_06D6B1_CA27;S1A_IW_SLC__1SDV_20241015T055037_20241015T055104_056109_06DD8D_DBEA,2024-03-01,2024-10-15,228,204,12,4,2,90,CATALOG_CANDIDATE_BURST_PENDING
2024,37,MAIN_12D_AA,3,6,PAIR_2024_T37_Sen_Sen_20240301_20240313_12D;PAIR_2024_T37_Sen_Sen_20240605_20240617_12D;PAIR_2024_T37_Sen_Sen_20241003_20241015_12D,S1A_IW_SLC__1SDV_20240301T055036_20240301T055103_052784_06632D_2D49;S1A_IW_SLC__1SDV_20240313T055036_20240313T055103_052959_066921_C7AA;S1A_IW_SLC__1SDV_20240605T055037_20240605T055104_054184_0696EA_1F05;S1A_IW_SLC__1SDV_20240617T055037_20240617T055104_054359_069CF5_D6B6;S1A_IW_SLC__1SDV_20241003T055036_20241003T055103_055934_06D6B1_CA27;S1A_IW_SLC__1SDV_20241015T055037_20241015T055104_056109_06DD8D_DBEA,2024-03-01,2024-10-15,228,108,12,6,3,135,CATALOG_CANDIDATE_BURST_PENDING
2024,37,MAIN_12D_AA,4,8,PAIR_2024_T37_Sen_Sen_20240301_20240313_12D;PAIR_2024_T37_Sen_Sen_20240605_20240617_12D;PAIR_2024_T37_Sen_Sen_20240816_20240828_12D;PAIR_2024_T37_Sen_Sen_20241003_20241015_12D,S1A_IW_SLC__1SDV_20240301T055036_20240301T055103_052784_06632D_2D49;S1A_IW_SLC__1SDV_20240313T055036_20240313T055103_052959_066921_C7AA;S1A_IW_SLC__1SDV_20240605T055037_20240605T055104_054184_0696EA_1F05;S1A_IW_SLC__1SDV_20240617T055037_20240617T055104_054359_069CF5_D6B6;S1A_IW_SLC__1SDV_20240816T055035_20240816T055102_055234_06BB9A_9DAE;S1A_IW_SLC__1SDV_20240828T055035_20240828T055103_055409_06C20E_AC19;S1A_IW_SLC__1SDV_20241003T055036_20241003T055103_055934_06D6B1_CA27;S1A_IW_SLC__1SDV_20241015T055037_20241015T055104_056109_06DD8D_DBEA,2024-03-01,2024-10-15,228,84,12,8,4,180,CATALOG_CANDIDATE_BURST_PENDING
2024,37,MAIN_12D_AA,6,12,PAIR_2024_T37_Sen_Sen_20240301_20240313_12D;PAIR_2024_T37_Sen_Sen_20240418_20240430_12D;PAIR_2024_T37_Sen_Sen_20240605_20240617_12D;PAIR_2024_T37_Sen_Sen_20240629_20240711_12D;PAIR_2024_T37_Sen_Sen_20240816_20240828_12D;PAIR_2024_T37_Sen_Sen_20241003_20241015_12D,S1A_IW_SLC__1SDV_20240301T055036_20240301T055103_052784_06632D_2D49;S1A_IW_SLC__1SDV_20240313T055036_20240313T055103_052959_066921_C7AA;S1A_IW_SLC__1SDV_20240418T055037_20240418T055105_053484_067D67_0F91;S1A_IW_SLC__1SDV_20240430T055038_20240430T055105_053659_068441_1491;S1A_IW_SLC__1SDV_20240605T055037_20240605T055104_054184_0696EA_1F05;S1A_IW_SLC__1SDV_20240617T055037_20240617T055104_054359_069CF5_D6B6;S1A_IW_SLC__1SDV_20240629T055036_20240629T055103_054534_06A308_7A65;S1A_IW_SLC__1SDV_20240711T055036_20240711T055103_054709_06A920_BC05;S1A_IW_SLC__1SDV_20240816T055035_20240816T055102_055234_06BB9A_9DAE;S1A_IW_SLC__1SDV_20240828T055035_20240828T055103_055409_06C20E_AC19;S1A_IW_SLC__1SDV_20241003T055036_20241003T055103_055934_06D6B1_CA27;S1A_IW_SLC__1SDV_20241015T055037_20241015T055104_056109_06DD8D_DBEA,2024-03-01,2024-10-15,228,36,12,12,6,270,CATALOG_CANDIDATE_BURST_PENDING
2024,37,MAIN_12D_AA,8,16,PAIR_2024_T37_Sen_Sen_20240301_20240313_12D;PAIR_2024_T37_Sen_Sen_20240325_20240406_12D;PAIR_2024_T37_Sen_Sen_20240418_20240430_12D;PAIR_2024_T37_Sen_Sen_20240512_20240524_12D;PAIR_2024_T37_Sen_Sen_20240605_20240617_12D;PAIR_2024_T37_Sen_Sen_20240629_20240711_12D;PAIR_2024_T37_Sen_Sen_20240816_20240828_12D;PAIR_2024_T37_Sen_Sen_20241003_20241015_12D,S1A_IW_SLC__1SDV_20240301T055036_20240301T055103_052784_06632D_2D49;S1A_IW_SLC__1SDV_20240313T055036_20240313T055103_052959_066921_C7AA;S1A_IW_SLC__1SDV_20240325T055036_20240325T055104_053134_066FC4_7448;S1A_IW_SLC__1SDV_20240406T055037_20240406T055104_053309_067673_98EE;S1A_IW_SLC__1SDV_20240418T055037_20240418T055105_053484_067D67_0F91;S1A_IW_SLC__1SDV_20240430T055038_20240430T055105_053659_068441_1491;S1A_IW_SLC__1SDV_20240512T055038_20240512T055105_053834_068ADC_3D7B;S1A_IW_SLC__1SDV_20240524T055038_20240524T055105_054009_0690DF_FB9B;S1A_IW_SLC__1SDV_20240605T055037_20240605T055104_054184_0696EA_1F05;S1A_IW_SLC__1SDV_20240617T055037_20240617T055104_054359_069CF5_D6B6;S1A_IW_SLC__1SDV_20240629T055036_20240629T055103_054534_06A308_7A65;S1A_IW_SLC__1SDV_20240711T055036_20240711T055103_054709_06A920_BC05;S1A_IW_SLC__1SDV_20240816T055035_20240816T055102_055234_06BB9A_9DAE;S1A_IW_SLC__1SDV_20240828T055035_20240828T055103_055409_06C20E_AC19;S1A_IW_SLC__1SDV_20241003T055036_20241003T055103_055934_06D6B1_CA27;S1A_IW_SLC__1SDV_20241015T055037_20241015T055104_056109_06DD8D_DBEA,2024-03-01,2024-10-15,228,36,12,16,8,360,CATALOG_CANDIDATE_BURST_PENDING
2024,37,MAIN_12D_AA,9,18,PAIR_2024_T37_Sen_Sen_20240301_20240313_12D;PAIR_2024_T37_Sen_Sen_20240325_20240406_12D;PAIR_2024_T37_Sen_Sen_20240418_20240430_12D;PAIR_2024_T37_Sen_Sen_20240512_20240524_12D;PAIR_2024_T37_Sen_Sen_20240605_20240617_12D;PAIR_2024_T37_Sen_Sen_20240629_20240711_12D;PAIR_2024_T37_Sen_Sen_20240816_20240828_12D;PAIR_2024_T37_Sen_Sen_20240909_20240921_12D;PAIR_2024_T37_Sen_Sen_20241003_20241015_12D,S1A_IW_SLC__1SDV_20240301T055036_20240301T055103_052784_06632D_2D49;S1A_IW_SLC__1SDV_20240313T055036_20240313T055103_052959_066921_C7AA;S1A_IW_SLC__1SDV_20240325T055036_20240325T055104_053134_066FC4_7448;S1A_IW_SLC__1SDV_20240406T055037_20240406T055104_053309_067673_98EE;S1A_IW_SLC__1SDV_20240418T055037_20240418T055105_053484_067D67_0F91;S1A_IW_SLC__1SDV_20240430T055038_20240430T055105_053659_068441_1491;S1A_IW_SLC__1SDV_20240512T055038_20240512T055105_053834_068ADC_3D7B;S1A_IW_SLC__1SDV_20240524T055038_20240524T055105_054009_0690DF_FB9B;S1A_IW_SLC__1SDV_20240605T055037_20240605T055104_054184_0696EA_1F05;S1A_IW_SLC__1SDV_20240617T055037_20240617T055104_054359_069CF5_D6B6;S1A_IW_SLC__1SDV_20240629T055036_20240629T055103_054534_06A308_7A65;S1A_IW_SLC__1SDV_20240711T055036_20240711T055103_054709_06A920_BC05;S1A_IW_SLC__1SDV_20240816T055035_20240816T055102_055234_06BB9A_9DAE;S1A_IW_SLC__1SDV_20240828T055035_20240828T055103_055409_06C20E_AC19;S1A_IW_SLC__1SDV_20240909T055036_20240909T055103_055584_06C8D7_1F74;S1A_IW_SLC__1SDV_20240921T055036_20240921T055103_055759_06CFB9_5E5A;S1A_IW_SLC__1SDV_20241003T055036_20241003T055103_055934_06D6B1_CA27;S1A_IW_SLC__1SDV_20241015T055037_20241015T055104_056109_06DD8D_DBEA,2024-03-01,2024-10-15,228,36,12,18,9,405,CATALOG_CANDIDATE_BURST_PENDING
2024,88,MAIN_12D_AA,1,2,PAIR_2024_T88_Sen_Sen_20240608_20240620_12D,S1A_IW_SLC__1SDV_20240608T172529_20240608T172556_054235_0698B9_1BE1;S1A_IW_SLC__1SDV_20240620T172528_20240620T172555_054410_069EC7_B6A4,2024-06-08,2024-06-20,12,0,12,2,1,45,CATALOG_CANDIDATE_BURST_PENDING
2024,88,MAIN_12D_AA,2,4,PAIR_2024_T88_Sen_Sen_20240304_20240316_12D;PAIR_2024_T88_Sen_Sen_20241006_20241018_12D,S1A_IW_SLC__1SDV_20240304T172528_20240304T172555_052835_0664E9_2EBF;S1A_IW_SLC__1SDV_20240316T172528_20240316T172555_053010_066AFB_0E64;S1A_IW_SLC__1SDV_20241006T172529_20241006T172556_055985_06D8A6_D3A8;S1A_IW_SLC__1SDV_20241018T172529_20241018T172556_056160_06DF92_AA18,2024-03-04,2024-10-18,228,204,12,4,2,90,CATALOG_CANDIDATE_BURST_PENDING
2024,88,MAIN_12D_AA,3,6,PAIR_2024_T88_Sen_Sen_20240304_20240316_12D;PAIR_2024_T88_Sen_Sen_20240608_20240620_12D;PAIR_2024_T88_Sen_Sen_20241006_20241018_12D,S1A_IW_SLC__1SDV_20240304T172528_20240304T172555_052835_0664E9_2EBF;S1A_IW_SLC__1SDV_20240316T172528_20240316T172555_053010_066AFB_0E64;S1A_IW_SLC__1SDV_20240608T172529_20240608T172556_054235_0698B9_1BE1;S1A_IW_SLC__1SDV_20240620T172528_20240620T172555_054410_069EC7_B6A4;S1A_IW_SLC__1SDV_20241006T172529_20241006T172556_055985_06D8A6_D3A8;S1A_IW_SLC__1SDV_20241018T172529_20241018T172556_056160_06DF92_AA18,2024-03-04,2024-10-18,228,108,12,6,3,135,CATALOG_CANDIDATE_BURST_PENDING
2024,88,MAIN_12D_AA,4,8,PAIR_2024_T88_Sen_Sen_20240304_20240316_12D;PAIR_2024_T88_Sen_Sen_20240608_20240620_12D;PAIR_2024_T88_Sen_Sen_20240726_20240807_12D;PAIR_2024_T88_Sen_Sen_20241006_20241018_12D,S1A_IW_SLC__1SDV_20240304T172528_20240304T172555_052835_0664E9_2EBF;S1A_IW_SLC__1SDV_20240316T172528_20240316T172555_053010_066AFB_0E64;S1A_IW_SLC__1SDV_20240608T172529_20240608T172556_054235_0698B9_1BE1;S1A_IW_SLC__1SDV_20240620T172528_20240620T172555_054410_069EC7_B6A4;S1A_IW_SLC__1SDV_20240726T172527_20240726T172554_054935_06B102_BDE8;S1A_IW_SLC__1SDV_20240807T172527_20240807T172554_055110_06B719_1DAB;S1A_IW_SLC__1SDV_20241006T172529_20241006T172556_055985_06D8A6_D3A8;S1A_IW_SLC__1SDV_20241018T172529_20241018T172556_056160_06DF92_AA18,2024-03-04,2024-10-18,228,84,12,8,4,180,CATALOG_CANDIDATE_BURST_PENDING
2024,88,MAIN_12D_AA,6,12,PAIR_2024_T88_Sen_Sen_20240304_20240316_12D;PAIR_2024_T88_Sen_Sen_20240421_20240503_12D;PAIR_2024_T88_Sen_Sen_20240608_20240620_12D;PAIR_2024_T88_Sen_Sen_20240726_20240807_12D;PAIR_2024_T88_Sen_Sen_20240819_20240831_12D;PAIR_2024_T88_Sen_Sen_20241006_20241018_12D,S1A_IW_SLC__1SDV_20240304T172528_20240304T172555_052835_0664E9_2EBF;S1A_IW_SLC__1SDV_20240316T172528_20240316T172555_053010_066AFB_0E64;S1A_IW_SLC__1SDV_20240421T172529_20240421T172556_053535_067F68_F7A7;S1A_IW_SLC__1SDV_20240503T172530_20240503T172557_053710_06864B_88BF;S1A_IW_SLC__1SDV_20240608T172529_20240608T172556_054235_0698B9_1BE1;S1A_IW_SLC__1SDV_20240620T172528_20240620T172555_054410_069EC7_B6A4;S1A_IW_SLC__1SDV_20240726T172527_20240726T172554_054935_06B102_BDE8;S1A_IW_SLC__1SDV_20240807T172527_20240807T172554_055110_06B719_1DAB;S1A_IW_SLC__1SDV_20240819T172527_20240819T172554_055285_06BD78_2E30;S1A_IW_SLC__1SDV_20240831T172527_20240831T172554_055460_06C3E8_C3AB;S1A_IW_SLC__1SDV_20241006T172529_20241006T172556_055985_06D8A6_D3A8;S1A_IW_SLC__1SDV_20241018T172529_20241018T172556_056160_06DF92_AA18,2024-03-04,2024-10-18,228,36,12,12,6,270,CATALOG_CANDIDATE_BURST_PENDING
2024,88,MAIN_12D_AA,8,16,PAIR_2024_T88_Sen_Sen_20240304_20240316_12D;PAIR_2024_T88_Sen_Sen_20240328_20240409_12D;PAIR_2024_T88_Sen_Sen_20240421_20240503_12D;PAIR_2024_T88_Sen_Sen_20240515_20240527_12D;PAIR_2024_T88_Sen_Sen_20240608_20240620_12D;PAIR_2024_T88_Sen_Sen_20240726_20240807_12D;PAIR_2024_T88_Sen_Sen_20240819_20240831_12D;PAIR_2024_T88_Sen_Sen_20241006_20241018_12D,S1A_IW_SLC__1SDV_20240304T172528_20240304T172555_052835_0664E9_2EBF;S1A_IW_SLC__1SDV_20240316T172528_20240316T172555_053010_066AFB_0E64;S1A_IW_SLC__1SDV_20240328T172529_20240328T172556_053185_0671AD_25A5;S1A_IW_SLC__1SDV_20240409T172528_20240409T172556_053360_067883_2904;S1A_IW_SLC__1SDV_20240421T172529_20240421T172556_053535_067F68_F7A7;S1A_IW_SLC__1SDV_20240503T172530_20240503T172557_053710_06864B_88BF;S1A_IW_SLC__1SDV_20240515T172529_20240515T172556_053885_068C95_34DB;S1A_IW_SLC__1SDV_20240527T172529_20240527T172557_054060_0692AB_3D13;S1A_IW_SLC__1SDV_20240608T172529_20240608T172556_054235_0698B9_1BE1;S1A_IW_SLC__1SDV_20240620T172528_20240620T172555_054410_069EC7_B6A4;S1A_IW_SLC__1SDV_20240726T172527_20240726T172554_054935_06B102_BDE8;S1A_IW_SLC__1SDV_20240807T172527_20240807T172554_055110_06B719_1DAB;S1A_IW_SLC__1SDV_20240819T172527_20240819T172554_055285_06BD78_2E30;S1A_IW_SLC__1SDV_20240831T172527_20240831T172554_055460_06C3E8_C3AB;S1A_IW_SLC__1SDV_20241006T172529_20241006T172556_055985_06D8A6_D3A8;S1A_IW_SLC__1SDV_20241018T172529_20241018T172556_056160_06DF92_AA18,2024-03-04,2024-10-18,228,36,12,16,8,360,CATALOG_CANDIDATE_BURST_PENDING
2024,88,MAIN_12D_AA,9,18,PAIR_2024_T88_Sen_Sen_20240304_20240316_12D;PAIR_2024_T88_Sen_Sen_20240328_20240409_12D;PAIR_2024_T88_Sen_Sen_20240421_20240503_12D;PAIR_2024_T88_Sen_Sen_20240515_20240527_12D;PAIR_2024_T88_Sen_Sen_20240608_20240620_12D;PAIR_2024_T88_Sen_Sen_20240702_20240714_12D;PAIR_2024_T88_Sen_Sen_20240726_20240807_12D;PAIR_2024_T88_Sen_Sen_20240819_20240831_12D;PAIR_2024_T88_Sen_Sen_20241006_20241018_12D,S1A_IW_SLC__1SDV_20240304T172528_20240304T172555_052835_0664E9_2EBF;S1A_IW_SLC__1SDV_20240316T172528_20240316T172555_053010_066AFB_0E64;S1A_IW_SLC__1SDV_20240328T172529_20240328T172556_053185_0671AD_25A5;S1A_IW_SLC__1SDV_20240409T172528_20240409T172556_053360_067883_2904;S1A_IW_SLC__1SDV_20240421T172529_20240421T172556_053535_067F68_F7A7;S1A_IW_SLC__1SDV_20240503T172530_20240503T172557_053710_06864B_88BF;S1A_IW_SLC__1SDV_20240515T172529_20240515T172556_053885_068C95_34DB;S1A_IW_SLC__1SDV_20240527T172529_20240527T172557_054060_0692AB_3D13;S1A_IW_SLC__1SDV_20240608T172529_20240608T172556_054235_0698B9_1BE1;S1A_IW_SLC__1SDV_20240620T172528_20240620T172555_054410_069EC7_B6A4;S1A_IW_SLC__1SDV_20240702T172527_20240702T172555_054585_06A4DE_7488;S1A_IW_SLC__1SDV_20240714T172527_20240714T172554_054760_06AAEB_F933;S1A_IW_SLC__1SDV_20240726T172527_20240726T172554_054935_06B102_BDE8;S1A_IW_SLC__1SDV_20240807T172527_20240807T172554_055110_06B719_1DAB;S1A_IW_SLC__1SDV_20240819T172527_20240819T172554_055285_06BD78_2E30;S1A_IW_SLC__1SDV_20240831T172527_20240831T172554_055460_06C3E8_C3AB;S1A_IW_SLC__1SDV_20241006T172529_20241006T172556_055985_06D8A6_D3A8;S1A_IW_SLC__1SDV_20241018T172529_20241018T172556_056160_06DF92_AA18,2024-03-04,2024-10-18,228,36,12,18,9,405,CATALOG_CANDIDATE_BURST_PENDING
2025,37,MAIN_12D_AA,1,2,PAIR_2025_T37_Sen_Sen_20250612_20250624_12D,S1A_IW_SLC__1SDV_20250612T055029_20250612T055056_059609_076695_D856;S1A_IW_SLC__1SDV_20250624T055028_20250624T055055_059784_076CA4_7676,2025-06-12,2025-06-24,12,0,12,2,1,45,CATALOG_CANDIDATE_BURST_PENDING
2025,37,MAIN_12D_AA,2,4,PAIR_2025_T37_Sen_Sen_20250308_20250320_12D;PAIR_2025_T37_Sen_Sen_20251010_20251022_12D,S1A_IW_SLC__1SDV_20250308T055029_20250308T055057_058209_073149_69F9;S1A_IW_SLC__1SDV_20250320T055030_20250320T055057_058384_07382F_EC12;S1A_IW_SLC__1SDV_20251010T055028_20251010T055055_061359_07A813_373E;S1A_IW_SLC__1SDV_20251022T055027_20251022T055054_061534_07AF1F_D45D,2025-03-08,2025-10-22,228,204,12,4,2,90,CATALOG_CANDIDATE_BURST_PENDING
2025,37,MAIN_12D_AA,3,6,PAIR_2025_T37_Sen_Sen_20250308_20250320_12D;PAIR_2025_T37_Sen_Sen_20250612_20250624_12D;PAIR_2025_T37_Sen_Sen_20251010_20251022_12D,S1A_IW_SLC__1SDV_20250308T055029_20250308T055057_058209_073149_69F9;S1A_IW_SLC__1SDV_20250320T055030_20250320T055057_058384_07382F_EC12;S1A_IW_SLC__1SDV_20250612T055029_20250612T055056_059609_076695_D856;S1A_IW_SLC__1SDV_20250624T055028_20250624T055055_059784_076CA4_7676;S1A_IW_SLC__1SDV_20251010T055028_20251010T055055_061359_07A813_373E;S1A_IW_SLC__1SDV_20251022T055027_20251022T055054_061534_07AF1F_D45D,2025-03-08,2025-10-22,228,108,12,6,3,135,CATALOG_CANDIDATE_BURST_PENDING
2025,37,MAIN_12D_AA,4,8,PAIR_2025_T37_Sen_Sen_20250308_20250320_12D;PAIR_2025_T37_Sen_Sen_20250612_20250624_12D;PAIR_2025_T37_Sen_Sen_20250823_20250904_12D;PAIR_2025_T37_Sen_Sen_20251010_20251022_12D,S1A_IW_SLC__1SDV_20250308T055029_20250308T055057_058209_073149_69F9;S1A_IW_SLC__1SDV_20250320T055030_20250320T055057_058384_07382F_EC12;S1A_IW_SLC__1SDV_20250612T055029_20250612T055056_059609_076695_D856;S1A_IW_SLC__1SDV_20250624T055028_20250624T055055_059784_076CA4_7676;S1A_IW_SLC__1SDV_20250823T055026_20250823T055054_060659_078C0E_E8E0;S1A_IW_SLC__1SDV_20250904T055026_20250904T055054_060834_0792F9_1F36;S1A_IW_SLC__1SDV_20251010T055028_20251010T055055_061359_07A813_373E;S1A_IW_SLC__1SDV_20251022T055027_20251022T055054_061534_07AF1F_D45D,2025-03-08,2025-10-22,228,84,12,8,4,180,CATALOG_CANDIDATE_BURST_PENDING
2025,37,MAIN_12D_AA,6,12,PAIR_2025_T37_Sen_Sen_20250308_20250320_12D;PAIR_2025_T37_Sen_Sen_20250425_20250507_12D;PAIR_2025_T37_Sen_Sen_20250612_20250624_12D;PAIR_2025_T37_Sen_Sen_20250706_20250718_12D;PAIR_2025_T37_Sen_Sen_20250823_20250904_12D;PAIR_2025_T37_Sen_Sen_20251010_20251022_12D,S1A_IW_SLC__1SDV_20250308T055029_20250308T055057_058209_073149_69F9;S1A_IW_SLC__1SDV_20250320T055030_20250320T055057_058384_07382F_EC12;S1A_IW_SLC__1SDV_20250425T055030_20250425T055057_058909_074D84_355A;S1A_IW_SLC__1SDV_20250507T055030_20250507T055057_059084_07547C_C15D;S1A_IW_SLC__1SDV_20250612T055029_20250612T055056_059609_076695_D856;S1A_IW_SLC__1SDV_20250624T055028_20250624T055055_059784_076CA4_7676;S1A_IW_SLC__1SDV_20250706T055027_20250706T055054_059959_0772B8_868C;S1A_IW_SLC__1SDV_20250718T055027_20250718T055054_060134_0778BE_F562;S1A_IW_SLC__1SDV_20250823T055026_20250823T055054_060659_078C0E_E8E0;S1A_IW_SLC__1SDV_20250904T055026_20250904T055054_060834_0792F9_1F36;S1A_IW_SLC__1SDV_20251010T055028_20251010T055055_061359_07A813_373E;S1A_IW_SLC__1SDV_20251022T055027_20251022T055054_061534_07AF1F_D45D,2025-03-08,2025-10-22,228,36,12,12,6,270,CATALOG_CANDIDATE_BURST_PENDING
2025,37,MAIN_12D_AA,8,16,PAIR_2025_T37_Sen_Sen_20250308_20250320_12D;PAIR_2025_T37_Sen_Sen_20250401_20250413_12D;PAIR_2025_T37_Sen_Sen_20250425_20250507_12D;PAIR_2025_T37_Sen_Sen_20250519_20250531_12D;PAIR_2025_T37_Sen_Sen_20250612_20250624_12D;PAIR_2025_T37_Sen_Sen_20250706_20250718_12D;PAIR_2025_T37_Sen_Sen_20250823_20250904_12D;PAIR_2025_T37_Sen_Sen_20251010_20251022_12D,S1A_IW_SLC__1SDV_20250308T055029_20250308T055057_058209_073149_69F9;S1A_IW_SLC__1SDV_20250320T055030_20250320T055057_058384_07382F_EC12;S1A_IW_SLC__1SDV_20250401T055030_20250401T055057_058559_073F32_AD85;S1A_IW_SLC__1SDV_20250413T055030_20250413T055057_058734_074662_9A5C;S1A_IW_SLC__1SDV_20250425T055030_20250425T055057_058909_074D84_355A;S1A_IW_SLC__1SDV_20250507T055030_20250507T055057_059084_07547C_C15D;S1A_IW_SLC__1SDV_20250519T055030_20250519T055057_059259_075A8A_7A6E;S1A_IW_SLC__1SDV_20250531T055029_20250531T055056_059434_0760A3_635F;S1A_IW_SLC__1SDV_20250612T055029_20250612T055056_059609_076695_D856;S1A_IW_SLC__1SDV_20250624T055028_20250624T055055_059784_076CA4_7676;S1A_IW_SLC__1SDV_20250706T055027_20250706T055054_059959_0772B8_868C;S1A_IW_SLC__1SDV_20250718T055027_20250718T055054_060134_0778BE_F562;S1A_IW_SLC__1SDV_20250823T055026_20250823T055054_060659_078C0E_E8E0;S1A_IW_SLC__1SDV_20250904T055026_20250904T055054_060834_0792F9_1F36;S1A_IW_SLC__1SDV_20251010T055028_20251010T055055_061359_07A813_373E;S1A_IW_SLC__1SDV_20251022T055027_20251022T055054_061534_07AF1F_D45D,2025-03-08,2025-10-22,228,36,12,16,8,360,CATALOG_CANDIDATE_BURST_PENDING
2025,37,MAIN_12D_AA,9,18,PAIR_2025_T37_Sen_Sen_20250308_20250320_12D;PAIR_2025_T37_Sen_Sen_20250401_20250413_12D;PAIR_2025_T37_Sen_Sen_20250425_20250507_12D;PAIR_2025_T37_Sen_Sen_20250519_20250531_12D;PAIR_2025_T37_Sen_Sen_20250612_20250624_12D;PAIR_2025_T37_Sen_Sen_20250706_20250718_12D;PAIR_2025_T37_Sen_Sen_20250823_20250904_12D;PAIR_2025_T37_Sen_Sen_20250916_20250928_12D;PAIR_2025_T37_Sen_Sen_20251010_20251022_12D,S1A_IW_SLC__1SDV_20250308T055029_20250308T055057_058209_073149_69F9;S1A_IW_SLC__1SDV_20250320T055030_20250320T055057_058384_07382F_EC12;S1A_IW_SLC__1SDV_20250401T055030_20250401T055057_058559_073F32_AD85;S1A_IW_SLC__1SDV_20250413T055030_20250413T055057_058734_074662_9A5C;S1A_IW_SLC__1SDV_20250425T055030_20250425T055057_058909_074D84_355A;S1A_IW_SLC__1SDV_20250507T055030_20250507T055057_059084_07547C_C15D;S1A_IW_SLC__1SDV_20250519T055030_20250519T055057_059259_075A8A_7A6E;S1A_IW_SLC__1SDV_20250531T055029_20250531T055056_059434_0760A3_635F;S1A_IW_SLC__1SDV_20250612T055029_20250612T055056_059609_076695_D856;S1A_IW_SLC__1SDV_20250624T055028_20250624T055055_059784_076CA4_7676;S1A_IW_SLC__1SDV_20250706T055027_20250706T055054_059959_0772B8_868C;S1A_IW_SLC__1SDV_20250718T055027_20250718T055054_060134_0778BE_F562;S1A_IW_SLC__1SDV_20250823T055026_20250823T055054_060659_078C0E_E8E0;S1A_IW_SLC__1SDV_20250904T055026_20250904T055054_060834_0792F9_1F36;S1A_IW_SLC__1SDV_20250916T055027_20250916T055054_061009_0799FD_ED8A;S1A_IW_SLC__1SDV_20250928T055027_20250928T055054_061184_07A103_87F2;S1A_IW_SLC__1SDV_20251010T055028_20251010T055055_061359_07A813_373E;S1A_IW_SLC__1SDV_20251022T055027_20251022T055054_061534_07AF1F_D45D,2025-03-08,2025-10-22,228,36,12,18,9,405,CATALOG_CANDIDATE_BURST_PENDING
2025,88,MAIN_12D_AA,1,2,PAIR_2025_T88_Sen_Sen_20250615_20250627_12D,S1A_IW_SLC__1SDV_20250615T172520_20250615T172547_059660_07685E_1BD0;S1A_IW_SLC__1SDV_20250627T172520_20250627T172547_059835_076E75_3EEF,2025-06-15,2025-06-27,12,0,12,2,1,45,CATALOG_CANDIDATE_BURST_PENDING
2025,88,MAIN_12D_AA,2,4,PAIR_2025_T88_Sen_Sen_20250311_20250323_12D;PAIR_2025_T88_Sen_Sen_20251013_20251025_12D,S1A_IW_SLC__1SDV_20250311T172521_20250311T172548_058260_07334B_2EFE;S1A_IW_SLC__1SDV_20250323T172522_20250323T172549_058435_073A34_4DAE;S1A_IW_SLC__1SDV_20251013T172519_20251013T172546_061410_07AA25_F8C1;S1A_IW_SLC__1SDV_20251025T172519_20251025T172546_061585_07B12B_E8D7,2025-03-11,2025-10-25,228,204,12,4,2,90,CATALOG_CANDIDATE_BURST_PENDING
2025,88,MAIN_12D_AA,3,6,PAIR_2025_T88_Sen_Sen_20250311_20250323_12D;PAIR_2025_T88_Sen_Sen_20250615_20250627_12D;PAIR_2025_T88_Sen_Sen_20251013_20251025_12D,S1A_IW_SLC__1SDV_20250311T172521_20250311T172548_058260_07334B_2EFE;S1A_IW_SLC__1SDV_20250323T172522_20250323T172549_058435_073A34_4DAE;S1A_IW_SLC__1SDV_20250615T172520_20250615T172547_059660_07685E_1BD0;S1A_IW_SLC__1SDV_20250627T172520_20250627T172547_059835_076E75_3EEF;S1A_IW_SLC__1SDV_20251013T172519_20251013T172546_061410_07AA25_F8C1;S1A_IW_SLC__1SDV_20251025T172519_20251025T172546_061585_07B12B_E8D7,2025-03-11,2025-10-25,228,108,12,6,3,135,CATALOG_CANDIDATE_BURST_PENDING
2025,88,MAIN_12D_AA,4,8,PAIR_2025_T88_Sen_Sen_20250311_20250323_12D;PAIR_2025_T88_Sen_Sen_20250615_20250627_12D;PAIR_2025_T88_Sen_Sen_20250802_20250814_12D;PAIR_2025_T88_Sen_Sen_20251013_20251025_12D,S1A_IW_SLC__1SDV_20250311T172521_20250311T172548_058260_07334B_2EFE;S1A_IW_SLC__1SDV_20250323T172522_20250323T172549_058435_073A34_4DAE;S1A_IW_SLC__1SDV_20250615T172520_20250615T172547_059660_07685E_1BD0;S1A_IW_SLC__1SDV_20250627T172520_20250627T172547_059835_076E75_3EEF;S1A_IW_SLC__1SDV_20250802T172518_20250802T172545_060360_07808C_6692;S1A_IW_SLC__1SDV_20250814T172518_20250814T172545_060535_07872E_D556;S1A_IW_SLC__1SDV_20251013T172519_20251013T172546_061410_07AA25_F8C1;S1A_IW_SLC__1SDV_20251025T172519_20251025T172546_061585_07B12B_E8D7,2025-03-11,2025-10-25,228,84,12,8,4,180,CATALOG_CANDIDATE_BURST_PENDING
2025,88,MAIN_12D_AA,6,12,PAIR_2025_T88_Sen_Sen_20250311_20250323_12D;PAIR_2025_T88_Sen_Sen_20250428_20250510_12D;PAIR_2025_T88_Sen_Sen_20250615_20250627_12D;PAIR_2025_T88_Sen_Sen_20250802_20250814_12D;PAIR_2025_T88_Sen_Sen_20250826_20250907_12D;PAIR_2025_T88_Sen_Sen_20251013_20251025_12D,S1A_IW_SLC__1SDV_20250311T172521_20250311T172548_058260_07334B_2EFE;S1A_IW_SLC__1SDV_20250323T172522_20250323T172549_058435_073A34_4DAE;S1A_IW_SLC__1SDV_20250428T172522_20250428T172549_058960_074FA0_A345;S1A_IW_SLC__1SDV_20250510T172522_20250510T172549_059135_07564A_E5E1;S1A_IW_SLC__1SDV_20250615T172520_20250615T172547_059660_07685E_1BD0;S1A_IW_SLC__1SDV_20250627T172520_20250627T172547_059835_076E75_3EEF;S1A_IW_SLC__1SDV_20250802T172518_20250802T172545_060360_07808C_6692;S1A_IW_SLC__1SDV_20250814T172518_20250814T172545_060535_07872E_D556;S1A_IW_SLC__1SDV_20250826T172518_20250826T172545_060710_078E13_2A33;S1A_IW_SLC__1SDV_20250907T172519_20250907T172546_060885_079505_AAFF;S1A_IW_SLC__1SDV_20251013T172519_20251013T172546_061410_07AA25_F8C1;S1A_IW_SLC__1SDV_20251025T172519_20251025T172546_061585_07B12B_E8D7,2025-03-11,2025-10-25,228,36,12,12,6,270,CATALOG_CANDIDATE_BURST_PENDING
2025,88,MAIN_12D_AA,8,16,PAIR_2025_T88_Sen_Sen_20250311_20250323_12D;PAIR_2025_T88_Sen_Sen_20250404_20250416_12D;PAIR_2025_T88_Sen_Sen_20250428_20250510_12D;PAIR_2025_T88_Sen_Sen_20250522_20250603_12D;PAIR_2025_T88_Sen_Sen_20250615_20250627_12D;PAIR_2025_T88_Sen_Sen_20250802_20250814_12D;PAIR_2025_T88_Sen_Sen_20250826_20250907_12D;PAIR_2025_T88_Sen_Sen_20251013_20251025_12D,S1A_IW_SLC__1SDV_20250311T172521_20250311T172548_058260_07334B_2EFE;S1A_IW_SLC__1SDV_20250323T172522_20250323T172549_058435_073A34_4DAE;S1A_IW_SLC__1SDV_20250404T172522_20250404T172549_058610_07414D_CEDC;S1A_IW_SLC__1SDV_20250416T172522_20250416T172549_058785_074873_78D6;S1A_IW_SLC__1SDV_20250428T172522_20250428T172549_058960_074FA0_A345;S1A_IW_SLC__1SDV_20250510T172522_20250510T172549_059135_07564A_E5E1;S1A_IW_SLC__1SDV_20250522T172521_20250522T172548_059310_075C59_77A8;S1A_IW_SLC__1SDV_20250603T172521_20250603T172548_059485_07626B_8768;S1A_IW_SLC__1SDV_20250615T172520_20250615T172547_059660_07685E_1BD0;S1A_IW_SLC__1SDV_20250627T172520_20250627T172547_059835_076E75_3EEF;S1A_IW_SLC__1SDV_20250802T172518_20250802T172545_060360_07808C_6692;S1A_IW_SLC__1SDV_20250814T172518_20250814T172545_060535_07872E_D556;S1A_IW_SLC__1SDV_20250826T172518_20250826T172545_060710_078E13_2A33;S1A_IW_SLC__1SDV_20250907T172519_20250907T172546_060885_079505_AAFF;S1A_IW_SLC__1SDV_20251013T172519_20251013T172546_061410_07AA25_F8C1;S1A_IW_SLC__1SDV_20251025T172519_20251025T172546_061585_07B12B_E8D7,2025-03-11,2025-10-25,228,36,12,16,8,360,CATALOG_CANDIDATE_BURST_PENDING
2025,88,MAIN_12D_AA,9,18,PAIR_2025_T88_Sen_Sen_20250311_20250323_12D;PAIR_2025_T88_Sen_Sen_20250404_20250416_12D;PAIR_2025_T88_Sen_Sen_20250428_20250510_12D;PAIR_2025_T88_Sen_Sen_20250522_20250603_12D;PAIR_2025_T88_Sen_Sen_20250615_20250627_12D;PAIR_2025_T88_Sen_Sen_20250709_20250721_12D;PAIR_2025_T88_Sen_Sen_20250802_20250814_12D;PAIR_2025_T88_Sen_Sen_20250826_20250907_12D;PAIR_2025_T88_Sen_Sen_20251013_20251025_12D,S1A_IW_SLC__1SDV_20250311T172521_20250311T172548_058260_07334B_2EFE;S1A_IW_SLC__1SDV_20250323T172522_20250323T172549_058435_073A34_4DAE;S1A_IW_SLC__1SDV_20250404T172522_20250404T172549_058610_07414D_CEDC;S1A_IW_SLC__1SDV_20250416T172522_20250416T172549_058785_074873_78D6;S1A_IW_SLC__1SDV_20250428T172522_20250428T172549_058960_074FA0_A345;S1A_IW_SLC__1SDV_20250510T172522_20250510T172549_059135_07564A_E5E1;S1A_IW_SLC__1SDV_20250522T172521_20250522T172548_059310_075C59_77A8;S1A_IW_SLC__1SDV_20250603T172521_20250603T172548_059485_07626B_8768;S1A_IW_SLC__1SDV_20250615T172520_20250615T172547_059660_07685E_1BD0;S1A_IW_SLC__1SDV_20250627T172520_20250627T172547_059835_076E75_3EEF;S1A_IW_SLC__1SDV_20250709T172519_20250709T172546_060010_077485_F465;S1A_IW_SLC__1SDV_20250721T172518_20250721T172545_060185_077A86_166F;S1A_IW_SLC__1SDV_20250802T172518_20250802T172545_060360_07808C_6692;S1A_IW_SLC__1SDV_20250814T172518_20250814T172545_060535_07872E_D556;S1A_IW_SLC__1SDV_20250826T172518_20250826T172545_060710_078E13_2A33;S1A_IW_SLC__1SDV_20250907T172519_20250907T172546_060885_079505_AAFF;S1A_IW_SLC__1SDV_20251013T172519_20251013T172546_061410_07AA25_F8C1;S1A_IW_SLC__1SDV_20251025T172519_20251025T172546_061585_07B12B_E8D7,2025-03-11,2025-10-25,228,36,12,18,9,405,CATALOG_CANDIDATE_BURST_PENDING
