year,track,M,learner,variant,BA_O2,BA_O3,dC,lo,hi
2024,37,1,LR,primary,0.39710802788147287,0.4213147103731498,0.024206682491676956,0.009072959029717522,0.0401245514207172
2024,37,1,RF,primary,0.36549566785547377,0.37328096439321384,0.007785296537740072,0.0030241339896154213,0.012346293435689276
2024,37,2,LR,primary,0.47132834049429106,0.5119552957270173,0.04062695523272619,0.029415627808997077,0.052108982014245395
2024,37,2,RF,primary,0.4108696532366801,0.4215250437786803,0.010655390542000154,0.002669925765291302,0.018552556918135284
2024,37,4,LR,primary,0.6589065638579764,0.6864983821770101,0.02759181831903368,0.01625793814749658,0.03892988482449845
2024,37,4,RF,primary,0.6255529498765899,0.6293014804834386,0.0037485306068486546,-0.0077642322542740005,0.015376147833834501
2024,37,9,LR,primary,0.7480004751835189,0.7618584764731138,0.013858001289594912,0.0035808844301925104,0.024753647175780383
2024,37,9,RF,primary,0.675374229458856,0.6733124017707411,-0.0020618276881148034,-0.008814983287690448,0.004178973488628717
2024,88,1,LR,primary,0.41248226005792477,0.4326679824076151,0.02018572234969035,0.008627622257036092,0.03257922187106097
2024,88,1,RF,primary,0.34775996697120093,0.3510237988334563,0.003263831862255373,-0.0033375733473971865,0.009542147658404195
2024,88,2,LR,primary,0.4588168645941308,0.47080351614693194,0.011986651552801153,0.001380502975841666,0.023241466290695935
2024,88,2,RF,primary,0.3890445808326118,0.39880664376225594,0.009762062929644155,0.0032516369707961206,0.016506832778784324
2024,88,4,LR,primary,0.6405997681079978,0.6563405819035394,0.015740813795541597,0.004171299931058539,0.027071590317300814
2024,88,4,RF,primary,0.5830000575194981,0.5897859289194847,0.006785871399986543,-0.002955980042271186,0.0157729328124107
2024,88,9,LR,primary,0.7254491608286721,0.7352827345236878,0.009833573695015696,-0.0011024682719539686,0.021234067434480964
2024,88,9,RF,primary,0.6639790777583235,0.662427575841379,-0.001551501916944531,-0.010520960423301418,0.0076178492161703805
2025,37,1,LR,primary,0.5652689674887289,0.5667009287475226,0.0014319612587937458,-0.006652068732629665,0.010178107075341822
2025,37,1,RF,primary,0.5328001627442499,0.5248962066366686,-0.007903956107581322,-0.013257674850843896,-0.0029344520022216106
2025,37,2,HGB,buffer0,0.4230623346417684,0.46047489693819854,0.03741256229643014,0.02472026780010483,0.049297315480595204
2025,37,2,HGB,other8,0.4004766530606791,0.4278030140591313,0.027326360998452204,0.01615414119871008,0.03780318650855369
2025,37,2,HGB,permissive,0.4311311406795829,0.46065995699860807,0.029528816319025153,0.01880713336879209,0.039341565057274895
2025,37,2,LR,primary,0.48512780450332393,0.5161736939565611,0.031045889453237163,0.019109069772436184,0.0433979594403197
2025,37,2,RF,primary,0.4012865049398663,0.43020151583074784,0.028915010890881554,0.01991810737842888,0.038447665562824085
2025,37,4,LR,primary,0.7407457299512415,0.7615209863384887,0.0207752563872472,0.011987109356676098,0.029303565758531075
2025,37,4,RF,primary,0.6967135995170598,0.7097984724215298,0.013084872904470024,0.004550325256737075,0.02141978330170805
2025,37,9,HGB,buffer0,0.8445760073287322,0.849006870289833,0.004430862961100845,-0.0008216258391031267,0.00994583441744706
2025,37,9,HGB,other8,0.7942034799474772,0.8024242880541717,0.008220808106694455,0.0023806054724473057,0.013999100637952483
2025,37,9,HGB,permissive,0.8276557398010089,0.825123762215387,-0.0025319775856219584,-0.007239769946788444,0.0017081869932103419
2025,37,9,LR,primary,0.8471518134550372,0.8532239014953067,0.0060720880402694855,-0.0007446723609952993,0.012890346612601382
2025,37,9,RF,primary,0.7975054817535437,0.794958467025036,-0.0025470147285077127,-0.006307681907063337,0.0011823112250390726
2025,88,1,LR,primary,0.5077415635319221,0.5127933694621895,0.005051805930267328,-0.0033735251395840813,0.013416123723146245
2025,88,1,RF,primary,0.4712037318881364,0.47131729850723014,0.00011356661909373011,-0.00623355385336412,0.006084645232079118
2025,88,2,HGB,buffer0,0.4519858979882005,0.47582267677980367,0.023836778791603175,0.014147613845756937,0.03445650589495873
2025,88,2,HGB,other8,0.42485621807314033,0.4379925459186312,0.013136327845490847,0.0041325039299277,0.022106297464780805
2025,88,2,HGB,permissive,0.45209378606975187,0.4769526578874607,0.02485887181770885,0.012804185257152212,0.03740705443424322
2025,88,2,LR,primary,0.4988799413390411,0.5301547712491718,0.03127482991013064,0.017256145021689068,0.044188082994163366
2025,88,2,RF,primary,0.43280028205145493,0.43875411273717546,0.005953830685720529,-0.0025148128493072035,0.014567559638248002
2025,88,4,LR,primary,0.7332601681302463,0.7472138704006436,0.013953702270397272,0.00517914064663281,0.0225943357198783
2025,88,4,RF,primary,0.7112682896336688,0.7121122401689544,0.0008439505352855203,-0.006841568544772627,0.008910597993901457
2025,88,9,HGB,buffer0,0.8482970362760602,0.8482961905050773,-8.457709829157167e-07,-0.005019727273738775,0.005133865593502491
2025,88,9,HGB,other8,0.8066745095267609,0.8065382989241796,-0.00013621060258128814,-0.006994264845145437,0.005597614726785832
2025,88,9,HGB,permissive,0.8316470505845596,0.8338431549599695,0.0021961043754099574,-0.002351663300593687,0.006979660718663532
2025,88,9,LR,primary,0.835765502221394,0.832280532703992,-0.003484969517401959,-0.008699596263368747,0.0015074816928306817
2025,88,9,RF,primary,0.805435416671103,0.8034643468802599,-0.0019710697908430497,-0.00759636622067505,0.0033337847662203647
2025,37,1,HGB,pure_px>=4,0.5536253417480194,0.5483743029449633,-0.005251038803056107,-0.015004468821745118,0.003930160258928612
2025,37,2,HGB,pure_px>=4,0.4343391027165103,0.4749081361419081,0.040569033425397805,0.03007810619644084,0.05078243653498073
2025,37,3,HGB,pure_px>=4,0.7225025365542654,0.7460190581960442,0.023516521641778754,0.011047285177441375,0.03572377337955124
2025,37,4,HGB,pure_px>=4,0.7610214212695402,0.7737351515372985,0.01271373026775835,0.001478805744653311,0.02346880812321433
2025,37,6,HGB,pure_px>=4,0.8440853840680279,0.8461506875613504,0.0020653034933224568,-0.005173577045676734,0.009092084827570724
2025,37,8,HGB,pure_px>=4,0.8587296405177451,0.8597297746185879,0.0010001341008427644,-0.005507258039087054,0.00750362577004535
2025,37,9,HGB,pure_px>=4,0.858479043263029,0.8624404572922798,0.003961414029250765,-0.0010558868009424432,0.00868152865233037
2025,88,1,HGB,pure_px>=4,0.49533626762251787,0.5053727627502977,0.010036495127779876,-0.001352628271391784,0.020708072911359905
2025,88,2,HGB,pure_px>=4,0.4643717899075536,0.49169623035158777,0.027324440444034148,0.014331921985548102,0.04006151430724002
2025,88,3,HGB,pure_px>=4,0.6994046751986023,0.7148932502022766,0.015488575003674288,0.003577555901038615,0.027614832589133005
2025,88,4,HGB,pure_px>=4,0.7726727631291558,0.7764995200187713,0.0038267568896155346,-0.006787513531554159,0.01419240557261679
2025,88,6,HGB,pure_px>=4,0.8280777908849059,0.8296292700883274,0.0015514792034215796,-0.005844372424209088,0.00935972714742858
2025,88,8,HGB,pure_px>=4,0.8491917210997545,0.8510249880197918,0.0018332669200372687,-0.0034347247556845983,0.006986604741927633
2025,88,9,HGB,pure_px>=4,0.8553818569336545,0.8598680708968851,0.0044862139632305675,-0.0009740178000525539,0.01060108592843024
2024,37,1,HGB,pure_px>=4,0.38340748298305904,0.39699470758118194,0.013587224598122893,0.002401666925380841,0.02503065255499483
2024,37,2,HGB,pure_px>=4,0.4509673578273009,0.47869487031143143,0.027727512484130523,0.01509846708427788,0.04100118620365566
2024,37,3,HGB,pure_px>=4,0.6004414844482256,0.6368411759360617,0.03639969148783606,0.018899733279012627,0.052534218212891615
2024,37,4,HGB,pure_px>=4,0.6891637690521468,0.7127796936511507,0.023615924599003857,0.007232581331360877,0.04045504431507181
2024,37,6,HGB,pure_px>=4,0.7722124810373738,0.7752170032539871,0.0030045222166132923,-0.0076694547866323765,0.01309561479645718
2024,37,8,HGB,pure_px>=4,0.7829461018230337,0.7855307736981131,0.0025846718750793807,-0.006837234840406598,0.012075483578143642
2024,37,9,HGB,pure_px>=4,0.7832726904098436,0.7864195152052312,0.003146824795387637,-0.005095932689971041,0.011438041597761074
2024,88,1,HGB,pure_px>=4,0.3712012715865999,0.38461733365207834,0.013416062065478462,0.0030589929083878475,0.024315583548734632
2024,88,2,HGB,pure_px>=4,0.42860023116619095,0.4459663379030144,0.017366106736823428,0.004243932165870034,0.03161204462659336
2024,88,3,HGB,pure_px>=4,0.5789124835331492,0.6037663891614516,0.024853905628302475,0.011227350442317041,0.03648247483068707
2024,88,4,HGB,pure_px>=4,0.6494836029858098,0.6768529177737089,0.02736931478789917,0.013622991357271208,0.04213387033692092
2024,88,6,HGB,pure_px>=4,0.7351472460665375,0.7382203240865505,0.003073078020012998,-0.006286695473665227,0.012875801203575793
2024,88,8,HGB,pure_px>=4,0.7556283246194472,0.7581922916291823,0.0025639670097351575,-0.0052282610514055635,0.009962563785838355
2024,88,9,HGB,pure_px>=4,0.7670175314243256,0.7698669822776043,0.002849450853278701,-0.004991509816890463,0.010370158029026758
