site,class,parcels,eligible_proxy,area_km2
twente,Beet,427,235,10.7
twente,Maize,9461,3959,165.0
twente,Other,57304,828,90.1
twente,PermGrass,43866,11014,535.1
twente,Potato,881,504,22.8
twente,SpringCereal,630,210,9.7
twente,TempGrass,9216,3127,131.2
twente,WinterCereal,472,205,8.8
flevoland,Beet,1006,853,58.4
flevoland,Maize,1394,595,33.9
flevoland,Other,39981,3033,225.1
flevoland,PermGrass,12193,1897,125.2
flevoland,Potato,1927,1550,111.2
flevoland,SpringCereal,373,269,18.1
flevoland,TempGrass,3938,1043,72.4
flevoland,WinterCereal,1282,1069,81.0
groningen_drenthe,Beet,2193,1698,122.6
groningen_drenthe,Maize,2235,1144,70.6
groningen_drenthe,Other,56038,1911,181.7
groningen_drenthe,PermGrass,10475,2193,135.9
groningen_drenthe,Potato,4173,3092,221.7
groningen_drenthe,SpringCereal,2549,1361,95.0
groningen_drenthe,TempGrass,5577,1409,81.5
groningen_drenthe,WinterCereal,322,182,11.8
brabant_east,Beet,1000,647,31.4
brabant_east,Maize,10696,4099,186.4
brabant_east,Other,45864,2889,204.5
brabant_east,PermGrass,16068,2155,131.7
brabant_east,Potato,1978,1248,60.8
brabant_east,SpringCereal,267,100,4.7
brabant_east,TempGrass,9257,2565,121.4
brabant_east,WinterCereal,305,141,6.5
