holdout,buffer_km,seed,learner,representation,source_track,target_track,oa,ba
north_holdout_5km_buffer,5.0,17,RF,I28,t15,t37,73.125,68.84649941973065
north_holdout_5km_buffer,5.0,17,RF,I28,t15,t88,73.95833333333334,70.88750311478493
north_holdout_5km_buffer,5.0,17,RF,I28,t15,t139,75.77083333333333,70.14598086747026
north_holdout_5km_buffer,5.0,17,RF,I28,t37,t15,69.85416666666666,67.9445964345726
north_holdout_5km_buffer,5.0,17,RF,I28,t37,t88,70.10416666666667,71.876007666156
north_holdout_5km_buffer,5.0,17,RF,I28,t37,t139,74.08333333333333,70.99537234847277
north_holdout_5km_buffer,5.0,17,RF,I28,t88,t15,68.89583333333333,61.67534654321681
north_holdout_5km_buffer,5.0,17,RF,I28,t88,t37,66.1875,61.59135125526838
north_holdout_5km_buffer,5.0,17,RF,I28,t88,t139,67.41666666666667,67.19102908914512
north_holdout_5km_buffer,5.0,17,RF,I28,t139,t15,66.22916666666666,60.282668734698476
north_holdout_5km_buffer,5.0,17,RF,I28,t139,t37,70.625,54.42961061044074
north_holdout_5km_buffer,5.0,17,RF,I28,t139,t88,63.979166666666664,58.994330188785035
north_holdout_5km_buffer,5.0,17,RF,I28_G29,t15,t37,75.79166666666667,73.6972332806879
north_holdout_5km_buffer,5.0,17,RF,I28_G29,t15,t88,77.375,79.00285848393635
north_holdout_5km_buffer,5.0,17,RF,I28_G29,t15,t139,77.39583333333333,73.83440753001386
north_holdout_5km_buffer,5.0,17,RF,I28_G29,t37,t15,72.41666666666666,72.87334673858436
north_holdout_5km_buffer,5.0,17,RF,I28_G29,t37,t88,73.625,78.53943713477926
north_holdout_5km_buffer,5.0,17,RF,I28_G29,t37,t139,75.70833333333333,75.24729529675993
north_holdout_5km_buffer,5.0,17,RF,I28_G29,t88,t15,70.77083333333334,68.1473567501199
north_holdout_5km_buffer,5.0,17,RF,I28_G29,t88,t37,69.72916666666666,67.71458191663248
north_holdout_5km_buffer,5.0,17,RF,I28_G29,t88,t139,69.625,71.53155902124342
north_holdout_5km_buffer,5.0,17,RF,I28_G29,t139,t15,69.1875,63.53933439115983
north_holdout_5km_buffer,5.0,17,RF,I28_G29,t139,t37,74.5,62.7695779752307
north_holdout_5km_buffer,5.0,17,RF,I28_G29,t139,t88,68.89583333333333,66.92290095088708
north_holdout_5km_buffer,5.0,17,SVC,I28,t15,t37,74.64583333333333,64.87291522463889
north_holdout_5km_buffer,5.0,17,SVC,I28,t15,t88,75.08333333333333,71.32619280531031
north_holdout_5km_buffer,5.0,17,SVC,I28,t15,t139,78.77083333333333,71.30168592539283
north_holdout_5km_buffer,5.0,17,SVC,I28,t37,t15,72.6875,66.66379732484147
north_holdout_5km_buffer,5.0,17,SVC,I28,t37,t88,71.8125,70.71097272530434
north_holdout_5km_buffer,5.0,17,SVC,I28,t37,t139,76.97916666666667,71.47235248750265
north_holdout_5km_buffer,5.0,17,SVC,I28,t88,t15,71.66666666666667,61.41543864492724
north_holdout_5km_buffer,5.0,17,SVC,I28,t88,t37,70.75,63.07317230969524
north_holdout_5km_buffer,5.0,17,SVC,I28,t88,t139,73.04166666666667,69.82012314462669
north_holdout_5km_buffer,5.0,17,SVC,I28,t139,t15,70.64583333333333,55.32021224881633
north_holdout_5km_buffer,5.0,17,SVC,I28,t139,t37,73.66666666666667,51.80103580774003
north_holdout_5km_buffer,5.0,17,SVC,I28,t139,t88,68.27083333333334,56.73269624368334
north_holdout_5km_buffer,5.0,17,SVC,I28_G29,t15,t37,78.27083333333333,76.51451052775717
north_holdout_5km_buffer,5.0,17,SVC,I28_G29,t15,t88,78.89583333333333,79.23267168523613
north_holdout_5km_buffer,5.0,17,SVC,I28_G29,t15,t139,80.625,76.28863777791291
north_holdout_5km_buffer,5.0,17,SVC,I28_G29,t37,t15,76.29166666666667,73.49784367730112
north_holdout_5km_buffer,5.0,17,SVC,I28_G29,t37,t88,75.54166666666666,78.34769902237556
north_holdout_5km_buffer,5.0,17,SVC,I28_G29,t37,t139,79.0625,76.57023311834118
north_holdout_5km_buffer,5.0,17,SVC,I28_G29,t88,t15,74.72916666666667,73.61367898567886
north_holdout_5km_buffer,5.0,17,SVC,I28_G29,t88,t37,73.83333333333333,68.37691616592836
north_holdout_5km_buffer,5.0,17,SVC,I28_G29,t88,t139,75.27083333333333,76.18153863809628
north_holdout_5km_buffer,5.0,17,SVC,I28_G29,t139,t15,73.14583333333333,62.523542528343846
north_holdout_5km_buffer,5.0,17,SVC,I28_G29,t139,t37,76.625,59.858522767655906
north_holdout_5km_buffer,5.0,17,SVC,I28_G29,t139,t88,71.14583333333333,70.6608895053372
north_holdout_5km_buffer,5.0,29,RF,I28,t15,t37,72.83333333333334,65.7681855227681
north_holdout_5km_buffer,5.0,29,RF,I28,t15,t88,74.0,70.23342378022555
north_holdout_5km_buffer,5.0,29,RF,I28,t15,t139,75.75,68.95777333039297
north_holdout_5km_buffer,5.0,29,RF,I28,t37,t15,70.02083333333333,66.09953477955123
north_holdout_5km_buffer,5.0,29,RF,I28,t37,t88,69.9375,70.63219100728736
north_holdout_5km_buffer,5.0,29,RF,I28,t37,t139,74.125,70.69922806143715
north_holdout_5km_buffer,5.0,29,RF,I28,t88,t15,68.8125,62.40948199237726
north_holdout_5km_buffer,5.0,29,RF,I28,t88,t37,66.20833333333334,60.70278281449786
north_holdout_5km_buffer,5.0,29,RF,I28,t88,t139,66.97916666666667,67.65318519688132
north_holdout_5km_buffer,5.0,29,RF,I28,t139,t15,65.52083333333333,57.12258566119199
north_holdout_5km_buffer,5.0,29,RF,I28,t139,t37,70.20833333333333,56.768466580210294
north_holdout_5km_buffer,5.0,29,RF,I28,t139,t88,63.916666666666664,60.48277585489472
north_holdout_5km_buffer,5.0,29,RF,I28_G29,t15,t37,75.89583333333333,74.59448709814878
north_holdout_5km_buffer,5.0,29,RF,I28_G29,t15,t88,77.02083333333334,74.54520271813178
north_holdout_5km_buffer,5.0,29,RF,I28_G29,t15,t139,77.02083333333334,71.69377130854878
north_holdout_5km_buffer,5.0,29,RF,I28_G29,t37,t15,72.375,72.34140730484053
north_holdout_5km_buffer,5.0,29,RF,I28_G29,t37,t88,73.29166666666667,77.2626724498046
north_holdout_5km_buffer,5.0,29,RF,I28_G29,t37,t139,75.8125,74.27688112044027
north_holdout_5km_buffer,5.0,29,RF,I28_G29,t88,t15,70.91666666666666,68.45302620287868
north_holdout_5km_buffer,5.0,29,RF,I28_G29,t88,t37,69.47916666666667,68.19036142731508
north_holdout_5km_buffer,5.0,29,RF,I28_G29,t88,t139,68.625,72.78129046710886
north_holdout_5km_buffer,5.0,29,RF,I28_G29,t139,t15,68.66666666666667,63.62194777066611
north_holdout_5km_buffer,5.0,29,RF,I28_G29,t139,t37,73.6875,63.401079129870894
north_holdout_5km_buffer,5.0,29,RF,I28_G29,t139,t88,67.70833333333334,65.25423336748308
north_holdout_5km_buffer,5.0,29,SVC,I28,t15,t37,74.70833333333333,64.16129826658079
north_holdout_5km_buffer,5.0,29,SVC,I28,t15,t88,74.58333333333333,68.8785224707115
north_holdout_5km_buffer,5.0,29,SVC,I28,t15,t139,78.3125,70.30023912220472
north_holdout_5km_buffer,5.0,29,SVC,I28,t37,t15,72.79166666666667,64.34855771401209
north_holdout_5km_buffer,5.0,29,SVC,I28,t37,t88,71.54166666666667,67.6454196523477
north_holdout_5km_buffer,5.0,29,SVC,I28,t37,t139,76.8125,70.828741096081
north_holdout_5km_buffer,5.0,29,SVC,I28,t88,t15,71.1875,60.21552372077066
north_holdout_5km_buffer,5.0,29,SVC,I28,t88,t37,69.85416666666666,59.58067497786141
north_holdout_5km_buffer,5.0,29,SVC,I28,t88,t139,72.27083333333333,68.02236895591717
north_holdout_5km_buffer,5.0,29,SVC,I28,t139,t15,70.20833333333333,54.262137707104365
north_holdout_5km_buffer,5.0,29,SVC,I28,t139,t37,72.875,51.858121120066315
north_holdout_5km_buffer,5.0,29,SVC,I28,t139,t88,67.79166666666666,55.156943673889735
north_holdout_5km_buffer,5.0,29,SVC,I28_G29,t15,t37,78.10416666666666,75.10992303208013
north_holdout_5km_buffer,5.0,29,SVC,I28_G29,t15,t88,78.375,76.18043287049254
north_holdout_5km_buffer,5.0,29,SVC,I28_G29,t15,t139,80.22916666666666,75.30987810664008
north_holdout_5km_buffer,5.0,29,SVC,I28_G29,t37,t15,75.85416666666667,73.01714892263631
north_holdout_5km_buffer,5.0,29,SVC,I28_G29,t37,t88,75.27083333333333,74.67716591996263
north_holdout_5km_buffer,5.0,29,SVC,I28_G29,t37,t139,78.27083333333333,76.71054610080496
north_holdout_5km_buffer,5.0,29,SVC,I28_G29,t88,t15,73.70833333333333,68.57450011848181
north_holdout_5km_buffer,5.0,29,SVC,I28_G29,t88,t37,72.79166666666667,67.63237877874812
north_holdout_5km_buffer,5.0,29,SVC,I28_G29,t88,t139,74.41666666666666,75.34977407908322
north_holdout_5km_buffer,5.0,29,SVC,I28_G29,t139,t15,72.6875,62.48675549272379
north_holdout_5km_buffer,5.0,29,SVC,I28_G29,t139,t37,76.52083333333334,61.20587030525898
north_holdout_5km_buffer,5.0,29,SVC,I28_G29,t139,t88,70.875,66.14579975062665
north_holdout_5km_buffer,5.0,43,RF,I28,t15,t37,73.85416666666667,67.4118249682352
north_holdout_5km_buffer,5.0,43,RF,I28,t15,t88,74.70833333333333,71.32094073525612
north_holdout_5km_buffer,5.0,43,RF,I28,t15,t139,77.1875,70.1760067500614
north_holdout_5km_buffer,5.0,43,RF,I28,t37,t15,69.70833333333334,70.15840871747764
north_holdout_5km_buffer,5.0,43,RF,I28,t37,t88,70.8125,71.98642249058474
north_holdout_5km_buffer,5.0,43,RF,I28,t37,t139,74.72916666666667,71.64871340598206
north_holdout_5km_buffer,5.0,43,RF,I28,t88,t15,69.20833333333334,62.88459738739321
north_holdout_5km_buffer,5.0,43,RF,I28,t88,t37,67.16666666666666,63.86305678645024
north_holdout_5km_buffer,5.0,43,RF,I28,t88,t139,68.58333333333333,67.99875868216135
north_holdout_5km_buffer,5.0,43,RF,I28,t139,t15,65.14583333333334,58.27253142656593
north_holdout_5km_buffer,5.0,43,RF,I28,t139,t37,70.9375,59.93339552144425
north_holdout_5km_buffer,5.0,43,RF,I28,t139,t88,65.125,62.94212810219897
north_holdout_5km_buffer,5.0,43,RF,I28_G29,t15,t37,76.64583333333333,75.18556131713962
north_holdout_5km_buffer,5.0,43,RF,I28_G29,t15,t88,77.66666666666666,77.90482910771743
north_holdout_5km_buffer,5.0,43,RF,I28_G29,t15,t139,78.33333333333333,74.31282146692276
north_holdout_5km_buffer,5.0,43,RF,I28_G29,t37,t15,72.625,74.41784336812529
north_holdout_5km_buffer,5.0,43,RF,I28_G29,t37,t88,73.60416666666667,76.78801793732063
north_holdout_5km_buffer,5.0,43,RF,I28_G29,t37,t139,76.25,75.1092869832648
north_holdout_5km_buffer,5.0,43,RF,I28_G29,t88,t15,71.89583333333334,70.00087291449778
north_holdout_5km_buffer,5.0,43,RF,I28_G29,t88,t37,70.29166666666666,70.12783281971896
north_holdout_5km_buffer,5.0,43,RF,I28_G29,t88,t139,70.91666666666666,73.40747066725505
north_holdout_5km_buffer,5.0,43,RF,I28_G29,t139,t15,67.95833333333333,64.80325140336956
north_holdout_5km_buffer,5.0,43,RF,I28_G29,t139,t37,74.1875,68.31407724889253
north_holdout_5km_buffer,5.0,43,RF,I28_G29,t139,t88,68.0,70.30076973596849
north_holdout_5km_buffer,5.0,43,SVC,I28,t15,t37,75.35416666666667,66.84562304768016
north_holdout_5km_buffer,5.0,43,SVC,I28,t15,t88,75.02083333333334,70.6583734994516
north_holdout_5km_buffer,5.0,43,SVC,I28,t15,t139,79.0,69.48044555564861
north_holdout_5km_buffer,5.0,43,SVC,I28,t37,t15,72.75,66.63553358015069
north_holdout_5km_buffer,5.0,43,SVC,I28,t37,t88,72.5625,69.68930790629135
north_holdout_5km_buffer,5.0,43,SVC,I28,t37,t139,77.33333333333333,72.37702416322709
north_holdout_5km_buffer,5.0,43,SVC,I28,t88,t15,72.85416666666666,63.4761560389708
north_holdout_5km_buffer,5.0,43,SVC,I28,t88,t37,71.29166666666666,64.77777185219948
north_holdout_5km_buffer,5.0,43,SVC,I28,t88,t139,73.52083333333333,67.54832551732356
north_holdout_5km_buffer,5.0,43,SVC,I28,t139,t15,69.54166666666667,55.14356316512836
north_holdout_5km_buffer,5.0,43,SVC,I28,t139,t37,73.125,51.68603001047381
north_holdout_5km_buffer,5.0,43,SVC,I28,t139,t88,67.45833333333333,56.1292022280836
north_holdout_5km_buffer,5.0,43,SVC,I28_G29,t15,t37,78.83333333333333,76.00089169018769
north_holdout_5km_buffer,5.0,43,SVC,I28_G29,t15,t88,78.77083333333333,78.01518601325253
north_holdout_5km_buffer,5.0,43,SVC,I28_G29,t15,t139,80.58333333333333,75.89797480092655
north_holdout_5km_buffer,5.0,43,SVC,I28_G29,t37,t15,76.1875,76.4789177637235
north_holdout_5km_buffer,5.0,43,SVC,I28_G29,t37,t88,75.91666666666667,77.78582760930036
north_holdout_5km_buffer,5.0,43,SVC,I28_G29,t37,t139,79.10416666666666,77.70085429013687
north_holdout_5km_buffer,5.0,43,SVC,I28_G29,t88,t15,75.6875,71.95288639729924
north_holdout_5km_buffer,5.0,43,SVC,I28_G29,t88,t37,75.04166666666666,73.5070641568789
north_holdout_5km_buffer,5.0,43,SVC,I28_G29,t88,t139,76.22916666666667,76.54888074418383
north_holdout_5km_buffer,5.0,43,SVC,I28_G29,t139,t15,72.02083333333333,65.38490326867566
north_holdout_5km_buffer,5.0,43,SVC,I28_G29,t139,t37,76.60416666666666,66.1543314146246
north_holdout_5km_buffer,5.0,43,SVC,I28_G29,t139,t88,70.875,71.44780341226593
south_holdout_5km_buffer,5.0,17,RF,I28,t15,t37,54.489583333333336,62.25774412712847
south_holdout_5km_buffer,5.0,17,RF,I28,t15,t88,52.79166666666667,65.6778401734363
south_holdout_5km_buffer,5.0,17,RF,I28,t15,t139,46.291666666666664,62.50229678130002
south_holdout_5km_buffer,5.0,17,RF,I28,t37,t15,57.52083333333333,65.63349320008629
south_holdout_5km_buffer,5.0,17,RF,I28,t37,t88,50.71875,65.31801513116108
south_holdout_5km_buffer,5.0,17,RF,I28,t37,t139,47.0,61.41435797359209
south_holdout_5km_buffer,5.0,17,RF,I28,t88,t15,55.85416666666667,62.30793773246399
south_holdout_5km_buffer,5.0,17,RF,I28,t88,t37,54.03125,58.22522075349757
south_holdout_5km_buffer,5.0,17,RF,I28,t88,t139,49.97916666666667,58.07481321437861
south_holdout_5km_buffer,5.0,17,RF,I28,t139,t15,54.37499999999999,64.35659943423563
south_holdout_5km_buffer,5.0,17,RF,I28,t139,t37,54.125,60.91778593126224
south_holdout_5km_buffer,5.0,17,RF,I28,t139,t88,49.98958333333333,61.355377687789726
south_holdout_5km_buffer,5.0,17,RF,I28_G29,t15,t37,57.21874999999999,70.61322706164692
south_holdout_5km_buffer,5.0,17,RF,I28_G29,t15,t88,55.729166666666664,73.74809186117307
south_holdout_5km_buffer,5.0,17,RF,I28_G29,t15,t139,49.270833333333336,71.28045016047629
south_holdout_5km_buffer,5.0,17,RF,I28_G29,t37,t15,60.572916666666664,73.870919948302
south_holdout_5km_buffer,5.0,17,RF,I28_G29,t37,t88,54.41666666666667,72.40824504068823
south_holdout_5km_buffer,5.0,17,RF,I28_G29,t37,t139,50.364583333333336,66.57902473284148
south_holdout_5km_buffer,5.0,17,RF,I28_G29,t88,t15,58.32291666666667,71.3022014461349
south_holdout_5km_buffer,5.0,17,RF,I28_G29,t88,t37,56.28125000000001,66.72908546843443
south_holdout_5km_buffer,5.0,17,RF,I28_G29,t88,t139,52.40625,66.68107628076709
south_holdout_5km_buffer,5.0,17,RF,I28_G29,t139,t15,57.21874999999999,70.6923177761307
south_holdout_5km_buffer,5.0,17,RF,I28_G29,t139,t37,57.32291666666667,69.14769485582607
south_holdout_5km_buffer,5.0,17,RF,I28_G29,t139,t88,52.385416666666664,69.2330601326252
south_holdout_5km_buffer,5.0,17,SVC,I28,t15,t37,50.66666666666667,60.09677629610223
south_holdout_5km_buffer,5.0,17,SVC,I28,t15,t88,49.177083333333336,64.5472041227367
south_holdout_5km_buffer,5.0,17,SVC,I28,t15,t139,44.625,63.06966934754568
south_holdout_5km_buffer,5.0,17,SVC,I28,t37,t15,54.53125,65.75491990391143
south_holdout_5km_buffer,5.0,17,SVC,I28,t37,t88,47.614583333333336,64.75917358778646
south_holdout_5km_buffer,5.0,17,SVC,I28,t37,t139,44.76041666666667,61.20279207362407
south_holdout_5km_buffer,5.0,17,SVC,I28,t88,t15,52.51041666666667,60.05832386233945
south_holdout_5km_buffer,5.0,17,SVC,I28,t88,t37,50.51041666666667,57.69438459940635
south_holdout_5km_buffer,5.0,17,SVC,I28,t88,t139,45.55208333333333,54.9054010276139
south_holdout_5km_buffer,5.0,17,SVC,I28,t139,t15,48.791666666666664,61.59752330915833
south_holdout_5km_buffer,5.0,17,SVC,I28,t139,t37,47.28125,56.74838389681225
south_holdout_5km_buffer,5.0,17,SVC,I28,t139,t88,43.03125,57.25472675611499
south_holdout_5km_buffer,5.0,17,SVC,I28_G29,t15,t37,52.93750000000001,69.44023634135051
south_holdout_5km_buffer,5.0,17,SVC,I28_G29,t15,t88,51.67708333333333,71.39726919159595
south_holdout_5km_buffer,5.0,17,SVC,I28_G29,t15,t139,46.53125,70.04587977363119
south_holdout_5km_buffer,5.0,17,SVC,I28_G29,t37,t15,56.47916666666667,73.19374108916078
south_holdout_5km_buffer,5.0,17,SVC,I28_G29,t37,t88,49.916666666666664,71.2654433358033
south_holdout_5km_buffer,5.0,17,SVC,I28_G29,t37,t139,46.39583333333333,68.20822022578032
south_holdout_5km_buffer,5.0,17,SVC,I28_G29,t88,t15,54.19791666666667,70.17171934826345
south_holdout_5km_buffer,5.0,17,SVC,I28_G29,t88,t37,52.385416666666664,67.70257404327738
south_holdout_5km_buffer,5.0,17,SVC,I28_G29,t88,t139,48.541666666666664,64.71046452237101
south_holdout_5km_buffer,5.0,17,SVC,I28_G29,t139,t15,52.90625,70.26146186391607
south_holdout_5km_buffer,5.0,17,SVC,I28_G29,t139,t37,51.197916666666664,66.317966108536
south_holdout_5km_buffer,5.0,17,SVC,I28_G29,t139,t88,46.927083333333336,66.56765928203076
south_holdout_5km_buffer,5.0,29,RF,I28,t15,t37,53.8125,61.73543305420732
south_holdout_5km_buffer,5.0,29,RF,I28,t15,t88,51.864583333333336,65.85214906575345
south_holdout_5km_buffer,5.0,29,RF,I28,t15,t139,45.729166666666664,60.73996731202244
south_holdout_5km_buffer,5.0,29,RF,I28,t37,t15,56.80208333333333,65.49320301798096
south_holdout_5km_buffer,5.0,29,RF,I28,t37,t88,49.4375,64.85729083012582
south_holdout_5km_buffer,5.0,29,RF,I28,t37,t139,45.80208333333333,59.46676380043492
south_holdout_5km_buffer,5.0,29,RF,I28,t88,t15,53.25,59.56376879921146
south_holdout_5km_buffer,5.0,29,RF,I28,t88,t37,52.40625,56.64021461686446
south_holdout_5km_buffer,5.0,29,RF,I28,t88,t139,47.864583333333336,57.12544440439324
south_holdout_5km_buffer,5.0,29,RF,I28,t139,t15,50.21875,62.44235732331626
south_holdout_5km_buffer,5.0,29,RF,I28,t139,t37,51.635416666666664,58.453054611022345
south_holdout_5km_buffer,5.0,29,RF,I28,t139,t88,47.614583333333336,61.033572009358416
south_holdout_5km_buffer,5.0,29,RF,I28_G29,t15,t37,56.322916666666664,70.54701754562649
south_holdout_5km_buffer,5.0,29,RF,I28_G29,t15,t88,54.5625,72.73707655109718
south_holdout_5km_buffer,5.0,29,RF,I28_G29,t15,t139,48.67708333333333,67.36030268448447
south_holdout_5km_buffer,5.0,29,RF,I28_G29,t37,t15,59.333333333333336,72.18833268782697
south_holdout_5km_buffer,5.0,29,RF,I28_G29,t37,t88,52.63541666666667,71.45222806644091
south_holdout_5km_buffer,5.0,29,RF,I28_G29,t37,t139,48.65625,65.76638366698153
south_holdout_5km_buffer,5.0,29,RF,I28_G29,t88,t15,56.072916666666664,67.83977055568877
south_holdout_5km_buffer,5.0,29,RF,I28_G29,t88,t37,54.57291666666667,65.27084233750833
south_holdout_5km_buffer,5.0,29,RF,I28_G29,t88,t139,50.53125000000001,65.13708196924323
south_holdout_5km_buffer,5.0,29,RF,I28_G29,t139,t15,53.23958333333333,69.78627004193119
south_holdout_5km_buffer,5.0,29,RF,I28_G29,t139,t37,53.67708333333333,66.23497243047119
south_holdout_5km_buffer,5.0,29,RF,I28_G29,t139,t88,49.833333333333336,67.97677029485138
south_holdout_5km_buffer,5.0,29,SVC,I28,t15,t37,49.395833333333336,61.48598368273672
south_holdout_5km_buffer,5.0,29,SVC,I28,t15,t88,47.552083333333336,63.71757130179099
south_holdout_5km_buffer,5.0,29,SVC,I28,t15,t139,44.145833333333336,61.66931932302988
south_holdout_5km_buffer,5.0,29,SVC,I28,t37,t15,52.75,61.38501512907054
south_holdout_5km_buffer,5.0,29,SVC,I28,t37,t88,46.197916666666664,63.60171967685739
south_holdout_5km_buffer,5.0,29,SVC,I28,t37,t139,44.01041666666667,56.95442747385411
south_holdout_5km_buffer,5.0,29,SVC,I28,t88,t15,50.5,60.50797383386595
south_holdout_5km_buffer,5.0,29,SVC,I28,t88,t37,49.46875,58.432003571684
south_holdout_5km_buffer,5.0,29,SVC,I28,t88,t139,44.51041666666667,57.95522999844712
south_holdout_5km_buffer,5.0,29,SVC,I28,t139,t15,44.364583333333336,59.91794449860639
south_holdout_5km_buffer,5.0,29,SVC,I28,t139,t37,44.927083333333336,55.64611626169853
south_holdout_5km_buffer,5.0,29,SVC,I28,t139,t88,41.4375,57.95422119489573
south_holdout_5km_buffer,5.0,29,SVC,I28_G29,t15,t37,51.71875,69.82460823694343
south_holdout_5km_buffer,5.0,29,SVC,I28_G29,t15,t88,49.53125,71.18558961319022
south_holdout_5km_buffer,5.0,29,SVC,I28_G29,t15,t139,46.052083333333336,68.31329531195513
south_holdout_5km_buffer,5.0,29,SVC,I28_G29,t37,t15,54.46875,68.77578521117185
south_holdout_5km_buffer,5.0,29,SVC,I28_G29,t37,t88,48.67708333333333,70.1242756219179
south_holdout_5km_buffer,5.0,29,SVC,I28_G29,t37,t139,45.71875,64.80274928511804
south_holdout_5km_buffer,5.0,29,SVC,I28_G29,t88,t15,52.916666666666664,69.76114011326602
south_holdout_5km_buffer,5.0,29,SVC,I28_G29,t88,t37,51.4375,68.132405246503
south_holdout_5km_buffer,5.0,29,SVC,I28_G29,t88,t139,46.88541666666667,67.10044982772587
south_holdout_5km_buffer,5.0,29,SVC,I28_G29,t139,t15,48.541666666666664,68.45504207454411
south_holdout_5km_buffer,5.0,29,SVC,I28_G29,t139,t37,48.552083333333336,65.3026885216766
south_holdout_5km_buffer,5.0,29,SVC,I28_G29,t139,t88,44.666666666666664,68.02771522451603
south_holdout_5km_buffer,5.0,43,RF,I28,t15,t37,53.145833333333336,62.92295713957008
south_holdout_5km_buffer,5.0,43,RF,I28,t15,t88,51.33333333333333,66.201528689369
south_holdout_5km_buffer,5.0,43,RF,I28,t15,t139,45.15625,61.28949024834227
south_holdout_5km_buffer,5.0,43,RF,I28,t37,t15,55.40625,63.80769647095818
south_holdout_5km_buffer,5.0,43,RF,I28,t37,t88,48.21875,62.918022079563706
south_holdout_5km_buffer,5.0,43,RF,I28,t37,t139,45.427083333333336,60.78176379008706
south_holdout_5km_buffer,5.0,43,RF,I28,t88,t15,54.125,60.903491864393146
south_holdout_5km_buffer,5.0,43,RF,I28,t88,t37,52.104166666666664,56.23907753938231
south_holdout_5km_buffer,5.0,43,RF,I28,t88,t139,47.0,56.579501492338935
south_holdout_5km_buffer,5.0,43,RF,I28,t139,t15,54.989583333333336,64.5601532793432
south_holdout_5km_buffer,5.0,43,RF,I28,t139,t37,55.270833333333336,60.18226524109894
south_holdout_5km_buffer,5.0,43,RF,I28,t139,t88,50.708333333333336,58.449361761393284
south_holdout_5km_buffer,5.0,43,RF,I28_G29,t15,t37,55.145833333333336,70.38876506681085
south_holdout_5km_buffer,5.0,43,RF,I28_G29,t15,t88,53.979166666666664,73.12768919669041
south_holdout_5km_buffer,5.0,43,RF,I28_G29,t15,t139,47.36458333333333,67.68754843145487
south_holdout_5km_buffer,5.0,43,RF,I28_G29,t37,t15,58.135416666666664,71.8048196864982
south_holdout_5km_buffer,5.0,43,RF,I28_G29,t37,t88,51.583333333333336,71.08423296923148
south_holdout_5km_buffer,5.0,43,RF,I28_G29,t37,t139,48.09375,67.99946022541872
south_holdout_5km_buffer,5.0,43,RF,I28_G29,t88,t15,56.208333333333336,69.56024114191818
south_holdout_5km_buffer,5.0,43,RF,I28_G29,t88,t37,54.46875,65.96749495034116
south_holdout_5km_buffer,5.0,43,RF,I28_G29,t88,t139,49.291666666666664,65.51683990535071
south_holdout_5km_buffer,5.0,43,RF,I28_G29,t139,t15,56.65625,73.22865136074871
south_holdout_5km_buffer,5.0,43,RF,I28_G29,t139,t37,55.489583333333336,67.16694267876974
south_holdout_5km_buffer,5.0,43,RF,I28_G29,t139,t88,51.864583333333336,67.14961229678501
south_holdout_5km_buffer,5.0,43,SVC,I28,t15,t37,49.395833333333336,60.48275128886742
south_holdout_5km_buffer,5.0,43,SVC,I28,t15,t88,47.5625,63.55833281641067
south_holdout_5km_buffer,5.0,43,SVC,I28,t15,t139,44.15625,61.83721090420029
south_holdout_5km_buffer,5.0,43,SVC,I28,t37,t15,51.07291666666667,60.989953468655166
south_holdout_5km_buffer,5.0,43,SVC,I28,t37,t88,45.635416666666664,62.955138058808224
south_holdout_5km_buffer,5.0,43,SVC,I28,t37,t139,44.02083333333333,58.097879827754475
south_holdout_5km_buffer,5.0,43,SVC,I28,t88,t15,50.135416666666664,59.75077692170514
south_holdout_5km_buffer,5.0,43,SVC,I28,t88,t37,49.010416666666664,58.168015775886715
south_holdout_5km_buffer,5.0,43,SVC,I28,t88,t139,44.15625,55.12387146733757
south_holdout_5km_buffer,5.0,43,SVC,I28,t139,t15,46.0625,61.904635190993815
south_holdout_5km_buffer,5.0,43,SVC,I28,t139,t37,45.33333333333333,56.19018825583299
south_holdout_5km_buffer,5.0,43,SVC,I28,t139,t88,41.65625,55.0781720737626
south_holdout_5km_buffer,5.0,43,SVC,I28_G29,t15,t37,51.31250000000001,69.6970632328318
south_holdout_5km_buffer,5.0,43,SVC,I28_G29,t15,t88,49.072916666666664,71.97112613005275
south_holdout_5km_buffer,5.0,43,SVC,I28_G29,t15,t139,45.84375,68.21306211383917
south_holdout_5km_buffer,5.0,43,SVC,I28_G29,t37,t15,52.83333333333333,68.50480183540809
south_holdout_5km_buffer,5.0,43,SVC,I28_G29,t37,t88,47.833333333333336,69.69065897947593
south_holdout_5km_buffer,5.0,43,SVC,I28_G29,t37,t139,45.5,65.40359114701198
south_holdout_5km_buffer,5.0,43,SVC,I28_G29,t88,t15,52.21875,69.6589129325368
south_holdout_5km_buffer,5.0,43,SVC,I28_G29,t88,t37,51.22916666666667,68.01181346628931
south_holdout_5km_buffer,5.0,43,SVC,I28_G29,t88,t139,46.666666666666664,63.94752205165777
south_holdout_5km_buffer,5.0,43,SVC,I28_G29,t139,t15,51.27083333333333,72.14387664350727
south_holdout_5km_buffer,5.0,43,SVC,I28_G29,t139,t37,49.572916666666664,65.3769999465425
south_holdout_5km_buffer,5.0,43,SVC,I28_G29,t139,t88,46.09375,64.0282904017212
east_holdout_5km_buffer,5.0,17,RF,I28,t15,t37,71.21428571428572,65.89614337999446
east_holdout_5km_buffer,5.0,17,RF,I28,t15,t88,66.78571428571428,71.79557769967204
east_holdout_5km_buffer,5.0,17,RF,I28,t15,t139,70.51785714285714,67.62858139842493
east_holdout_5km_buffer,5.0,17,RF,I28,t37,t15,63.4375,67.27284669609361
east_holdout_5km_buffer,5.0,17,RF,I28,t37,t88,57.57142857142858,69.68357040781663
east_holdout_5km_buffer,5.0,17,RF,I28,t37,t139,67.72321428571428,70.91681856288983
east_holdout_5km_buffer,5.0,17,RF,I28,t88,t15,67.59821428571429,65.21179115349398
east_holdout_5km_buffer,5.0,17,RF,I28,t88,t37,67.23214285714286,63.548567993982566
east_holdout_5km_buffer,5.0,17,RF,I28,t88,t139,66.17857142857143,66.80739456789594
east_holdout_5km_buffer,5.0,17,RF,I28,t139,t15,58.11607142857142,57.314155891314414
east_holdout_5km_buffer,5.0,17,RF,I28,t139,t37,65.65178571428572,55.89533516962708
east_holdout_5km_buffer,5.0,17,RF,I28,t139,t88,52.0625,56.75328058001082
east_holdout_5km_buffer,5.0,17,RF,I28_G29,t15,t37,72.16964285714286,74.72405198159538
east_holdout_5km_buffer,5.0,17,RF,I28_G29,t15,t88,68.09821428571429,78.9602905793004
east_holdout_5km_buffer,5.0,17,RF,I28_G29,t15,t139,71.23214285714286,74.29480824489961
east_holdout_5km_buffer,5.0,17,RF,I28_G29,t37,t15,65.0,76.12535174586338
east_holdout_5km_buffer,5.0,17,RF,I28_G29,t37,t88,59.05357142857143,76.91277133099884
east_holdout_5km_buffer,5.0,17,RF,I28_G29,t37,t139,68.5625,75.51052187685924
east_holdout_5km_buffer,5.0,17,RF,I28_G29,t88,t15,69.625,73.05467104845816
east_holdout_5km_buffer,5.0,17,RF,I28_G29,t88,t37,68.64285714285714,69.92081745915118
east_holdout_5km_buffer,5.0,17,RF,I28_G29,t88,t139,68.08928571428572,73.34731776332394
east_holdout_5km_buffer,5.0,17,RF,I28_G29,t139,t15,61.232142857142854,70.0944635252824
east_holdout_5km_buffer,5.0,17,RF,I28_G29,t139,t37,67.88392857142857,67.25033395111055
east_holdout_5km_buffer,5.0,17,RF,I28_G29,t139,t88,55.36607142857143,64.65704364920903
east_holdout_5km_buffer,5.0,17,SVC,I28,t15,t37,73.33928571428572,65.8049366215481
east_holdout_5km_buffer,5.0,17,SVC,I28,t15,t88,68.16071428571429,70.30318581791286
east_holdout_5km_buffer,5.0,17,SVC,I28,t15,t139,73.01785714285714,67.63085362558866
east_holdout_5km_buffer,5.0,17,SVC,I28,t37,t15,67.49107142857143,71.03866782676741
east_holdout_5km_buffer,5.0,17,SVC,I28,t37,t88,61.42857142857143,73.19804282819359
east_holdout_5km_buffer,5.0,17,SVC,I28,t37,t139,70.47321428571428,72.05772341523254
east_holdout_5km_buffer,5.0,17,SVC,I28,t88,t15,70.21428571428572,65.6494327642055
east_holdout_5km_buffer,5.0,17,SVC,I28,t88,t37,68.49107142857143,61.38125691310364
east_holdout_5km_buffer,5.0,17,SVC,I28,t88,t139,69.4375,65.95030438002686
east_holdout_5km_buffer,5.0,17,SVC,I28,t139,t15,62.57142857142857,60.25204801670083
east_holdout_5km_buffer,5.0,17,SVC,I28,t139,t37,68.5,56.124602787953634
east_holdout_5km_buffer,5.0,17,SVC,I28,t139,t88,55.75,52.38209441692767
east_holdout_5km_buffer,5.0,17,SVC,I28_G29,t15,t37,74.97321428571428,76.32324611774705
east_holdout_5km_buffer,5.0,17,SVC,I28_G29,t15,t88,69.66071428571429,78.77325810895364
east_holdout_5km_buffer,5.0,17,SVC,I28_G29,t15,t139,74.23214285714286,74.76259250305047
east_holdout_5km_buffer,5.0,17,SVC,I28_G29,t37,t15,69.57142857142857,78.39169831615011
east_holdout_5km_buffer,5.0,17,SVC,I28_G29,t37,t88,63.67857142857143,78.78727705977592
east_holdout_5km_buffer,5.0,17,SVC,I28_G29,t37,t139,71.66964285714286,77.1060384586481
east_holdout_5km_buffer,5.0,17,SVC,I28_G29,t88,t15,72.08035714285714,73.64484967788417
east_holdout_5km_buffer,5.0,17,SVC,I28_G29,t88,t37,70.27678571428572,69.22764234585271
east_holdout_5km_buffer,5.0,17,SVC,I28_G29,t88,t139,71.21428571428572,73.75198970741457
east_holdout_5km_buffer,5.0,17,SVC,I28_G29,t139,t15,64.91071428571429,70.85551458021193
east_holdout_5km_buffer,5.0,17,SVC,I28_G29,t139,t37,70.20535714285714,66.11712554804721
east_holdout_5km_buffer,5.0,17,SVC,I28_G29,t139,t88,57.848214285714285,64.71410559708298
east_holdout_5km_buffer,5.0,29,RF,I28,t15,t37,71.03571428571429,68.44677164810216
east_holdout_5km_buffer,5.0,29,RF,I28,t15,t88,66.27678571428571,71.72571762788758
east_holdout_5km_buffer,5.0,29,RF,I28,t15,t139,70.44642857142858,68.5271524938439
east_holdout_5km_buffer,5.0,29,RF,I28,t37,t15,62.589285714285715,69.94667778924288
east_holdout_5km_buffer,5.0,29,RF,I28,t37,t88,56.70535714285714,71.65203960041787
east_holdout_5km_buffer,5.0,29,RF,I28,t37,t139,66.59821428571429,71.88744428823803
east_holdout_5km_buffer,5.0,29,RF,I28,t88,t15,67.27678571428571,65.90082814436971
east_holdout_5km_buffer,5.0,29,RF,I28,t88,t37,67.07142857142857,64.55186582490145
east_holdout_5km_buffer,5.0,29,RF,I28,t88,t139,66.27678571428571,68.23630556857488
east_holdout_5km_buffer,5.0,29,RF,I28,t139,t15,58.285714285714285,60.85419102558778
east_holdout_5km_buffer,5.0,29,RF,I28,t139,t37,64.86607142857143,58.61342337425024
east_holdout_5km_buffer,5.0,29,RF,I28,t139,t88,52.705357142857146,60.571003874304466
east_holdout_5km_buffer,5.0,29,RF,I28_G29,t15,t37,72.0,75.53320455621734
east_holdout_5km_buffer,5.0,29,RF,I28_G29,t15,t88,67.10714285714286,77.36055898760901
east_holdout_5km_buffer,5.0,29,RF,I28_G29,t15,t139,70.83928571428572,74.19740237301909
east_holdout_5km_buffer,5.0,29,RF,I28_G29,t37,t15,63.982142857142854,76.09267763985672
east_holdout_5km_buffer,5.0,29,RF,I28_G29,t37,t88,58.88392857142857,77.65665522995353
east_holdout_5km_buffer,5.0,29,RF,I28_G29,t37,t139,67.60714285714286,76.57649378374025
east_holdout_5km_buffer,5.0,29,RF,I28_G29,t88,t15,69.30357142857143,73.84306712968773
east_holdout_5km_buffer,5.0,29,RF,I28_G29,t88,t37,68.48214285714286,71.3719296977577
east_holdout_5km_buffer,5.0,29,RF,I28_G29,t88,t139,67.61607142857143,74.41551005336981
east_holdout_5km_buffer,5.0,29,RF,I28_G29,t139,t15,60.72321428571429,70.912135779935
east_holdout_5km_buffer,5.0,29,RF,I28_G29,t139,t37,67.59821428571429,68.5747123251349
east_holdout_5km_buffer,5.0,29,RF,I28_G29,t139,t88,55.49107142857142,67.92666090571528
east_holdout_5km_buffer,5.0,29,SVC,I28,t15,t37,73.25892857142857,68.75736020299176
east_holdout_5km_buffer,5.0,29,SVC,I28,t15,t88,67.82142857142858,72.77162521694844
east_holdout_5km_buffer,5.0,29,SVC,I28,t15,t139,72.72321428571429,67.8211570217509
east_holdout_5km_buffer,5.0,29,SVC,I28,t37,t15,65.23214285714286,70.18112611843767
east_holdout_5km_buffer,5.0,29,SVC,I28,t37,t88,60.392857142857146,73.03341563454057
east_holdout_5km_buffer,5.0,29,SVC,I28,t37,t139,68.58928571428572,72.554335368834
east_holdout_5km_buffer,5.0,29,SVC,I28,t88,t15,69.80357142857143,66.19315005460506
east_holdout_5km_buffer,5.0,29,SVC,I28,t88,t37,68.51785714285714,63.36307829143599
east_holdout_5km_buffer,5.0,29,SVC,I28,t88,t139,69.04464285714286,68.0756850675592
east_holdout_5km_buffer,5.0,29,SVC,I28,t139,t15,62.13392857142858,62.659865956336944
east_holdout_5km_buffer,5.0,29,SVC,I28,t139,t37,67.96428571428571,57.53970433784276
east_holdout_5km_buffer,5.0,29,SVC,I28,t139,t88,55.375,56.76892273251342
east_holdout_5km_buffer,5.0,29,SVC,I28_G29,t15,t37,74.66964285714286,77.22136743072673
east_holdout_5km_buffer,5.0,29,SVC,I28_G29,t15,t88,69.33928571428571,79.33835930325195
east_holdout_5km_buffer,5.0,29,SVC,I28_G29,t15,t139,73.99107142857143,74.46502668756551
east_holdout_5km_buffer,5.0,29,SVC,I28_G29,t37,t15,67.74107142857143,77.8860521920595
east_holdout_5km_buffer,5.0,29,SVC,I28_G29,t37,t88,62.464285714285715,79.15305396217913
east_holdout_5km_buffer,5.0,29,SVC,I28_G29,t37,t139,70.125,77.62589914843797
east_holdout_5km_buffer,5.0,29,SVC,I28_G29,t88,t15,71.76785714285714,75.09014733743491
east_holdout_5km_buffer,5.0,29,SVC,I28_G29,t88,t37,70.58928571428571,73.07232051107107
east_holdout_5km_buffer,5.0,29,SVC,I28_G29,t88,t139,70.66071428571429,75.9756855847822
east_holdout_5km_buffer,5.0,29,SVC,I28_G29,t139,t15,63.38392857142857,71.1213649016584
east_holdout_5km_buffer,5.0,29,SVC,I28_G29,t139,t37,69.34821428571428,66.60548125545841
east_holdout_5km_buffer,5.0,29,SVC,I28_G29,t139,t88,56.91071428571428,66.77602273811159
east_holdout_5km_buffer,5.0,43,RF,I28,t15,t37,71.625,67.87602119404883
east_holdout_5km_buffer,5.0,43,RF,I28,t15,t88,66.82142857142857,72.13281875160015
east_holdout_5km_buffer,5.0,43,RF,I28,t15,t139,71.00892857142857,69.3678719160389
east_holdout_5km_buffer,5.0,43,RF,I28,t37,t15,62.580357142857146,69.45386579310747
east_holdout_5km_buffer,5.0,43,RF,I28,t37,t88,57.42857142857143,71.40197120148012
east_holdout_5km_buffer,5.0,43,RF,I28,t37,t139,67.17857142857143,72.59352999292469
east_holdout_5km_buffer,5.0,43,RF,I28,t88,t15,67.60714285714286,63.91681823011768
east_holdout_5km_buffer,5.0,43,RF,I28,t88,t37,66.74107142857143,61.27896171895715
east_holdout_5km_buffer,5.0,43,RF,I28,t88,t139,66.34821428571429,65.51441506757291
east_holdout_5km_buffer,5.0,43,RF,I28,t139,t15,58.71428571428572,60.18368651487085
east_holdout_5km_buffer,5.0,43,RF,I28,t139,t37,65.74107142857143,58.11418576094227
east_holdout_5km_buffer,5.0,43,RF,I28,t139,t88,52.714285714285715,56.121651595321076
east_holdout_5km_buffer,5.0,43,RF,I28_G29,t15,t37,72.79464285714286,76.02535203489978
east_holdout_5km_buffer,5.0,43,RF,I28_G29,t15,t88,67.58035714285714,78.24460262594114
east_holdout_5km_buffer,5.0,43,RF,I28_G29,t15,t139,71.65178571428571,74.47029260141412
east_holdout_5km_buffer,5.0,43,RF,I28_G29,t37,t15,64.34821428571429,76.6871890501002
east_holdout_5km_buffer,5.0,43,RF,I28_G29,t37,t88,59.11607142857142,76.46941444804625
east_holdout_5km_buffer,5.0,43,RF,I28_G29,t37,t139,67.75,76.33709834592086
east_holdout_5km_buffer,5.0,43,RF,I28_G29,t88,t15,69.78571428571428,71.60666734285968
east_holdout_5km_buffer,5.0,43,RF,I28_G29,t88,t37,68.74107142857143,68.40276390656703
east_holdout_5km_buffer,5.0,43,RF,I28_G29,t88,t139,67.96428571428571,71.81089356623276
east_holdout_5km_buffer,5.0,43,RF,I28_G29,t139,t15,61.026785714285715,69.38483416994153
east_holdout_5km_buffer,5.0,43,RF,I28_G29,t139,t37,67.70535714285715,66.42148728764764
east_holdout_5km_buffer,5.0,43,RF,I28_G29,t139,t88,55.151785714285715,64.12174776837294
east_holdout_5km_buffer,5.0,43,SVC,I28,t15,t37,73.13392857142857,68.80706442560029
east_holdout_5km_buffer,5.0,43,SVC,I28,t15,t88,68.03571428571429,73.18271879255205
east_holdout_5km_buffer,5.0,43,SVC,I28,t15,t139,72.98214285714286,68.38410822465185
east_holdout_5km_buffer,5.0,43,SVC,I28,t37,t15,65.83035714285714,71.1167191895207
east_holdout_5km_buffer,5.0,43,SVC,I28,t37,t88,60.4375,72.51161461501799
east_holdout_5km_buffer,5.0,43,SVC,I28,t37,t139,69.01785714285714,73.00993697942076
east_holdout_5km_buffer,5.0,43,SVC,I28,t88,t15,70.0625,64.72518787554763
east_holdout_5km_buffer,5.0,43,SVC,I28,t88,t37,68.625,61.66842356478605
east_holdout_5km_buffer,5.0,43,SVC,I28,t88,t139,68.9375,63.00012227189591
east_holdout_5km_buffer,5.0,43,SVC,I28,t139,t15,63.142857142857146,61.08090994774983
east_holdout_5km_buffer,5.0,43,SVC,I28,t139,t37,69.27678571428572,55.92386930680101
east_holdout_5km_buffer,5.0,43,SVC,I28,t139,t88,56.49107142857142,53.11891595156785
east_holdout_5km_buffer,5.0,43,SVC,I28_G29,t15,t37,74.6875,77.01853325979641
east_holdout_5km_buffer,5.0,43,SVC,I28_G29,t15,t88,69.45535714285714,79.5850246201948
east_holdout_5km_buffer,5.0,43,SVC,I28_G29,t15,t139,74.32142857142857,74.7754592902149
east_holdout_5km_buffer,5.0,43,SVC,I28_G29,t37,t15,68.47321428571429,78.017266323976
east_holdout_5km_buffer,5.0,43,SVC,I28_G29,t37,t88,62.77678571428571,77.80477308400447
east_holdout_5km_buffer,5.0,43,SVC,I28_G29,t37,t139,70.98214285714286,77.3911561314428
east_holdout_5km_buffer,5.0,43,SVC,I28_G29,t88,t15,71.96428571428571,73.45070764852629
east_holdout_5km_buffer,5.0,43,SVC,I28_G29,t88,t37,70.76785714285714,70.88250983446278
east_holdout_5km_buffer,5.0,43,SVC,I28_G29,t88,t139,70.83035714285715,72.03668319840658
east_holdout_5km_buffer,5.0,43,SVC,I28_G29,t139,t15,65.04464285714285,69.5762168602678
east_holdout_5km_buffer,5.0,43,SVC,I28_G29,t139,t37,70.4375,65.42400402057208
east_holdout_5km_buffer,5.0,43,SVC,I28_G29,t139,t88,58.47321428571428,65.73718707628598
