learner,params,fold,fold_ba,fold_oa,representation,source_track
SVC,"{'C': 0.1, 'gamma_mult': 0.1}",1,0.5779524891226113,0.7375131243437828,I8,t15
SVC,"{'C': 0.1, 'gamma_mult': 0.1}",2,0.5330756772178127,0.7013649317534123,I8,t15
SVC,"{'C': 0.1, 'gamma_mult': 0.1}",3,0.5808175321647135,0.5276736163191841,I8,t15
SVC,"{'C': 0.1, 'gamma_mult': 1.0}",1,0.5662982619080086,0.7442627868606569,I8,t15
SVC,"{'C': 0.1, 'gamma_mult': 1.0}",2,0.5456103194776922,0.7153142342882856,I8,t15
SVC,"{'C': 0.1, 'gamma_mult': 1.0}",3,0.49729845771061176,0.568021598920054,I8,t15
SVC,"{'C': 0.1, 'gamma_mult': 10.0}",1,0.4447304688756735,0.6539673016349182,I8,t15
SVC,"{'C': 0.1, 'gamma_mult': 10.0}",2,0.41184625537129094,0.6452677366131694,I8,t15
SVC,"{'C': 0.1, 'gamma_mult': 10.0}",3,0.3607764873662803,0.41652917354132296,I8,t15
SVC,"{'C': 1.0, 'gamma_mult': 0.1}",1,0.6865277211580947,0.7522123893805309,I8,t15
SVC,"{'C': 1.0, 'gamma_mult': 0.1}",2,0.6452470477257609,0.719814009299535,I8,t15
SVC,"{'C': 1.0, 'gamma_mult': 0.1}",3,0.6889818890684466,0.5570721463926803,I8,t15
SVC,"{'C': 1.0, 'gamma_mult': 1.0}",1,0.6927766143380015,0.7477126143692815,I8,t15
SVC,"{'C': 1.0, 'gamma_mult': 1.0}",2,0.6384520413178424,0.7270136493175341,I8,t15
SVC,"{'C': 1.0, 'gamma_mult': 1.0}",3,0.7084046065597148,0.5996700164991751,I8,t15
SVC,"{'C': 1.0, 'gamma_mult': 10.0}",1,0.5123669802513073,0.7099145042747863,I8,t15
SVC,"{'C': 1.0, 'gamma_mult': 10.0}",2,0.4801516816172189,0.6848657567121644,I8,t15
SVC,"{'C': 1.0, 'gamma_mult': 10.0}",3,0.46351647531492957,0.536523173841308,I8,t15
SVC,"{'C': 10.0, 'gamma_mult': 0.1}",1,0.6891489238212323,0.7535623218839058,I8,t15
SVC,"{'C': 10.0, 'gamma_mult': 0.1}",2,0.6669006636517718,0.7264136793160342,I8,t15
SVC,"{'C': 10.0, 'gamma_mult': 0.1}",3,0.6963986448424834,0.5618719064046798,I8,t15
SVC,"{'C': 10.0, 'gamma_mult': 1.0}",1,0.6097656220591297,0.743962801859907,I8,t15
SVC,"{'C': 10.0, 'gamma_mult': 1.0}",2,0.6392716411488574,0.7225138743062847,I8,t15
SVC,"{'C': 10.0, 'gamma_mult': 1.0}",3,0.7003906277740954,0.5981700914954252,I8,t15
SVC,"{'C': 10.0, 'gamma_mult': 10.0}",1,0.48426289739157413,0.6550172491375431,I8,t15
SVC,"{'C': 10.0, 'gamma_mult': 10.0}",2,0.46053922756319016,0.6326683665816709,I8,t15
SVC,"{'C': 10.0, 'gamma_mult': 10.0}",3,0.44731453475876715,0.5185240737963102,I8,t15
SVC,"{'C': 100.0, 'gamma_mult': 0.1}",1,0.6932311727927447,0.7492125393730313,I8,t15
SVC,"{'C': 100.0, 'gamma_mult': 0.1}",2,0.6619652084503971,0.7288135593220338,I8,t15
SVC,"{'C': 100.0, 'gamma_mult': 0.1}",3,0.6965320636806753,0.5782210889455527,I8,t15
SVC,"{'C': 100.0, 'gamma_mult': 1.0}",1,0.6852179075268812,0.7364631768411579,I8,t15
SVC,"{'C': 100.0, 'gamma_mult': 1.0}",2,0.6321444735944782,0.7141142942852857,I8,t15
SVC,"{'C': 100.0, 'gamma_mult': 1.0}",3,0.686388543229741,0.5804709764511774,I8,t15
SVC,"{'C': 100.0, 'gamma_mult': 10.0}",1,0.45401386660519394,0.5960701964901755,I8,t15
SVC,"{'C': 100.0, 'gamma_mult': 10.0}",2,0.43570992291420574,0.592320383980801,I8,t15
SVC,"{'C': 100.0, 'gamma_mult': 10.0}",3,0.4202399085040035,0.4930253487325634,I8,t15
RF,"{'max_features': 'sqrt', 'min_samples_leaf': 1}",1,0.730749957701936,0.7214639268036598,I8,t15
RF,"{'max_features': 'sqrt', 'min_samples_leaf': 1}",2,0.6595816380103658,0.7222138893055348,I8,t15
RF,"{'max_features': 'sqrt', 'min_samples_leaf': 1}",3,0.7131200592431701,0.599970001499925,I8,t15
RF,"{'max_features': 'sqrt', 'min_samples_leaf': 5}",1,0.7341822410967052,0.7330133493325334,I8,t15
RF,"{'max_features': 'sqrt', 'min_samples_leaf': 5}",2,0.6466507505491618,0.7270136493175341,I8,t15
RF,"{'max_features': 'sqrt', 'min_samples_leaf': 5}",3,0.7207057953817779,0.6086695665216739,I8,t15
RF,"{'max_features': 0.5, 'min_samples_leaf': 1}",1,0.7263544449076578,0.7154642267886606,I8,t15
RF,"{'max_features': 0.5, 'min_samples_leaf': 1}",2,0.6584760850051389,0.71996400179991,I8,t15
RF,"{'max_features': 0.5, 'min_samples_leaf': 1}",3,0.7083687256054069,0.5968201589920504,I8,t15
RF,"{'max_features': 0.5, 'min_samples_leaf': 5}",1,0.6938690254701372,0.7291135443227839,I8,t15
RF,"{'max_features': 0.5, 'min_samples_leaf': 5}",2,0.6424214999458545,0.7231138443077846,I8,t15
RF,"{'max_features': 0.5, 'min_samples_leaf': 5}",3,0.7124736477033784,0.6064196790160492,I8,t15
RF,"{'max_features': 1.0, 'min_samples_leaf': 1}",1,0.6785521212019674,0.7091645417729113,I8,t15
RF,"{'max_features': 1.0, 'min_samples_leaf': 1}",2,0.6450875615547579,0.7132143392830359,I8,t15
RF,"{'max_features': 1.0, 'min_samples_leaf': 1}",3,0.6910867437997827,0.5935203239838008,I8,t15
RF,"{'max_features': 1.0, 'min_samples_leaf': 5}",1,0.6447991959960444,0.7214639268036598,I8,t15
RF,"{'max_features': 1.0, 'min_samples_leaf': 5}",2,0.618235118823002,0.7175641217939103,I8,t15
RF,"{'max_features': 1.0, 'min_samples_leaf': 5}",3,0.7006514609038451,0.5989200539973001,I8,t15
SVC,"{'C': 0.1, 'gamma_mult': 0.1}",1,0.6139592847707488,0.7133643317834109,I8,t37
SVC,"{'C': 0.1, 'gamma_mult': 0.1}",2,0.491832664487604,0.6901154942252887,I8,t37
SVC,"{'C': 0.1, 'gamma_mult': 0.1}",3,0.4952165922844277,0.4921253937303135,I8,t37
SVC,"{'C': 0.1, 'gamma_mult': 1.0}",1,0.5913130911648048,0.711864406779661,I8,t37
SVC,"{'C': 0.1, 'gamma_mult': 1.0}",2,0.5249823769664809,0.7018149092545373,I8,t37
SVC,"{'C': 0.1, 'gamma_mult': 1.0}",3,0.5524458562863181,0.5534723263836808,I8,t37
SVC,"{'C': 0.1, 'gamma_mult': 10.0}",1,0.42280103986043144,0.6236688165591721,I8,t37
SVC,"{'C': 0.1, 'gamma_mult': 10.0}",2,0.3970962240529435,0.6263686815659217,I8,t37
SVC,"{'C': 0.1, 'gamma_mult': 10.0}",3,0.35692971397378886,0.40917954102294884,I8,t37
SVC,"{'C': 1.0, 'gamma_mult': 0.1}",1,0.6694240826893024,0.7177141142942853,I8,t37
SVC,"{'C': 1.0, 'gamma_mult': 0.1}",2,0.6552383724209093,0.7138143092845358,I8,t37
SVC,"{'C': 1.0, 'gamma_mult': 0.1}",3,0.6480654993668284,0.5305234738263087,I8,t37
SVC,"{'C': 1.0, 'gamma_mult': 1.0}",1,0.6796153918033573,0.7193640317984101,I8,t37
SVC,"{'C': 1.0, 'gamma_mult': 1.0}",2,0.66203248094581,0.72026398680066,I8,t37
SVC,"{'C': 1.0, 'gamma_mult': 1.0}",3,0.6772385595701758,0.5806209689515525,I8,t37
SVC,"{'C': 1.0, 'gamma_mult': 10.0}",1,0.5348458584004774,0.688315584220789,I8,t37
SVC,"{'C': 1.0, 'gamma_mult': 10.0}",2,0.4802589232816807,0.6692665366731664,I8,t37
SVC,"{'C': 1.0, 'gamma_mult': 10.0}",3,0.4728524730820823,0.5242237888105594,I8,t37
SVC,"{'C': 10.0, 'gamma_mult': 0.1}",1,0.6753643537819201,0.7258137093145343,I8,t37
SVC,"{'C': 10.0, 'gamma_mult': 0.1}",2,0.6659464431395765,0.7192140392980351,I8,t37
SVC,"{'C': 10.0, 'gamma_mult': 0.1}",3,0.6617168140281492,0.544472776361182,I8,t37
SVC,"{'C': 10.0, 'gamma_mult': 1.0}",1,0.678680874405206,0.7156142192890356,I8,t37
SVC,"{'C': 10.0, 'gamma_mult': 1.0}",2,0.6455099147523694,0.7144142792860357,I8,t37
SVC,"{'C': 10.0, 'gamma_mult': 1.0}",3,0.6681625338189228,0.5668216589170542,I8,t37
SVC,"{'C': 10.0, 'gamma_mult': 10.0}",1,0.5083492595963832,0.6430178491075447,I8,t37
SVC,"{'C': 10.0, 'gamma_mult': 10.0}",2,0.45541179653189,0.6230688465576721,I8,t37
SVC,"{'C': 10.0, 'gamma_mult': 10.0}",3,0.4536085315450449,0.5069746512674367,I8,t37
SVC,"{'C': 100.0, 'gamma_mult': 0.1}",1,0.7205574824012358,0.7216139193040348,I8,t37
SVC,"{'C': 100.0, 'gamma_mult': 0.1}",2,0.6474243396123058,0.7175641217939103,I8,t37
SVC,"{'C': 100.0, 'gamma_mult': 0.1}",3,0.6725594735558128,0.5576721163941802,I8,t37
SVC,"{'C': 100.0, 'gamma_mult': 1.0}",1,0.6719178656106839,0.7130643467826608,I8,t37
SVC,"{'C': 100.0, 'gamma_mult': 1.0}",2,0.6094350239505951,0.6985150742462877,I8,t37
SVC,"{'C': 100.0, 'gamma_mult': 1.0}",3,0.6564196315085753,0.5576721163941802,I8,t37
SVC,"{'C': 100.0, 'gamma_mult': 10.0}",1,0.4783940430577543,0.5794210289485525,I8,t37
SVC,"{'C': 100.0, 'gamma_mult': 10.0}",2,0.4337736421765149,0.5861706914654268,I8,t37
SVC,"{'C': 100.0, 'gamma_mult': 10.0}",3,0.42650287569770295,0.47637618119094044,I8,t37
RF,"{'max_features': 'sqrt', 'min_samples_leaf': 1}",1,0.7223097597329744,0.6943152842357883,I8,t37
RF,"{'max_features': 'sqrt', 'min_samples_leaf': 1}",2,0.655071488431122,0.7111144442777861,I8,t37
RF,"{'max_features': 'sqrt', 'min_samples_leaf': 1}",3,0.6945575867919425,0.583770811459427,I8,t37
RF,"{'max_features': 'sqrt', 'min_samples_leaf': 5}",1,0.7262113007745705,0.7015149242537874,I8,t37
RF,"{'max_features': 'sqrt', 'min_samples_leaf': 5}",2,0.651603330174875,0.7163641817909104,I8,t37
RF,"{'max_features': 'sqrt', 'min_samples_leaf': 5}",3,0.6870235599522563,0.5902204889755512,I8,t37
RF,"{'max_features': 0.5, 'min_samples_leaf': 1}",1,0.7222658205776311,0.6905654717264137,I8,t37
RF,"{'max_features': 0.5, 'min_samples_leaf': 1}",2,0.6529234472592313,0.7081145942702864,I8,t37
RF,"{'max_features': 0.5, 'min_samples_leaf': 1}",3,0.6899671161064982,0.5795710214489276,I8,t37
RF,"{'max_features': 0.5, 'min_samples_leaf': 5}",1,0.7228044888370752,0.6968651567421629,I8,t37
RF,"{'max_features': 0.5, 'min_samples_leaf': 5}",2,0.6464201275024051,0.7132143392830359,I8,t37
RF,"{'max_features': 0.5, 'min_samples_leaf': 5}",3,0.6864754765063276,0.5849707514624268,I8,t37
RF,"{'max_features': 1.0, 'min_samples_leaf': 1}",1,0.7191678964849555,0.6860656967151643,I8,t37
RF,"{'max_features': 1.0, 'min_samples_leaf': 1}",2,0.6553157147020576,0.7073646317684116,I8,t37
RF,"{'max_features': 1.0, 'min_samples_leaf': 1}",3,0.6747136437616024,0.5782210889455527,I8,t37
RF,"{'max_features': 1.0, 'min_samples_leaf': 5}",1,0.7220384975149153,0.6919154042297885,I8,t37
RF,"{'max_features': 1.0, 'min_samples_leaf': 5}",2,0.6517665733290565,0.7100644967751613,I8,t37
RF,"{'max_features': 1.0, 'min_samples_leaf': 5}",3,0.6680916915582807,0.5810709464526773,I8,t37
SVC,"{'C': 0.1, 'gamma_mult': 0.1}",1,0.5323456653595369,0.7315134243287835,I8,t88
SVC,"{'C': 0.1, 'gamma_mult': 0.1}",2,0.47283488501795895,0.6769161541922903,I8,t88
SVC,"{'C': 0.1, 'gamma_mult': 0.1}",3,0.45560284207953644,0.49347532623368834,I8,t88
SVC,"{'C': 0.1, 'gamma_mult': 1.0}",1,0.558201303538648,0.7285135743212839,I8,t88
SVC,"{'C': 0.1, 'gamma_mult': 1.0}",2,0.5288189110999226,0.6994150292485376,I8,t88
SVC,"{'C': 0.1, 'gamma_mult': 1.0}",3,0.5115007536698212,0.544472776361182,I8,t88
SVC,"{'C': 0.1, 'gamma_mult': 10.0}",1,0.4477319100061169,0.5959202039898005,I8,t88
SVC,"{'C': 0.1, 'gamma_mult': 10.0}",2,0.3941179095396591,0.6200689965501724,I8,t88
SVC,"{'C': 0.1, 'gamma_mult': 10.0}",3,0.3569387707887695,0.4073796310184491,I8,t88
SVC,"{'C': 1.0, 'gamma_mult': 0.1}",1,0.6735527635481287,0.736313184340783,I8,t88
SVC,"{'C': 1.0, 'gamma_mult': 0.1}",2,0.6010383439251935,0.704514774261287,I8,t88
SVC,"{'C': 1.0, 'gamma_mult': 0.1}",3,0.6515542105554345,0.5260236988150593,I8,t88
SVC,"{'C': 1.0, 'gamma_mult': 1.0}",1,0.6950975513057527,0.736313184340783,I8,t88
SVC,"{'C': 1.0, 'gamma_mult': 1.0}",2,0.6208085994338717,0.7126143692815359,I8,t88
SVC,"{'C': 1.0, 'gamma_mult': 1.0}",3,0.6432699775403873,0.5720713964301785,I8,t88
SVC,"{'C': 1.0, 'gamma_mult': 10.0}",1,0.5124572542924558,0.6844157792110395,I8,t88
SVC,"{'C': 1.0, 'gamma_mult': 10.0}",2,0.48976536577963686,0.672116394180291,I8,t88
SVC,"{'C': 1.0, 'gamma_mult': 10.0}",3,0.44671128803933435,0.511774411279436,I8,t88
SVC,"{'C': 10.0, 'gamma_mult': 0.1}",1,0.6857200306415207,0.7393130343482825,I8,t88
SVC,"{'C': 10.0, 'gamma_mult': 0.1}",2,0.6403208705934609,0.7130643467826608,I8,t88
SVC,"{'C': 10.0, 'gamma_mult': 0.1}",3,0.669012514294294,0.544322783860807,I8,t88
SVC,"{'C': 10.0, 'gamma_mult': 1.0}",1,0.6141296868403078,0.7270136493175341,I8,t88
SVC,"{'C': 10.0, 'gamma_mult': 1.0}",2,0.6213778416243599,0.7057147142642868,I8,t88
SVC,"{'C': 10.0, 'gamma_mult': 1.0}",3,0.6576655584671462,0.5716214189290535,I8,t88
SVC,"{'C': 10.0, 'gamma_mult': 10.0}",1,0.48167543716757627,0.6311684415779211,I8,t88
SVC,"{'C': 10.0, 'gamma_mult': 10.0}",2,0.46891962150787003,0.6245687715614219,I8,t88
SVC,"{'C': 10.0, 'gamma_mult': 10.0}",3,0.441136077620553,0.5149242537873107,I8,t88
SVC,"{'C': 100.0, 'gamma_mult': 0.1}",1,0.6948897162664587,0.7373631318434078,I8,t88
SVC,"{'C': 100.0, 'gamma_mult': 0.1}",2,0.6348854563656209,0.7154642267886606,I8,t88
SVC,"{'C': 100.0, 'gamma_mult': 0.1}",3,0.6642443619971176,0.5582720863956803,I8,t88
SVC,"{'C': 100.0, 'gamma_mult': 1.0}",1,0.643104457166418,0.7147142642867856,I8,t88
SVC,"{'C': 100.0, 'gamma_mult': 1.0}",2,0.6096617642780244,0.6944652767361632,I8,t88
SVC,"{'C': 100.0, 'gamma_mult': 1.0}",3,0.6162443078195474,0.5576721163941802,I8,t88
SVC,"{'C': 100.0, 'gamma_mult': 10.0}",1,0.4589072664593489,0.5863206839658017,I8,t88
SVC,"{'C': 100.0, 'gamma_mult': 10.0}",2,0.449930822632793,0.5866206689665516,I8,t88
SVC,"{'C': 100.0, 'gamma_mult': 10.0}",3,0.4218792628393201,0.49557522123893805,I8,t88
RF,"{'max_features': 'sqrt', 'min_samples_leaf': 1}",1,0.7343130189121556,0.6920653967301635,I8,t88
RF,"{'max_features': 'sqrt', 'min_samples_leaf': 1}",2,0.6129318602819445,0.7027148642567872,I8,t88
RF,"{'max_features': 'sqrt', 'min_samples_leaf': 1}",3,0.6876260392356167,0.5848207589620519,I8,t88
RF,"{'max_features': 'sqrt', 'min_samples_leaf': 5}",1,0.6564899161455454,0.7028648567571621,I8,t88
RF,"{'max_features': 'sqrt', 'min_samples_leaf': 5}",2,0.6110800979165669,0.7100644967751613,I8,t88
RF,"{'max_features': 'sqrt', 'min_samples_leaf': 5}",3,0.6787918787813759,0.5902204889755512,I8,t88
RF,"{'max_features': 0.5, 'min_samples_leaf': 1}",1,0.729611986741787,0.688165591720414,I8,t88
RF,"{'max_features': 0.5, 'min_samples_leaf': 1}",2,0.6201556642538146,0.7013649317534123,I8,t88
RF,"{'max_features': 0.5, 'min_samples_leaf': 1}",3,0.6961415594887669,0.5851207439628019,I8,t88
RF,"{'max_features': 0.5, 'min_samples_leaf': 5}",1,0.6965147258261977,0.6976151192440379,I8,t88
RF,"{'max_features': 0.5, 'min_samples_leaf': 5}",2,0.6092686568800598,0.704514774261287,I8,t88
RF,"{'max_features': 0.5, 'min_samples_leaf': 5}",3,0.696597715464123,0.5914204289785511,I8,t88
RF,"{'max_features': 1.0, 'min_samples_leaf': 1}",1,0.7281116127539952,0.6833658317084146,I8,t88
RF,"{'max_features': 1.0, 'min_samples_leaf': 1}",2,0.611965357003614,0.696265186740663,I8,t88
RF,"{'max_features': 1.0, 'min_samples_leaf': 1}",3,0.6699655269035236,0.5792710364481776,I8,t88
RF,"{'max_features': 1.0, 'min_samples_leaf': 5}",1,0.7330076017706477,0.6943152842357883,I8,t88
RF,"{'max_features': 1.0, 'min_samples_leaf': 5}",2,0.6022619117926868,0.7027148642567872,I8,t88
RF,"{'max_features': 1.0, 'min_samples_leaf': 5}",3,0.6750263740429424,0.5885705714714264,I8,t88
SVC,"{'C': 0.1, 'gamma_mult': 0.1}",1,0.578637006533923,0.7159142042897855,I8,t139
SVC,"{'C': 0.1, 'gamma_mult': 0.1}",2,0.5159602267057156,0.6992650367481625,I8,t139
SVC,"{'C': 0.1, 'gamma_mult': 0.1}",3,0.5475252041731006,0.4831258437078146,I8,t139
SVC,"{'C': 0.1, 'gamma_mult': 1.0}",1,0.5615282693626076,0.7169641517924104,I8,t139
SVC,"{'C': 0.1, 'gamma_mult': 1.0}",2,0.5430237820567934,0.7096145192740363,I8,t139
SVC,"{'C': 0.1, 'gamma_mult': 1.0}",3,0.5034235013213765,0.5378731063446828,I8,t139
SVC,"{'C': 0.1, 'gamma_mult': 10.0}",1,0.4333621012854434,0.6197690115494225,I8,t139
SVC,"{'C': 0.1, 'gamma_mult': 10.0}",2,0.38175530700426774,0.6137693115344233,I8,t139
SVC,"{'C': 0.1, 'gamma_mult': 10.0}",3,0.3682410426175032,0.4135293235338233,I8,t139
SVC,"{'C': 1.0, 'gamma_mult': 0.1}",1,0.6795337531927839,0.7214639268036598,I8,t139
SVC,"{'C': 1.0, 'gamma_mult': 0.1}",2,0.6132853009947732,0.7183140842957852,I8,t139
SVC,"{'C': 1.0, 'gamma_mult': 0.1}",3,0.6762146997860305,0.5248237588120594,I8,t139
SVC,"{'C': 1.0, 'gamma_mult': 1.0}",1,0.7276897086286558,0.72026398680066,I8,t139
SVC,"{'C': 1.0, 'gamma_mult': 1.0}",2,0.6428834496167998,0.7259637018149092,I8,t139
SVC,"{'C': 1.0, 'gamma_mult': 1.0}",3,0.7017644238258458,0.5657717114144293,I8,t139
SVC,"{'C': 1.0, 'gamma_mult': 10.0}",1,0.5036199057785005,0.6865156742162892,I8,t139
SVC,"{'C': 1.0, 'gamma_mult': 10.0}",2,0.49516984177498047,0.6863656817159142,I8,t139
SVC,"{'C': 1.0, 'gamma_mult': 10.0}",3,0.4659048962205512,0.520473976301185,I8,t139
SVC,"{'C': 10.0, 'gamma_mult': 0.1}",1,0.726569288750405,0.7298635068246587,I8,t139
SVC,"{'C': 10.0, 'gamma_mult': 0.1}",2,0.647188923232169,0.7267136643167842,I8,t139
SVC,"{'C': 10.0, 'gamma_mult': 0.1}",3,0.6921317173157131,0.5380230988450577,I8,t139
SVC,"{'C': 10.0, 'gamma_mult': 1.0}",1,0.6856748022869132,0.7181640917954102,I8,t139
SVC,"{'C': 10.0, 'gamma_mult': 1.0}",2,0.6471827229250985,0.7243137843107844,I8,t139
SVC,"{'C': 10.0, 'gamma_mult': 1.0}",3,0.6878128997162426,0.5630718464076796,I8,t139
SVC,"{'C': 10.0, 'gamma_mult': 10.0}",1,0.47631618060748976,0.6401679916004199,I8,t139
SVC,"{'C': 10.0, 'gamma_mult': 10.0}",2,0.4707306912741481,0.6388180590970451,I8,t139
SVC,"{'C': 10.0, 'gamma_mult': 10.0}",3,0.4581193737146559,0.519874006299685,I8,t139
SVC,"{'C': 100.0, 'gamma_mult': 0.1}",1,0.7312828828612723,0.7262636868156592,I8,t139
SVC,"{'C': 100.0, 'gamma_mult': 0.1}",2,0.6522606519004908,0.7282135893205339,I8,t139
SVC,"{'C': 100.0, 'gamma_mult': 0.1}",3,0.6952200949582521,0.5450727463626819,I8,t139
SVC,"{'C': 100.0, 'gamma_mult': 1.0}",1,0.6810417959551003,0.7160641967901605,I8,t139
SVC,"{'C': 100.0, 'gamma_mult': 1.0}",2,0.6317752880607914,0.712014399280036,I8,t139
SVC,"{'C': 100.0, 'gamma_mult': 1.0}",3,0.6775597957214614,0.5545222738863057,I8,t139
SVC,"{'C': 100.0, 'gamma_mult': 10.0}",1,0.45123232379048633,0.5899205039748012,I8,t139
SVC,"{'C': 100.0, 'gamma_mult': 10.0}",2,0.44776461644314036,0.5969701514924254,I8,t139
SVC,"{'C': 100.0, 'gamma_mult': 10.0}",3,0.43329900035265406,0.49617519124043796,I8,t139
RF,"{'max_features': 'sqrt', 'min_samples_leaf': 1}",1,0.7340085926256721,0.7006149692515374,I8,t139
RF,"{'max_features': 'sqrt', 'min_samples_leaf': 1}",2,0.6557401265029192,0.7225138743062847,I8,t139
RF,"{'max_features': 'sqrt', 'min_samples_leaf': 1}",3,0.7015026856756654,0.5774711264436778,I8,t139
RF,"{'max_features': 'sqrt', 'min_samples_leaf': 5}",1,0.7328890700220232,0.7055647217639118,I8,t139
RF,"{'max_features': 'sqrt', 'min_samples_leaf': 5}",2,0.6473474637620772,0.7244637768111595,I8,t139
RF,"{'max_features': 'sqrt', 'min_samples_leaf': 5}",3,0.7034592734230285,0.5801709914504275,I8,t139
RF,"{'max_features': 0.5, 'min_samples_leaf': 1}",1,0.7346048473749411,0.6967151642417879,I8,t139
RF,"{'max_features': 0.5, 'min_samples_leaf': 1}",2,0.6578880698344249,0.7162141892905355,I8,t139
RF,"{'max_features': 0.5, 'min_samples_leaf': 1}",3,0.6993189913528091,0.5765711714414279,I8,t139
RF,"{'max_features': 0.5, 'min_samples_leaf': 5}",1,0.7366611427670497,0.7054147292635369,I8,t139
RF,"{'max_features': 0.5, 'min_samples_leaf': 5}",2,0.6519997521676861,0.7226638668066596,I8,t139
RF,"{'max_features': 0.5, 'min_samples_leaf': 5}",3,0.7011571655350183,0.5771711414429278,I8,t139
RF,"{'max_features': 1.0, 'min_samples_leaf': 1}",1,0.7320683859954442,0.6944652767361632,I8,t139
RF,"{'max_features': 1.0, 'min_samples_leaf': 1}",2,0.650584772806247,0.712314384280786,I8,t139
RF,"{'max_features': 1.0, 'min_samples_leaf': 1}",3,0.691354537976092,0.5732713364331783,I8,t139
RF,"{'max_features': 1.0, 'min_samples_leaf': 5}",1,0.7353014939707126,0.7034648267586621,I8,t139
RF,"{'max_features': 1.0, 'min_samples_leaf': 5}",2,0.6565433489401593,0.7219139043047847,I8,t139
RF,"{'max_features': 1.0, 'min_samples_leaf': 5}",3,0.695765884500543,0.5768711564421779,I8,t139
SVC,"{'C': 0.1, 'gamma_mult': 0.1}",1,0.6424977452179379,0.7468126593670317,I28,t15
SVC,"{'C': 0.1, 'gamma_mult': 0.1}",2,0.5697685203798886,0.7154642267886606,I28,t15
SVC,"{'C': 0.1, 'gamma_mult': 0.1}",3,0.6748335542813299,0.5308234588270586,I28,t15
SVC,"{'C': 0.1, 'gamma_mult': 1.0}",1,0.5412972328953665,0.743662816859157,I28,t15
SVC,"{'C': 0.1, 'gamma_mult': 1.0}",2,0.5400753834421232,0.7231138443077846,I28,t15
SVC,"{'C': 0.1, 'gamma_mult': 1.0}",3,0.5489790575132836,0.559322033898305,I28,t15
SVC,"{'C': 0.1, 'gamma_mult': 10.0}",1,0.4034579235689432,0.5495725213739313,I28,t15
SVC,"{'C': 0.1, 'gamma_mult': 10.0}",2,0.3413069122742033,0.5792710364481776,I28,t15
SVC,"{'C': 0.1, 'gamma_mult': 10.0}",3,0.3424684383532382,0.4034798260086996,I28,t15
SVC,"{'C': 1.0, 'gamma_mult': 0.1}",1,0.7434582647881587,0.751462426878656,I28,t15
SVC,"{'C': 1.0, 'gamma_mult': 0.1}",2,0.6823551689445138,0.7402129893505325,I28,t15
SVC,"{'C': 1.0, 'gamma_mult': 0.1}",3,0.716308932437171,0.5576721163941802,I28,t15
SVC,"{'C': 1.0, 'gamma_mult': 1.0}",1,0.7147549921780882,0.7492125393730313,I28,t15
SVC,"{'C': 1.0, 'gamma_mult': 1.0}",2,0.6554065060757976,0.7432128393580321,I28,t15
SVC,"{'C': 1.0, 'gamma_mult': 1.0}",3,0.7379124543077279,0.6053697315134243,I28,t15
SVC,"{'C': 1.0, 'gamma_mult': 10.0}",1,0.4928355548991211,0.6791660416979151,I28,t15
SVC,"{'C': 1.0, 'gamma_mult': 10.0}",2,0.46841355484386804,0.6770661466926654,I28,t15
SVC,"{'C': 1.0, 'gamma_mult': 10.0}",3,0.4287937754159482,0.4910754462276886,I28,t15
SVC,"{'C': 10.0, 'gamma_mult': 0.1}",1,0.7533268397915263,0.7540122993850308,I28,t15
SVC,"{'C': 10.0, 'gamma_mult': 0.1}",2,0.6913786789895975,0.7457627118644068,I28,t15
SVC,"{'C': 10.0, 'gamma_mult': 0.1}",3,0.7308783309115887,0.583620818959052,I28,t15
SVC,"{'C': 10.0, 'gamma_mult': 1.0}",1,0.6753351401888008,0.7426128693565321,I28,t15
SVC,"{'C': 10.0, 'gamma_mult': 1.0}",2,0.6577006898193982,0.7349632518374082,I28,t15
SVC,"{'C': 10.0, 'gamma_mult': 1.0}",3,0.732233532483727,0.608219589020549,I28,t15
SVC,"{'C': 10.0, 'gamma_mult': 10.0}",1,0.47774662998728024,0.6202189890505475,I28,t15
SVC,"{'C': 10.0, 'gamma_mult': 10.0}",2,0.4550585612925607,0.6353682315884206,I28,t15
SVC,"{'C': 10.0, 'gamma_mult': 10.0}",3,0.43246289514403,0.5008249587520623,I28,t15
SVC,"{'C': 100.0, 'gamma_mult': 0.1}",1,0.6826306367212102,0.7576121193940303,I28,t15
SVC,"{'C': 100.0, 'gamma_mult': 0.1}",2,0.6815248997866258,0.7448627568621569,I28,t15
SVC,"{'C': 100.0, 'gamma_mult': 0.1}",3,0.7258185697803998,0.5972701364931754,I28,t15
SVC,"{'C': 100.0, 'gamma_mult': 1.0}",1,0.6510516902828009,0.712014399280036,I28,t15
SVC,"{'C': 100.0, 'gamma_mult': 1.0}",2,0.6355999780932905,0.7046647667616619,I28,t15
SVC,"{'C': 100.0, 'gamma_mult': 1.0}",3,0.7090915605169354,0.5875206239688016,I28,t15
SVC,"{'C': 100.0, 'gamma_mult': 10.0}",1,0.47591862081871794,0.6179691015449228,I28,t15
SVC,"{'C': 100.0, 'gamma_mult': 10.0}",2,0.4544314070001083,0.6332683365831708,I28,t15
SVC,"{'C': 100.0, 'gamma_mult': 10.0}",3,0.431970363165985,0.5002249887505624,I28,t15
RF,"{'max_features': 'sqrt', 'min_samples_leaf': 1}",1,0.750538700856404,0.7333133343332834,I28,t15
RF,"{'max_features': 'sqrt', 'min_samples_leaf': 1}",2,0.6921911299114303,0.7408129593520324,I28,t15
RF,"{'max_features': 'sqrt', 'min_samples_leaf': 1}",3,0.738846814285831,0.6169191540422979,I28,t15
RF,"{'max_features': 'sqrt', 'min_samples_leaf': 5}",1,0.7525688461421847,0.7387130643467826,I28,t15
RF,"{'max_features': 'sqrt', 'min_samples_leaf': 5}",2,0.6818630535674155,0.7429128543572822,I28,t15
RF,"{'max_features': 'sqrt', 'min_samples_leaf': 5}",3,0.7397246889022154,0.6187190640467977,I28,t15
RF,"{'max_features': 0.5, 'min_samples_leaf': 1}",1,0.7506905076394984,0.728363581820909,I28,t15
RF,"{'max_features': 0.5, 'min_samples_leaf': 1}",2,0.6943760440587077,0.7405129743512824,I28,t15
RF,"{'max_features': 0.5, 'min_samples_leaf': 1}",3,0.7349548546271892,0.6161691915404229,I28,t15
RF,"{'max_features': 0.5, 'min_samples_leaf': 5}",1,0.7559459503591583,0.7351132443377831,I28,t15
RF,"{'max_features': 0.5, 'min_samples_leaf': 5}",2,0.6768913972203552,0.7382630868456577,I28,t15
RF,"{'max_features': 0.5, 'min_samples_leaf': 5}",3,0.7373177332591994,0.6161691915404229,I28,t15
RF,"{'max_features': 1.0, 'min_samples_leaf': 1}",1,0.7532896406419871,0.7277636118194091,I28,t15
RF,"{'max_features': 1.0, 'min_samples_leaf': 1}",2,0.6834696499486249,0.7375131243437828,I28,t15
RF,"{'max_features': 1.0, 'min_samples_leaf': 1}",3,0.7341671643821546,0.6149692515374231,I28,t15
RF,"{'max_features': 1.0, 'min_samples_leaf': 5}",1,0.714537093002742,0.7301634918254087,I28,t15
RF,"{'max_features': 1.0, 'min_samples_leaf': 5}",2,0.6518184654117114,0.735863206839658,I28,t15
RF,"{'max_features': 1.0, 'min_samples_leaf': 5}",3,0.7376032475990865,0.6178191090445477,I28,t15
SVC,"{'C': 0.1, 'gamma_mult': 0.1}",1,0.673508187478873,0.7171141442927854,I28,t37
SVC,"{'C': 0.1, 'gamma_mult': 0.1}",2,0.521331096641115,0.7085645717714114,I28,t37
SVC,"{'C': 0.1, 'gamma_mult': 0.1}",3,0.6204719594727713,0.49662516874156293,I28,t37
SVC,"{'C': 0.1, 'gamma_mult': 1.0}",1,0.611268045018705,0.7156142192890356,I28,t37
SVC,"{'C': 0.1, 'gamma_mult': 1.0}",2,0.5331883220736172,0.7162141892905355,I28,t37
SVC,"{'C': 0.1, 'gamma_mult': 1.0}",3,0.5844191074534643,0.5489725513724314,I28,t37
SVC,"{'C': 0.1, 'gamma_mult': 10.0}",1,0.38657786606861916,0.5342732863356832,I28,t37
SVC,"{'C': 0.1, 'gamma_mult': 10.0}",2,0.3291114559585778,0.5660716964151793,I28,t37
SVC,"{'C': 0.1, 'gamma_mult': 10.0}",3,0.3393940254720186,0.40377981100944954,I28,t37
SVC,"{'C': 1.0, 'gamma_mult': 0.1}",1,0.7345383846919417,0.72056397180141,I28,t37
SVC,"{'C': 1.0, 'gamma_mult': 0.1}",2,0.6945850782983838,0.7352632368381581,I28,t37
SVC,"{'C': 1.0, 'gamma_mult': 0.1}",3,0.6920662482975907,0.5405729713514325,I28,t37
SVC,"{'C': 1.0, 'gamma_mult': 1.0}",1,0.7438084001249654,0.7232638368081596,I28,t37
SVC,"{'C': 1.0, 'gamma_mult': 1.0}",2,0.6766992697215111,0.7382630868456577,I28,t37
SVC,"{'C': 1.0, 'gamma_mult': 1.0}",3,0.7130956970309127,0.5921703914804259,I28,t37
SVC,"{'C': 1.0, 'gamma_mult': 10.0}",1,0.48073033426672973,0.6599670016499175,I28,t37
SVC,"{'C': 1.0, 'gamma_mult': 10.0}",2,0.46695880354223257,0.6619169041547922,I28,t37
SVC,"{'C': 1.0, 'gamma_mult': 10.0}",3,0.44578263307824734,0.48207589620518976,I28,t37
SVC,"{'C': 10.0, 'gamma_mult': 0.1}",1,0.7446113906773266,0.7253637318134093,I28,t37
SVC,"{'C': 10.0, 'gamma_mult': 0.1}",2,0.704613124476188,0.7379631018449078,I28,t37
SVC,"{'C': 10.0, 'gamma_mult': 0.1}",3,0.7012391239024568,0.5780710964451777,I28,t37
SVC,"{'C': 10.0, 'gamma_mult': 1.0}",1,0.7372519656725094,0.7228138593070347,I28,t37
SVC,"{'C': 10.0, 'gamma_mult': 1.0}",2,0.6699243950513998,0.7244637768111595,I28,t37
SVC,"{'C': 10.0, 'gamma_mult': 1.0}",3,0.7010198952876021,0.5870706464676766,I28,t37
SVC,"{'C': 10.0, 'gamma_mult': 10.0}",1,0.467095423241574,0.6107694615269237,I28,t37
SVC,"{'C': 10.0, 'gamma_mult': 10.0}",2,0.45095012188549227,0.6194690265486725,I28,t37
SVC,"{'C': 10.0, 'gamma_mult': 10.0}",3,0.4494822295043576,0.4942252887355632,I28,t37
SVC,"{'C': 100.0, 'gamma_mult': 0.1}",1,0.702423739686376,0.7289635518224089,I28,t37
SVC,"{'C': 100.0, 'gamma_mult': 0.1}",2,0.6954686794561133,0.7426128693565321,I28,t37
SVC,"{'C': 100.0, 'gamma_mult': 0.1}",3,0.6879846322008145,0.5858707064646768,I28,t37
SVC,"{'C': 100.0, 'gamma_mult': 1.0}",1,0.7238736646349586,0.7012149392530374,I28,t37
SVC,"{'C': 100.0, 'gamma_mult': 1.0}",2,0.6551411101920002,0.6997150142492875,I28,t37
SVC,"{'C': 100.0, 'gamma_mult': 1.0}",3,0.6787772945423707,0.5641217939103045,I28,t37
SVC,"{'C': 100.0, 'gamma_mult': 10.0}",1,0.4661056487808609,0.6062696865156743,I28,t37
SVC,"{'C': 100.0, 'gamma_mult': 10.0}",2,0.45086709781869033,0.6187190640467977,I28,t37
SVC,"{'C': 100.0, 'gamma_mult': 10.0}",3,0.4499787649085151,0.49452527373631316,I28,t37
RF,"{'max_features': 'sqrt', 'min_samples_leaf': 1}",1,0.7378374914788909,0.7018149092545373,I28,t37
RF,"{'max_features': 'sqrt', 'min_samples_leaf': 1}",2,0.6863435348296762,0.7319634018299085,I28,t37
RF,"{'max_features': 'sqrt', 'min_samples_leaf': 1}",3,0.7187656226380765,0.6007199640017999,I28,t37
RF,"{'max_features': 'sqrt', 'min_samples_leaf': 5}",1,0.7403430187946171,0.7061646917654117,I28,t37
RF,"{'max_features': 'sqrt', 'min_samples_leaf': 5}",2,0.6843292696537844,0.7298635068246587,I28,t37
RF,"{'max_features': 'sqrt', 'min_samples_leaf': 5}",3,0.718554363879785,0.6035698215089246,I28,t37
RF,"{'max_features': 0.5, 'min_samples_leaf': 1}",1,0.7395020243245669,0.7009149542522873,I28,t37
RF,"{'max_features': 0.5, 'min_samples_leaf': 1}",2,0.6830811494717399,0.7322633868306585,I28,t37
RF,"{'max_features': 0.5, 'min_samples_leaf': 1}",3,0.7159266683522516,0.5975701214939253,I28,t37
RF,"{'max_features': 0.5, 'min_samples_leaf': 5}",1,0.7421397127867515,0.703164841757912,I28,t37
RF,"{'max_features': 0.5, 'min_samples_leaf': 5}",2,0.6823927458061599,0.7303134843257837,I28,t37
RF,"{'max_features': 0.5, 'min_samples_leaf': 5}",3,0.7187681939150707,0.6029698515074247,I28,t37
RF,"{'max_features': 1.0, 'min_samples_leaf': 1}",1,0.7360984893373006,0.696265186740663,I28,t37
RF,"{'max_features': 1.0, 'min_samples_leaf': 1}",2,0.6853219274843354,0.7297135143242838,I28,t37
RF,"{'max_features': 1.0, 'min_samples_leaf': 1}",3,0.7168743020924725,0.6004199790010499,I28,t37
RF,"{'max_features': 1.0, 'min_samples_leaf': 5}",1,0.7382597536978597,0.7016649167541623,I28,t37
RF,"{'max_features': 1.0, 'min_samples_leaf': 5}",2,0.6794032284682794,0.7295635218239088,I28,t37
RF,"{'max_features': 1.0, 'min_samples_leaf': 5}",3,0.7194224122022673,0.6020698965051747,I28,t37
SVC,"{'C': 0.1, 'gamma_mult': 0.1}",1,0.6417623767894176,0.7340632968351583,I28,t88
SVC,"{'C': 0.1, 'gamma_mult': 0.1}",2,0.5048895958224004,0.6929653517324134,I28,t88
SVC,"{'C': 0.1, 'gamma_mult': 0.1}",3,0.5902595553771608,0.5057747112644367,I28,t88
SVC,"{'C': 0.1, 'gamma_mult': 1.0}",1,0.584995542886456,0.7151642417879106,I28,t88
SVC,"{'C': 0.1, 'gamma_mult': 1.0}",2,0.5293983960388366,0.7087145642717864,I28,t88
SVC,"{'C': 0.1, 'gamma_mult': 1.0}",3,0.5168501268582602,0.5387730613469327,I28,t88
SVC,"{'C': 0.1, 'gamma_mult': 10.0}",1,0.38955046039503344,0.47592620368981553,I28,t88
SVC,"{'C': 0.1, 'gamma_mult': 10.0}",2,0.32857247391658995,0.5645717714114294,I28,t88
SVC,"{'C': 0.1, 'gamma_mult': 10.0}",3,0.33654145805055063,0.400029998500075,I28,t88
SVC,"{'C': 1.0, 'gamma_mult': 0.1}",1,0.742697889837898,0.7285135743212839,I28,t88
SVC,"{'C': 1.0, 'gamma_mult': 0.1}",2,0.6515229702119266,0.7190640467976601,I28,t88
SVC,"{'C': 1.0, 'gamma_mult': 0.1}",3,0.6981702867450508,0.543572821358932,I28,t88
SVC,"{'C': 1.0, 'gamma_mult': 1.0}",1,0.7241380810180216,0.7216139193040348,I28,t88
SVC,"{'C': 1.0, 'gamma_mult': 1.0}",2,0.6421346133905967,0.7289635518224089,I28,t88
SVC,"{'C': 1.0, 'gamma_mult': 1.0}",3,0.7132314803924373,0.5806209689515525,I28,t88
SVC,"{'C': 1.0, 'gamma_mult': 10.0}",1,0.505466316274089,0.63956802159892,I28,t88
SVC,"{'C': 1.0, 'gamma_mult': 10.0}",2,0.47997114855885015,0.6689665516724164,I28,t88
SVC,"{'C': 1.0, 'gamma_mult': 10.0}",3,0.42543218587733056,0.4696265186740663,I28,t88
SVC,"{'C': 10.0, 'gamma_mult': 0.1}",1,0.7549771337152416,0.7274636268186591,I28,t88
SVC,"{'C': 10.0, 'gamma_mult': 0.1}",2,0.6681740401031987,0.728063596820159,I28,t88
SVC,"{'C': 10.0, 'gamma_mult': 0.1}",3,0.7056473531905436,0.5587220638968051,I28,t88
SVC,"{'C': 10.0, 'gamma_mult': 1.0}",1,0.6854113684671614,0.7151642417879106,I28,t88
SVC,"{'C': 10.0, 'gamma_mult': 1.0}",2,0.6423812567863404,0.7217639118044098,I28,t88
SVC,"{'C': 10.0, 'gamma_mult': 1.0}",3,0.7084232898689684,0.5899205039748012,I28,t88
SVC,"{'C': 10.0, 'gamma_mult': 10.0}",1,0.495482122440587,0.607769611519424,I28,t88
SVC,"{'C': 10.0, 'gamma_mult': 10.0}",2,0.4646282932831133,0.6344682765861707,I28,t88
SVC,"{'C': 10.0, 'gamma_mult': 10.0}",3,0.4252290886498831,0.47652617369131545,I28,t88
SVC,"{'C': 100.0, 'gamma_mult': 0.1}",1,0.6857318459148404,0.7288135593220338,I28,t88
SVC,"{'C': 100.0, 'gamma_mult': 0.1}",2,0.6630395656731292,0.7328633568321584,I28,t88
SVC,"{'C': 100.0, 'gamma_mult': 0.1}",3,0.6988664201175732,0.5729713514324284,I28,t88
SVC,"{'C': 100.0, 'gamma_mult': 1.0}",1,0.6599329762787718,0.6818659067046647,I28,t88
SVC,"{'C': 100.0, 'gamma_mult': 1.0}",2,0.6177393132265363,0.6913154342282886,I28,t88
SVC,"{'C': 100.0, 'gamma_mult': 1.0}",3,0.6958679024570508,0.5699715014249288,I28,t88
SVC,"{'C': 100.0, 'gamma_mult': 10.0}",1,0.49337354837366504,0.6047697615119244,I28,t88
SVC,"{'C': 100.0, 'gamma_mult': 10.0}",2,0.4649748248034502,0.6343182840857957,I28,t88
SVC,"{'C': 100.0, 'gamma_mult': 10.0}",3,0.42568219342452124,0.4768261586920654,I28,t88
RF,"{'max_features': 'sqrt', 'min_samples_leaf': 1}",1,0.7543191117422251,0.6917654117294135,I28,t88
RF,"{'max_features': 'sqrt', 'min_samples_leaf': 1}",2,0.6583379994541703,0.7226638668066596,I28,t88
RF,"{'max_features': 'sqrt', 'min_samples_leaf': 1}",3,0.717923431173171,0.5893205339733013,I28,t88
RF,"{'max_features': 'sqrt', 'min_samples_leaf': 5}",1,0.7159886076964008,0.6950652467376631,I28,t88
RF,"{'max_features': 'sqrt', 'min_samples_leaf': 5}",2,0.6461421641360149,0.7232638368081596,I28,t88
RF,"{'max_features': 'sqrt', 'min_samples_leaf': 5}",3,0.7120193029026496,0.5933703314834259,I28,t88
RF,"{'max_features': 0.5, 'min_samples_leaf': 1}",1,0.7557269172410391,0.6884655767211639,I28,t88
RF,"{'max_features': 0.5, 'min_samples_leaf': 1}",2,0.6536773970939714,0.7213139343032848,I28,t88
RF,"{'max_features': 0.5, 'min_samples_leaf': 1}",3,0.7191661758548868,0.5947202639868007,I28,t88
RF,"{'max_features': 0.5, 'min_samples_leaf': 5}",1,0.7180296464544405,0.6944652767361632,I28,t88
RF,"{'max_features': 0.5, 'min_samples_leaf': 5}",2,0.6454768495004981,0.7214639268036598,I28,t88
RF,"{'max_features': 0.5, 'min_samples_leaf': 5}",3,0.7128429427248868,0.5972701364931754,I28,t88
RF,"{'max_features': 1.0, 'min_samples_leaf': 1}",1,0.756254030251603,0.6884655767211639,I28,t88
RF,"{'max_features': 1.0, 'min_samples_leaf': 1}",2,0.6592388247738494,0.7213139343032848,I28,t88
RF,"{'max_features': 1.0, 'min_samples_leaf': 1}",3,0.7076852372299237,0.59982000899955,I28,t88
RF,"{'max_features': 1.0, 'min_samples_leaf': 5}",1,0.7555017975246223,0.6866656667166642,I28,t88
RF,"{'max_features': 1.0, 'min_samples_leaf': 5}",2,0.6483156114778394,0.7217639118044098,I28,t88
RF,"{'max_features': 1.0, 'min_samples_leaf': 5}",3,0.707476557750353,0.6010199490025498,I28,t88
SVC,"{'C': 0.1, 'gamma_mult': 0.1}",1,0.6861641302618565,0.7255137243137844,I28,t139
SVC,"{'C': 0.1, 'gamma_mult': 0.1}",2,0.5572622426291074,0.720113994300285,I28,t139
SVC,"{'C': 0.1, 'gamma_mult': 0.1}",3,0.6322332212063342,0.4847757612119394,I28,t139
SVC,"{'C': 0.1, 'gamma_mult': 1.0}",1,0.5809243134300353,0.7174141292935353,I28,t139
SVC,"{'C': 0.1, 'gamma_mult': 1.0}",2,0.5536564660642226,0.7292635368231588,I28,t139
SVC,"{'C': 0.1, 'gamma_mult': 1.0}",3,0.5208882921649736,0.5306734663266837,I28,t139
SVC,"{'C': 0.1, 'gamma_mult': 10.0}",1,0.38638189171871185,0.5263236838158092,I28,t139
SVC,"{'C': 0.1, 'gamma_mult': 10.0}",2,0.32824267178041505,0.5656217189140543,I28,t139
SVC,"{'C': 0.1, 'gamma_mult': 10.0}",3,0.341929751404097,0.4033298335083246,I28,t139
SVC,"{'C': 1.0, 'gamma_mult': 0.1}",1,0.7413072233633987,0.7220638968051597,I28,t139
SVC,"{'C': 1.0, 'gamma_mult': 0.1}",2,0.674455282248297,0.743962801859907,I28,t139
SVC,"{'C': 1.0, 'gamma_mult': 0.1}",3,0.6989270181607579,0.5321733913304335,I28,t139
SVC,"{'C': 1.0, 'gamma_mult': 1.0}",1,0.7481380383448455,0.7229638518074096,I28,t139
SVC,"{'C': 1.0, 'gamma_mult': 1.0}",2,0.6722134307196187,0.7469626518674066,I28,t139
SVC,"{'C': 1.0, 'gamma_mult': 1.0}",3,0.7216303199703542,0.5746212689365532,I28,t139
SVC,"{'C': 1.0, 'gamma_mult': 10.0}",1,0.47828505783671726,0.6442177891105445,I28,t139
SVC,"{'C': 1.0, 'gamma_mult': 10.0}",2,0.47799837004427126,0.6776661166941653,I28,t139
SVC,"{'C': 1.0, 'gamma_mult': 10.0}",3,0.43556222851918375,0.47652617369131545,I28,t139
SVC,"{'C': 10.0, 'gamma_mult': 0.1}",1,0.7441175598739109,0.7226638668066596,I28,t139
SVC,"{'C': 10.0, 'gamma_mult': 0.1}",2,0.6897227872263654,0.7496625168741563,I28,t139
SVC,"{'C': 10.0, 'gamma_mult': 0.1}",3,0.7156893629624778,0.5620218989050547,I28,t139
SVC,"{'C': 10.0, 'gamma_mult': 1.0}",1,0.7430075469945429,0.7172641367931604,I28,t139
SVC,"{'C': 10.0, 'gamma_mult': 1.0}",2,0.6646867607380905,0.7375131243437828,I28,t139
SVC,"{'C': 10.0, 'gamma_mult': 1.0}",3,0.7233680319870082,0.575971201439928,I28,t139
SVC,"{'C': 10.0, 'gamma_mult': 10.0}",1,0.46735518143716437,0.5981700914954252,I28,t139
SVC,"{'C': 10.0, 'gamma_mult': 10.0}",2,0.46835711373090694,0.6467676616169191,I28,t139
SVC,"{'C': 10.0, 'gamma_mult': 10.0}",3,0.4422645700014637,0.4927253637318134,I28,t139
SVC,"{'C': 100.0, 'gamma_mult': 0.1}",1,0.7506232098426315,0.7285135743212839,I28,t139
SVC,"{'C': 100.0, 'gamma_mult': 0.1}",2,0.6692190199379099,0.7502624868756562,I28,t139
SVC,"{'C': 100.0, 'gamma_mult': 0.1}",3,0.7146451091312478,0.5686215689215539,I28,t139
SVC,"{'C': 100.0, 'gamma_mult': 1.0}",1,0.7280444292480398,0.6853157342132893,I28,t139
SVC,"{'C': 100.0, 'gamma_mult': 1.0}",2,0.6476927831876347,0.7112644367781611,I28,t139
SVC,"{'C': 100.0, 'gamma_mult': 1.0}",3,0.7112776233282921,0.5662216889155542,I28,t139
SVC,"{'C': 100.0, 'gamma_mult': 10.0}",1,0.4678400552928744,0.5981700914954252,I28,t139
SVC,"{'C': 100.0, 'gamma_mult': 10.0}",2,0.46729778783465425,0.6452677366131694,I28,t139
SVC,"{'C': 100.0, 'gamma_mult': 10.0}",3,0.4419830120474515,0.49227538623068845,I28,t139
RF,"{'max_features': 'sqrt', 'min_samples_leaf': 1}",1,0.74953914920242,0.7063146842657867,I28,t139
RF,"{'max_features': 'sqrt', 'min_samples_leaf': 1}",2,0.688730869058656,0.7408129593520324,I28,t139
RF,"{'max_features': 'sqrt', 'min_samples_leaf': 1}",3,0.7261645063249818,0.5903704814759262,I28,t139
RF,"{'max_features': 'sqrt', 'min_samples_leaf': 5}",1,0.7572309587829869,0.7109644517774111,I28,t139
RF,"{'max_features': 'sqrt', 'min_samples_leaf': 5}",2,0.6804602783365333,0.7391630418479076,I28,t139
RF,"{'max_features': 'sqrt', 'min_samples_leaf': 5}",3,0.7242192499914653,0.5893205339733013,I28,t139
RF,"{'max_features': 0.5, 'min_samples_leaf': 1}",1,0.751613749805489,0.7034648267586621,I28,t139
RF,"{'max_features': 0.5, 'min_samples_leaf': 1}",2,0.6880623376112477,0.7390130493475326,I28,t139
RF,"{'max_features': 0.5, 'min_samples_leaf': 1}",3,0.7271411550266386,0.5896205189740513,I28,t139
RF,"{'max_features': 0.5, 'min_samples_leaf': 5}",1,0.7505622963626984,0.7058647067646617,I28,t139
RF,"{'max_features': 0.5, 'min_samples_leaf': 5}",2,0.6855953510485728,0.7388630568471577,I28,t139
RF,"{'max_features': 0.5, 'min_samples_leaf': 5}",3,0.7262519159428885,0.5882705864706764,I28,t139
RF,"{'max_features': 1.0, 'min_samples_leaf': 1}",1,0.7498185489783492,0.7016649167541623,I28,t139
RF,"{'max_features': 1.0, 'min_samples_leaf': 1}",2,0.6954354377643497,0.7390130493475326,I28,t139
RF,"{'max_features': 1.0, 'min_samples_leaf': 1}",3,0.726704459535993,0.5902204889755512,I28,t139
RF,"{'max_features': 1.0, 'min_samples_leaf': 5}",1,0.7524513225282318,0.7061646917654117,I28,t139
RF,"{'max_features': 1.0, 'min_samples_leaf': 5}",2,0.6823832996287404,0.7366131693415329,I28,t139
RF,"{'max_features': 1.0, 'min_samples_leaf': 5}",3,0.7246457874137121,0.5899205039748012,I28,t139
SVC,"{'C': 0.1, 'gamma_mult': 0.1}",1,0.6860882927543096,0.7688615569221539,I8_G9,t15
SVC,"{'C': 0.1, 'gamma_mult': 0.1}",2,0.6481389225733734,0.7720113994300285,I8_G9,t15
SVC,"{'C': 0.1, 'gamma_mult': 0.1}",3,0.6651387923750471,0.5555722213889306,I8_G9,t15
SVC,"{'C': 0.1, 'gamma_mult': 1.0}",1,0.691053517288819,0.7699115044247787,I8_G9,t15
SVC,"{'C': 0.1, 'gamma_mult': 1.0}",2,0.6446443475762841,0.7747112644367782,I8_G9,t15
SVC,"{'C': 0.1, 'gamma_mult': 1.0}",3,0.5927291946099641,0.5987700614969251,I8_G9,t15
SVC,"{'C': 0.1, 'gamma_mult': 10.0}",1,0.4878090014180427,0.6409179541022949,I8_G9,t15
SVC,"{'C': 0.1, 'gamma_mult': 10.0}",2,0.4151480460167485,0.6355182240887955,I8_G9,t15
SVC,"{'C': 0.1, 'gamma_mult': 10.0}",3,0.4110823845256932,0.42837858107094645,I8_G9,t15
SVC,"{'C': 1.0, 'gamma_mult': 0.1}",1,0.7692518068714753,0.7802609869506525,I8_G9,t15
SVC,"{'C': 1.0, 'gamma_mult': 0.1}",2,0.7541390594732065,0.7831108444577771,I8_G9,t15
SVC,"{'C': 1.0, 'gamma_mult': 0.1}",3,0.7929975011930015,0.591870406479676,I8_G9,t15
SVC,"{'C': 1.0, 'gamma_mult': 1.0}",1,0.8109695166926496,0.7736613169341533,I8_G9,t15
SVC,"{'C': 1.0, 'gamma_mult': 1.0}",2,0.7448104509819189,0.7864106794660267,I8_G9,t15
SVC,"{'C': 1.0, 'gamma_mult': 1.0}",3,0.8054518127086988,0.6314684265786711,I8_G9,t15
SVC,"{'C': 1.0, 'gamma_mult': 10.0}",1,0.5843596525907158,0.7298635068246587,I8_G9,t15
SVC,"{'C': 1.0, 'gamma_mult': 10.0}",2,0.5561374661830241,0.7342132893355332,I8_G9,t15
SVC,"{'C': 1.0, 'gamma_mult': 10.0}",3,0.5327072765240175,0.551822408879556,I8_G9,t15
SVC,"{'C': 10.0, 'gamma_mult': 0.1}",1,0.7720335546398651,0.7804109794510274,I8_G9,t15
SVC,"{'C': 10.0, 'gamma_mult': 0.1}",2,0.765200086599551,0.7877606119694015,I8_G9,t15
SVC,"{'C': 10.0, 'gamma_mult': 0.1}",3,0.800350549239233,0.6053697315134243,I8_G9,t15
SVC,"{'C': 10.0, 'gamma_mult': 1.0}",1,0.7700344477524913,0.7700614969251537,I8_G9,t15
SVC,"{'C': 10.0, 'gamma_mult': 1.0}",2,0.7412802952921285,0.7789110544472776,I8_G9,t15
SVC,"{'C': 10.0, 'gamma_mult': 1.0}",3,0.7919479284962859,0.6229188540572972,I8_G9,t15
SVC,"{'C': 10.0, 'gamma_mult': 10.0}",1,0.5520294736177569,0.6547172641367932,I8_G9,t15
SVC,"{'C': 10.0, 'gamma_mult': 10.0}",2,0.5211122635572536,0.6677666116694165,I8_G9,t15
SVC,"{'C': 10.0, 'gamma_mult': 10.0}",3,0.5246157035854377,0.5449227538623069,I8_G9,t15
SVC,"{'C': 100.0, 'gamma_mult': 0.1}",1,0.8119946052513765,0.775461226938653,I8_G9,t15
SVC,"{'C': 100.0, 'gamma_mult': 0.1}",2,0.7545499008550632,0.7855107244637768,I8_G9,t15
SVC,"{'C': 100.0, 'gamma_mult': 0.1}",3,0.8049778926158986,0.6157192140392981,I8_G9,t15
SVC,"{'C': 100.0, 'gamma_mult': 1.0}",1,0.8045706184515303,0.7648117594120294,I8_G9,t15
SVC,"{'C': 100.0, 'gamma_mult': 1.0}",2,0.7217024559046006,0.7646617669116544,I8_G9,t15
SVC,"{'C': 100.0, 'gamma_mult': 1.0}",3,0.7823943219712739,0.6095695215239239,I8_G9,t15
SVC,"{'C': 100.0, 'gamma_mult': 10.0}",1,0.5434467492385959,0.6256187190640468,I8_G9,t15
SVC,"{'C': 100.0, 'gamma_mult': 10.0}",2,0.503548116400354,0.6347682615869207,I8_G9,t15
SVC,"{'C': 100.0, 'gamma_mult': 10.0}",3,0.517043579703677,0.536223188840558,I8_G9,t15
RF,"{'max_features': 'sqrt', 'min_samples_leaf': 1}",1,0.8041161517237725,0.7483125843707814,I8_G9,t15
RF,"{'max_features': 'sqrt', 'min_samples_leaf': 1}",2,0.7450501271446436,0.7747112644367782,I8_G9,t15
RF,"{'max_features': 'sqrt', 'min_samples_leaf': 1}",3,0.8033539079789375,0.6385180740962952,I8_G9,t15
RF,"{'max_features': 'sqrt', 'min_samples_leaf': 5}",1,0.8081919964658002,0.7574621268936553,I8_G9,t15
RF,"{'max_features': 'sqrt', 'min_samples_leaf': 5}",2,0.7319376963411972,0.7775611219439028,I8_G9,t15
RF,"{'max_features': 'sqrt', 'min_samples_leaf': 5}",3,0.8016511178274083,0.6392680365981701,I8_G9,t15
RF,"{'max_features': 0.5, 'min_samples_leaf': 1}",1,0.8051331755270155,0.7490625468726564,I8_G9,t15
RF,"{'max_features': 0.5, 'min_samples_leaf': 1}",2,0.7419515567349759,0.7748612569371531,I8_G9,t15
RF,"{'max_features': 0.5, 'min_samples_leaf': 1}",3,0.8028480735300964,0.6367181640917954,I8_G9,t15
RF,"{'max_features': 0.5, 'min_samples_leaf': 5}",1,0.8062030649271407,0.7555122243887805,I8_G9,t15
RF,"{'max_features': 0.5, 'min_samples_leaf': 5}",2,0.7337288273919287,0.7775611219439028,I8_G9,t15
RF,"{'max_features': 0.5, 'min_samples_leaf': 5}",3,0.7966280052040402,0.6409179541022949,I8_G9,t15
RF,"{'max_features': 1.0, 'min_samples_leaf': 1}",1,0.7585084345720394,0.7417129143542823,I8_G9,t15
RF,"{'max_features': 1.0, 'min_samples_leaf': 1}",2,0.7217856815025183,0.768561571921404,I8_G9,t15
RF,"{'max_features': 1.0, 'min_samples_leaf': 1}",3,0.785190765748561,0.6340182990850457,I8_G9,t15
RF,"{'max_features': 1.0, 'min_samples_leaf': 5}",1,0.7606604434224122,0.7508624568771561,I8_G9,t15
RF,"{'max_features': 1.0, 'min_samples_leaf': 5}",2,0.7137246391476252,0.7738113094345282,I8_G9,t15
RF,"{'max_features': 1.0, 'min_samples_leaf': 5}",3,0.7875534442757509,0.6401679916004199,I8_G9,t15
SVC,"{'C': 0.1, 'gamma_mult': 0.1}",1,0.6765975829655451,0.7396130193490326,I8_G9,t37
SVC,"{'C': 0.1, 'gamma_mult': 0.1}",2,0.6063333035932758,0.76001199940003,I8_G9,t37
SVC,"{'C': 0.1, 'gamma_mult': 0.1}",3,0.60409830213648,0.5342732863356832,I8_G9,t37
SVC,"{'C': 0.1, 'gamma_mult': 1.0}",1,0.6776190754998026,0.7400629968501575,I8_G9,t37
SVC,"{'C': 0.1, 'gamma_mult': 1.0}",2,0.6315581040795559,0.7583620818959053,I8_G9,t37
SVC,"{'C': 0.1, 'gamma_mult': 1.0}",3,0.6641072674120301,0.5890205489725514,I8_G9,t37
SVC,"{'C': 0.1, 'gamma_mult': 10.0}",1,0.4755893799776868,0.6209689515524224,I8_G9,t37
SVC,"{'C': 0.1, 'gamma_mult': 10.0}",2,0.4018475236244684,0.6190190490475477,I8_G9,t37
SVC,"{'C': 0.1, 'gamma_mult': 10.0}",3,0.420395801484318,0.43107844607769613,I8_G9,t37
SVC,"{'C': 1.0, 'gamma_mult': 0.1}",1,0.762090520248823,0.7472626368681566,I8_G9,t37
SVC,"{'C': 1.0, 'gamma_mult': 0.1}",2,0.7495313465243458,0.7723113844307785,I8_G9,t37
SVC,"{'C': 1.0, 'gamma_mult': 0.1}",3,0.7593032615645507,0.5615719214039298,I8_G9,t37
SVC,"{'C': 1.0, 'gamma_mult': 1.0}",1,0.8009689480642773,0.7465126743662817,I8_G9,t37
SVC,"{'C': 1.0, 'gamma_mult': 1.0}",2,0.7435244162969991,0.7682615869206539,I8_G9,t37
SVC,"{'C': 1.0, 'gamma_mult': 1.0}",3,0.7746926103541284,0.6169191540422979,I8_G9,t37
SVC,"{'C': 1.0, 'gamma_mult': 10.0}",1,0.6095157939610354,0.7117144142792861,I8_G9,t37
SVC,"{'C': 1.0, 'gamma_mult': 10.0}",2,0.5491153085069393,0.7138143092845358,I8_G9,t37
SVC,"{'C': 1.0, 'gamma_mult': 10.0}",3,0.5518650471342783,0.5461226938653068,I8_G9,t37
SVC,"{'C': 10.0, 'gamma_mult': 0.1}",1,0.7999650603074662,0.7547622618869056,I8_G9,t37
SVC,"{'C': 10.0, 'gamma_mult': 0.1}",2,0.7539949640066462,0.7717114144292785,I8_G9,t37
SVC,"{'C': 10.0, 'gamma_mult': 0.1}",3,0.7565664881325355,0.5801709914504275,I8_G9,t37
SVC,"{'C': 10.0, 'gamma_mult': 1.0}",1,0.7176881749422885,0.7451627418629069,I8_G9,t37
SVC,"{'C': 10.0, 'gamma_mult': 1.0}",2,0.7196668228599401,0.7613619319034048,I8_G9,t37
SVC,"{'C': 10.0, 'gamma_mult': 1.0}",3,0.7706230878374306,0.6067196640167991,I8_G9,t37
SVC,"{'C': 10.0, 'gamma_mult': 10.0}",1,0.5799688290546211,0.6548672566371682,I8_G9,t37
SVC,"{'C': 10.0, 'gamma_mult': 10.0}",2,0.5246417401167469,0.664766761661917,I8_G9,t37
SVC,"{'C': 10.0, 'gamma_mult': 10.0}",3,0.5402076428189786,0.5428228588570572,I8_G9,t37
SVC,"{'C': 100.0, 'gamma_mult': 0.1}",1,0.7611050164053363,0.7513124343782811,I8_G9,t37
SVC,"{'C': 100.0, 'gamma_mult': 0.1}",2,0.7362830517182368,0.768561571921404,I8_G9,t37
SVC,"{'C': 100.0, 'gamma_mult': 0.1}",3,0.760020658669167,0.5927703614819259,I8_G9,t37
SVC,"{'C': 100.0, 'gamma_mult': 1.0}",1,0.7134744562895075,0.7429128543572822,I8_G9,t37
SVC,"{'C': 100.0, 'gamma_mult': 1.0}",2,0.696257759500842,0.743812809359532,I8_G9,t37
SVC,"{'C': 100.0, 'gamma_mult': 1.0}",3,0.7536732148761986,0.5962201889905505,I8_G9,t37
SVC,"{'C': 100.0, 'gamma_mult': 10.0}",1,0.5656324057436727,0.6122693865306734,I8_G9,t37
SVC,"{'C': 100.0, 'gamma_mult': 10.0}",2,0.5108551996121274,0.6362681865906704,I8_G9,t37
SVC,"{'C': 100.0, 'gamma_mult': 10.0}",3,0.5281304856486777,0.5281235938203089,I8_G9,t37
RF,"{'max_features': 'sqrt', 'min_samples_leaf': 1}",1,0.7989971999364498,0.7232638368081596,I8_G9,t37
RF,"{'max_features': 'sqrt', 'min_samples_leaf': 1}",2,0.7375379219384156,0.7609119544022799,I8_G9,t37
RF,"{'max_features': 'sqrt', 'min_samples_leaf': 1}",3,0.7796773738750089,0.6226188690565472,I8_G9,t37
RF,"{'max_features': 'sqrt', 'min_samples_leaf': 5}",1,0.7986471770468734,0.7270136493175341,I8_G9,t37
RF,"{'max_features': 'sqrt', 'min_samples_leaf': 5}",2,0.7292892474400435,0.7630118494075296,I8_G9,t37
RF,"{'max_features': 'sqrt', 'min_samples_leaf': 5}",3,0.7807073769521914,0.6287685615719214,I8_G9,t37
RF,"{'max_features': 0.5, 'min_samples_leaf': 1}",1,0.7994563353046557,0.728063596820159,I8_G9,t37
RF,"{'max_features': 0.5, 'min_samples_leaf': 1}",2,0.7358513579000503,0.7595620218989051,I8_G9,t37
RF,"{'max_features': 0.5, 'min_samples_leaf': 1}",3,0.7793306592792645,0.623368831558422,I8_G9,t37
RF,"{'max_features': 0.5, 'min_samples_leaf': 5}",1,0.7948400000695418,0.7231138443077846,I8_G9,t37
RF,"{'max_features': 0.5, 'min_samples_leaf': 5}",2,0.7265284297549324,0.7622618869056547,I8_G9,t37
RF,"{'max_features': 0.5, 'min_samples_leaf': 5}",3,0.7824690257748781,0.6257687115644218,I8_G9,t37
RF,"{'max_features': 1.0, 'min_samples_leaf': 1}",1,0.7952258973589779,0.7220638968051597,I8_G9,t37
RF,"{'max_features': 1.0, 'min_samples_leaf': 1}",2,0.7338879219037638,0.752812359382031,I8_G9,t37
RF,"{'max_features': 1.0, 'min_samples_leaf': 1}",3,0.7640435062562969,0.6178191090445477,I8_G9,t37
RF,"{'max_features': 1.0, 'min_samples_leaf': 5}",1,0.796981237680808,0.7240137993100345,I8_G9,t37
RF,"{'max_features': 1.0, 'min_samples_leaf': 5}",2,0.7289193521496651,0.7534123293835309,I8_G9,t37
RF,"{'max_features': 1.0, 'min_samples_leaf': 5}",3,0.7535561489240591,0.6172191390430478,I8_G9,t37
SVC,"{'C': 0.1, 'gamma_mult': 0.1}",1,0.6418632553385805,0.75941202939853,I8_G9,t88
SVC,"{'C': 0.1, 'gamma_mult': 0.1}",2,0.6049267065382029,0.7552122393880306,I8_G9,t88
SVC,"{'C': 0.1, 'gamma_mult': 0.1}",3,0.5773576268200797,0.5378731063446828,I8_G9,t88
SVC,"{'C': 0.1, 'gamma_mult': 1.0}",1,0.6495094495999401,0.7489125543722814,I8_G9,t88
SVC,"{'C': 0.1, 'gamma_mult': 1.0}",2,0.6356689705477693,0.7612119394030299,I8_G9,t88
SVC,"{'C': 0.1, 'gamma_mult': 1.0}",3,0.6211504334119803,0.576121193940303,I8_G9,t88
SVC,"{'C': 0.1, 'gamma_mult': 10.0}",1,0.4971645389221238,0.5825708714564272,I8_G9,t88
SVC,"{'C': 0.1, 'gamma_mult': 10.0}",2,0.4203369033403339,0.6293685315734213,I8_G9,t88
SVC,"{'C': 0.1, 'gamma_mult': 10.0}",3,0.41323408392265415,0.4265786710664467,I8_G9,t88
SVC,"{'C': 1.0, 'gamma_mult': 0.1}",1,0.7651723347430817,0.7589620518974052,I8_G9,t88
SVC,"{'C': 1.0, 'gamma_mult': 0.1}",2,0.7096813008403596,0.7675116244187791,I8_G9,t88
SVC,"{'C': 1.0, 'gamma_mult': 0.1}",3,0.7705563317341276,0.5669716514174291,I8_G9,t88
SVC,"{'C': 1.0, 'gamma_mult': 1.0}",1,0.7689990253761065,0.752362381880906,I8_G9,t88
SVC,"{'C': 1.0, 'gamma_mult': 1.0}",2,0.712563133339456,0.7718614069296535,I8_G9,t88
SVC,"{'C': 1.0, 'gamma_mult': 1.0}",3,0.749146580595199,0.6067196640167991,I8_G9,t88
SVC,"{'C': 1.0, 'gamma_mult': 10.0}",1,0.5831824031734307,0.6971651417429129,I8_G9,t88
SVC,"{'C': 1.0, 'gamma_mult': 10.0}",2,0.5614124412306113,0.7162141892905355,I8_G9,t88
SVC,"{'C': 1.0, 'gamma_mult': 10.0}",3,0.5282660353074641,0.5387730613469327,I8_G9,t88
SVC,"{'C': 10.0, 'gamma_mult': 0.1}",1,0.7690801224009485,0.7552122393880306,I8_G9,t88
SVC,"{'C': 10.0, 'gamma_mult': 0.1}",2,0.7340641905363381,0.7736613169341533,I8_G9,t88
SVC,"{'C': 10.0, 'gamma_mult': 0.1}",3,0.7717821318809053,0.575521223938803,I8_G9,t88
SVC,"{'C': 10.0, 'gamma_mult': 1.0}",1,0.7648173272071623,0.7460626968651567,I8_G9,t88
SVC,"{'C': 10.0, 'gamma_mult': 1.0}",2,0.7075644983621996,0.7642117894105295,I8_G9,t88
SVC,"{'C': 10.0, 'gamma_mult': 1.0}",3,0.7470318089314236,0.6053697315134243,I8_G9,t88
SVC,"{'C': 10.0, 'gamma_mult': 10.0}",1,0.560440479172412,0.6515674216289186,I8_G9,t88
SVC,"{'C': 10.0, 'gamma_mult': 10.0}",2,0.5372182196206778,0.6646167691615419,I8_G9,t88
SVC,"{'C': 10.0, 'gamma_mult': 10.0}",3,0.5251251718114369,0.5467226638668067,I8_G9,t88
SVC,"{'C': 100.0, 'gamma_mult': 0.1}",1,0.8091762426041411,0.7529623518824059,I8_G9,t88
SVC,"{'C': 100.0, 'gamma_mult': 0.1}",2,0.7243307837284252,0.7723113844307785,I8_G9,t88
SVC,"{'C': 100.0, 'gamma_mult': 0.1}",3,0.7669016020991078,0.5867706614669267,I8_G9,t88
SVC,"{'C': 100.0, 'gamma_mult': 1.0}",1,0.7199543346513133,0.7336133193340333,I8_G9,t88
SVC,"{'C': 100.0, 'gamma_mult': 1.0}",2,0.6892658871842519,0.7465126743662817,I8_G9,t88
SVC,"{'C': 100.0, 'gamma_mult': 1.0}",3,0.7038616379277347,0.5968201589920504,I8_G9,t88
SVC,"{'C': 100.0, 'gamma_mult': 10.0}",1,0.5514892021671886,0.623368831558422,I8_G9,t88
SVC,"{'C': 100.0, 'gamma_mult': 10.0}",2,0.5275941409707596,0.6445177741112944,I8_G9,t88
SVC,"{'C': 100.0, 'gamma_mult': 10.0}",3,0.5153819971587209,0.5368231588420579,I8_G9,t88
RF,"{'max_features': 'sqrt', 'min_samples_leaf': 1}",1,0.8063248197001716,0.7166641667916605,I8_G9,t88
RF,"{'max_features': 'sqrt', 'min_samples_leaf': 1}",2,0.7012173393794674,0.7580620968951552,I8_G9,t88
RF,"{'max_features': 'sqrt', 'min_samples_leaf': 1}",3,0.7748118395366209,0.6259187040647968,I8_G9,t88
RF,"{'max_features': 'sqrt', 'min_samples_leaf': 5}",1,0.7667323817009732,0.7177141142942853,I8_G9,t88
RF,"{'max_features': 'sqrt', 'min_samples_leaf': 5}",2,0.6946246541422062,0.7588120593970301,I8_G9,t88
RF,"{'max_features': 'sqrt', 'min_samples_leaf': 5}",3,0.7757135312332316,0.6254687265636718,I8_G9,t88
RF,"{'max_features': 0.5, 'min_samples_leaf': 1}",1,0.8059901756778164,0.7154642267886606,I8_G9,t88
RF,"{'max_features': 0.5, 'min_samples_leaf': 1}",2,0.7141734184136266,0.7586620668966552,I8_G9,t88
RF,"{'max_features': 0.5, 'min_samples_leaf': 1}",3,0.7800729347068831,0.6230688465576721,I8_G9,t88
RF,"{'max_features': 0.5, 'min_samples_leaf': 5}",1,0.8080566248807965,0.72026398680066,I8_G9,t88
RF,"{'max_features': 0.5, 'min_samples_leaf': 5}",2,0.6940527201344925,0.7592620368981551,I8_G9,t88
RF,"{'max_features': 0.5, 'min_samples_leaf': 5}",3,0.7783843433538087,0.6254687265636718,I8_G9,t88
RF,"{'max_features': 1.0, 'min_samples_leaf': 1}",1,0.8028342091281064,0.7129143542822859,I8_G9,t88
RF,"{'max_features': 1.0, 'min_samples_leaf': 1}",2,0.6923280385384122,0.7522123893805309,I8_G9,t88
RF,"{'max_features': 1.0, 'min_samples_leaf': 1}",3,0.7671859961660622,0.6193190340482976,I8_G9,t88
RF,"{'max_features': 1.0, 'min_samples_leaf': 5}",1,0.8054085324499429,0.7177141142942853,I8_G9,t88
RF,"{'max_features': 1.0, 'min_samples_leaf': 5}",2,0.6790259108403793,0.7559622018899055,I8_G9,t88
RF,"{'max_features': 1.0, 'min_samples_leaf': 5}",3,0.7601168677949799,0.6227688615569221,I8_G9,t88
SVC,"{'C': 0.1, 'gamma_mult': 0.1}",1,0.6712547732331523,0.7429128543572822,I8_G9,t139
SVC,"{'C': 0.1, 'gamma_mult': 0.1}",2,0.631848102137187,0.7682615869206539,I8_G9,t139
SVC,"{'C': 0.1, 'gamma_mult': 0.1}",3,0.6482159531289338,0.5263236838158092,I8_G9,t139
SVC,"{'C': 0.1, 'gamma_mult': 1.0}",1,0.6339359054471118,0.7396130193490326,I8_G9,t139
SVC,"{'C': 0.1, 'gamma_mult': 1.0}",2,0.6418732693814378,0.7667616619169042,I8_G9,t139
SVC,"{'C': 0.1, 'gamma_mult': 1.0}",3,0.6102186599204413,0.5734213289335534,I8_G9,t139
SVC,"{'C': 0.1, 'gamma_mult': 10.0}",1,0.4689711524607268,0.6083695815209239,I8_G9,t139
SVC,"{'C': 0.1, 'gamma_mult': 10.0}",2,0.41231128207135004,0.6245687715614219,I8_G9,t139
SVC,"{'C': 0.1, 'gamma_mult': 10.0}",3,0.43037764612065976,0.4343782810859457,I8_G9,t139
SVC,"{'C': 1.0, 'gamma_mult': 0.1}",1,0.7541828346719729,0.7466626668666567,I8_G9,t139
SVC,"{'C': 1.0, 'gamma_mult': 0.1}",2,0.7158603944356245,0.7757612119394031,I8_G9,t139
SVC,"{'C': 1.0, 'gamma_mult': 0.1}",3,0.7762364351905602,0.5626218689065546,I8_G9,t139
SVC,"{'C': 1.0, 'gamma_mult': 1.0}",1,0.7945802251718723,0.7460626968651567,I8_G9,t139
SVC,"{'C': 1.0, 'gamma_mult': 1.0}",2,0.7336359687263465,0.7789110544472776,I8_G9,t139
SVC,"{'C': 1.0, 'gamma_mult': 1.0}",3,0.7925240639928559,0.6061196940152992,I8_G9,t139
SVC,"{'C': 1.0, 'gamma_mult': 10.0}",1,0.5578767234765442,0.7046647667616619,I8_G9,t139
SVC,"{'C': 1.0, 'gamma_mult': 10.0}",2,0.5643963150714081,0.7319634018299085,I8_G9,t139
SVC,"{'C': 1.0, 'gamma_mult': 10.0}",3,0.5440049661245249,0.5473226338683066,I8_G9,t139
SVC,"{'C': 10.0, 'gamma_mult': 0.1}",1,0.7954644791221284,0.7541622918854057,I8_G9,t139
SVC,"{'C': 10.0, 'gamma_mult': 0.1}",2,0.7349492588103513,0.7771111444427778,I8_G9,t139
SVC,"{'C': 10.0, 'gamma_mult': 0.1}",3,0.7789020659094789,0.5725213739313034,I8_G9,t139
SVC,"{'C': 10.0, 'gamma_mult': 1.0}",1,0.7482616476795771,0.7430628468576571,I8_G9,t139
SVC,"{'C': 10.0, 'gamma_mult': 1.0}",2,0.722400919181832,0.7708114594270287,I8_G9,t139
SVC,"{'C': 10.0, 'gamma_mult': 1.0}",3,0.7808754942575696,0.6008699565021749,I8_G9,t139
SVC,"{'C': 10.0, 'gamma_mult': 10.0}",1,0.529436152822971,0.6467676616169191,I8_G9,t139
SVC,"{'C': 10.0, 'gamma_mult': 10.0}",2,0.5364078793236725,0.6769161541922903,I8_G9,t139
SVC,"{'C': 10.0, 'gamma_mult': 10.0}",3,0.5355087891945031,0.5467226638668067,I8_G9,t139
SVC,"{'C': 100.0, 'gamma_mult': 0.1}",1,0.7945778642123594,0.7517624118794061,I8_G9,t139
SVC,"{'C': 100.0, 'gamma_mult': 0.1}",2,0.7420497839729583,0.7796610169491526,I8_G9,t139
SVC,"{'C': 100.0, 'gamma_mult': 0.1}",3,0.7841961784940772,0.5843707814609269,I8_G9,t139
SVC,"{'C': 100.0, 'gamma_mult': 1.0}",1,0.7424928810506994,0.7402129893505325,I8_G9,t139
SVC,"{'C': 100.0, 'gamma_mult': 1.0}",2,0.7069970417037821,0.7592620368981551,I8_G9,t139
SVC,"{'C': 100.0, 'gamma_mult': 1.0}",3,0.7646280382971489,0.5899205039748012,I8_G9,t139
SVC,"{'C': 100.0, 'gamma_mult': 10.0}",1,0.5173870188458691,0.6137693115344233,I8_G9,t139
SVC,"{'C': 100.0, 'gamma_mult': 10.0}",2,0.5270440687471877,0.6566671666416679,I8_G9,t139
SVC,"{'C': 100.0, 'gamma_mult': 10.0}",3,0.5256052027814893,0.5336733163341832,I8_G9,t139
RF,"{'max_features': 'sqrt', 'min_samples_leaf': 1}",1,0.7909246197262713,0.7252137393130343,I8_G9,t139
RF,"{'max_features': 'sqrt', 'min_samples_leaf': 1}",2,0.7315513594248213,0.7672116394180291,I8_G9,t139
RF,"{'max_features': 'sqrt', 'min_samples_leaf': 1}",3,0.7938193379356724,0.6196190190490476,I8_G9,t139
RF,"{'max_features': 'sqrt', 'min_samples_leaf': 5}",1,0.7937273702209204,0.7325633718314084,I8_G9,t139
RF,"{'max_features': 'sqrt', 'min_samples_leaf': 5}",2,0.725692085139386,0.7726113694315284,I8_G9,t139
RF,"{'max_features': 'sqrt', 'min_samples_leaf': 5}",3,0.7930707052450904,0.6209689515524224,I8_G9,t139
RF,"{'max_features': 0.5, 'min_samples_leaf': 1}",1,0.7868521167946182,0.7240137993100345,I8_G9,t139
RF,"{'max_features': 0.5, 'min_samples_leaf': 1}",2,0.7346734310084151,0.767961601919904,I8_G9,t139
RF,"{'max_features': 0.5, 'min_samples_leaf': 1}",3,0.7900624015162546,0.6152692365381731,I8_G9,t139
RF,"{'max_features': 0.5, 'min_samples_leaf': 5}",1,0.7927672719484791,0.7310634468276587,I8_G9,t139
RF,"{'max_features': 0.5, 'min_samples_leaf': 5}",2,0.7291311232447489,0.7711114444277786,I8_G9,t139
RF,"{'max_features': 0.5, 'min_samples_leaf': 5}",3,0.7879980513037829,0.6149692515374231,I8_G9,t139
RF,"{'max_features': 1.0, 'min_samples_leaf': 1}",1,0.7876240256644014,0.7237138143092845,I8_G9,t139
RF,"{'max_features': 1.0, 'min_samples_leaf': 1}",2,0.7311408170246303,0.7642117894105295,I8_G9,t139
RF,"{'max_features': 1.0, 'min_samples_leaf': 1}",3,0.7875567193987184,0.6148192590370481,I8_G9,t139
RF,"{'max_features': 1.0, 'min_samples_leaf': 5}",1,0.7901148832681273,0.7301634918254087,I8_G9,t139
RF,"{'max_features': 1.0, 'min_samples_leaf': 5}",2,0.7257628510265806,0.767661616919154,I8_G9,t139
RF,"{'max_features': 1.0, 'min_samples_leaf': 5}",3,0.7891589291312208,0.6166191690415479,I8_G9,t139
SVC,"{'C': 0.1, 'gamma_mult': 0.1}",1,0.6388096780019066,0.7658617069146543,F12,t15
SVC,"{'C': 0.1, 'gamma_mult': 0.1}",2,0.6109900746334591,0.7652617369131544,F12,t15
SVC,"{'C': 0.1, 'gamma_mult': 0.1}",3,0.5862648706745214,0.536223188840558,F12,t15
SVC,"{'C': 0.1, 'gamma_mult': 1.0}",1,0.6855340408443154,0.767961601919904,F12,t15
SVC,"{'C': 0.1, 'gamma_mult': 1.0}",2,0.6407075307259451,0.768411579421029,F12,t15
SVC,"{'C': 0.1, 'gamma_mult': 1.0}",3,0.6196612429154876,0.5959202039898005,F12,t15
SVC,"{'C': 0.1, 'gamma_mult': 10.0}",1,0.44647055810091646,0.5941202939853008,F12,t15
SVC,"{'C': 0.1, 'gamma_mult': 10.0}",2,0.3685933274881754,0.5974201289935503,F12,t15
SVC,"{'C': 0.1, 'gamma_mult': 10.0}",3,0.37312479421069933,0.41262936853157345,F12,t15
SVC,"{'C': 1.0, 'gamma_mult': 0.1}",1,0.7670854089730665,0.7781610919454027,F12,t15
SVC,"{'C': 1.0, 'gamma_mult': 0.1}",2,0.7486211618849938,0.7801109944502775,F12,t15
SVC,"{'C': 1.0, 'gamma_mult': 0.1}",3,0.7884169588836614,0.5821208939553022,F12,t15
SVC,"{'C': 1.0, 'gamma_mult': 1.0}",1,0.815213069146916,0.776361181940903,F12,t15
SVC,"{'C': 1.0, 'gamma_mult': 1.0}",2,0.7424551584842878,0.784160791960402,F12,t15
SVC,"{'C': 1.0, 'gamma_mult': 1.0}",3,0.808830482511514,0.6359682015899205,F12,t15
SVC,"{'C': 1.0, 'gamma_mult': 10.0}",1,0.5606100003802436,0.7079646017699115,F12,t15
SVC,"{'C': 1.0, 'gamma_mult': 10.0}",2,0.5315076283441953,0.7144142792860357,F12,t15
SVC,"{'C': 1.0, 'gamma_mult': 10.0}",3,0.5144926570151208,0.5329233538323084,F12,t15
SVC,"{'C': 10.0, 'gamma_mult': 0.1}",1,0.811944893345488,0.7795110244487775,F12,t15
SVC,"{'C': 10.0, 'gamma_mult': 0.1}",2,0.762801114600516,0.7849107544622769,F12,t15
SVC,"{'C': 10.0, 'gamma_mult': 0.1}",3,0.801811820804071,0.6089695515224238,F12,t15
SVC,"{'C': 10.0, 'gamma_mult': 1.0}",1,0.7724594828639605,0.7715614219289035,F12,t15
SVC,"{'C': 10.0, 'gamma_mult': 1.0}",2,0.7281518820876383,0.7735113244337783,F12,t15
SVC,"{'C': 10.0, 'gamma_mult': 1.0}",3,0.8001545633207318,0.6310184490775461,F12,t15
SVC,"{'C': 10.0, 'gamma_mult': 10.0}",1,0.543715579320048,0.6448177591120444,F12,t15
SVC,"{'C': 10.0, 'gamma_mult': 10.0}",2,0.5109015894738111,0.664316784160792,F12,t15
SVC,"{'C': 10.0, 'gamma_mult': 10.0}",3,0.5162915791886526,0.5368231588420579,F12,t15
SVC,"{'C': 100.0, 'gamma_mult': 0.1}",1,0.7744702544172309,0.7790610469476527,F12,t15
SVC,"{'C': 100.0, 'gamma_mult': 0.1}",2,0.7473905220039013,0.7829608519574022,F12,t15
SVC,"{'C': 100.0, 'gamma_mult': 0.1}",3,0.8067848630312977,0.6178191090445477,F12,t15
SVC,"{'C': 100.0, 'gamma_mult': 1.0}",1,0.8019873548459362,0.7586620668966552,F12,t15
SVC,"{'C': 100.0, 'gamma_mult': 1.0}",2,0.7017227551337204,0.7496625168741563,F12,t15
SVC,"{'C': 100.0, 'gamma_mult': 1.0}",3,0.781816484551258,0.6100194990250487,F12,t15
SVC,"{'C': 100.0, 'gamma_mult': 10.0}",1,0.5389938901560151,0.6293685315734213,F12,t15
SVC,"{'C': 100.0, 'gamma_mult': 10.0}",2,0.5056314687984645,0.6539673016349182,F12,t15
SVC,"{'C': 100.0, 'gamma_mult': 10.0}",3,0.511957280737261,0.5318734063296835,F12,t15
RF,"{'max_features': 'sqrt', 'min_samples_leaf': 1}",1,0.8135293763585139,0.7556622168891556,F12,t15
RF,"{'max_features': 'sqrt', 'min_samples_leaf': 1}",2,0.7434975855389352,0.7757612119394031,F12,t15
RF,"{'max_features': 'sqrt', 'min_samples_leaf': 1}",3,0.8099035930159602,0.63986800659967,F12,t15
RF,"{'max_features': 'sqrt', 'min_samples_leaf': 5}",1,0.8131164788582627,0.760161991900405,F12,t15
RF,"{'max_features': 'sqrt', 'min_samples_leaf': 5}",2,0.7288228573640095,0.7793610319484026,F12,t15
RF,"{'max_features': 'sqrt', 'min_samples_leaf': 5}",3,0.8022553093870723,0.64076796160192,F12,t15
RF,"{'max_features': 0.5, 'min_samples_leaf': 1}",1,0.8117322874115036,0.751912404379781,F12,t15
RF,"{'max_features': 0.5, 'min_samples_leaf': 1}",2,0.7422479323045763,0.7742612869356532,F12,t15
RF,"{'max_features': 0.5, 'min_samples_leaf': 1}",3,0.7984232842929323,0.6370181490925454,F12,t15
RF,"{'max_features': 0.5, 'min_samples_leaf': 5}",1,0.7708964618593651,0.7549122543872806,F12,t15
RF,"{'max_features': 0.5, 'min_samples_leaf': 5}",2,0.7296387671814524,0.7786110694465277,F12,t15
RF,"{'max_features': 0.5, 'min_samples_leaf': 5}",3,0.7961699872824509,0.6389680515974201,F12,t15
RF,"{'max_features': 1.0, 'min_samples_leaf': 1}",1,0.7610481057809684,0.7442627868606569,F12,t15
RF,"{'max_features': 1.0, 'min_samples_leaf': 1}",2,0.7287053111345293,0.7720113994300285,F12,t15
RF,"{'max_features': 1.0, 'min_samples_leaf': 1}",3,0.7972957391747757,0.6370181490925454,F12,t15
RF,"{'max_features': 1.0, 'min_samples_leaf': 5}",1,0.7638861347850845,0.7544622768861557,F12,t15
RF,"{'max_features': 1.0, 'min_samples_leaf': 5}",2,0.7060115922689462,0.7736613169341533,F12,t15
RF,"{'max_features': 1.0, 'min_samples_leaf': 5}",3,0.7865559875697036,0.6397180140992951,F12,t15
SVC,"{'C': 0.1, 'gamma_mult': 0.1}",1,0.6338395899899916,0.7411129443527824,F12,t37
SVC,"{'C': 0.1, 'gamma_mult': 0.1}",2,0.595475377714479,0.7564121793910304,F12,t37
SVC,"{'C': 0.1, 'gamma_mult': 0.1}",3,0.5678422753401045,0.5182240887955603,F12,t37
SVC,"{'C': 0.1, 'gamma_mult': 1.0}",1,0.7175552720822758,0.7403629818509074,F12,t37
SVC,"{'C': 0.1, 'gamma_mult': 1.0}",2,0.6476003687087659,0.7613619319034048,F12,t37
SVC,"{'C': 0.1, 'gamma_mult': 1.0}",3,0.6741424434863462,0.5731213439328033,F12,t37
SVC,"{'C': 0.1, 'gamma_mult': 10.0}",1,0.44647341523356043,0.5905204739763011,F12,t37
SVC,"{'C': 0.1, 'gamma_mult': 10.0}",2,0.35895001753692807,0.5872206389680515,F12,t37
SVC,"{'C': 0.1, 'gamma_mult': 10.0}",3,0.38662621259994856,0.41862906854657267,F12,t37
SVC,"{'C': 1.0, 'gamma_mult': 0.1}",1,0.7624179368040458,0.7457627118644068,F12,t37
SVC,"{'C': 1.0, 'gamma_mult': 0.1}",2,0.7392504719082253,0.7702114894255288,F12,t37
SVC,"{'C': 1.0, 'gamma_mult': 0.1}",3,0.7587031544035518,0.5548222588870556,F12,t37
SVC,"{'C': 1.0, 'gamma_mult': 1.0}",1,0.8003479487029865,0.7465126743662817,F12,t37
SVC,"{'C': 1.0, 'gamma_mult': 1.0}",2,0.7412899082334142,0.7703614819259037,F12,t37
SVC,"{'C': 1.0, 'gamma_mult': 1.0}",3,0.7731665139220545,0.6100194990250487,F12,t37
SVC,"{'C': 1.0, 'gamma_mult': 10.0}",1,0.5986190023020871,0.6991150442477876,F12,t37
SVC,"{'C': 1.0, 'gamma_mult': 10.0}",2,0.5337776259502249,0.703914804259787,F12,t37
SVC,"{'C': 1.0, 'gamma_mult': 10.0}",3,0.5422563867087111,0.5386230688465576,F12,t37
SVC,"{'C': 10.0, 'gamma_mult': 0.1}",1,0.8020350789146923,0.7549122543872806,F12,t37
SVC,"{'C': 10.0, 'gamma_mult': 0.1}",2,0.7534914882822819,0.7727613619319034,F12,t37
SVC,"{'C': 10.0, 'gamma_mult': 0.1}",3,0.7640832007883296,0.5771711414429278,F12,t37
SVC,"{'C': 10.0, 'gamma_mult': 1.0}",1,0.7609811209498785,0.7475626218689065,F12,t37
SVC,"{'C': 10.0, 'gamma_mult': 1.0}",2,0.729390861597739,0.7607619619019049,F12,t37
SVC,"{'C': 10.0, 'gamma_mult': 1.0}",3,0.7677374302216415,0.6061196940152992,F12,t37
SVC,"{'C': 10.0, 'gamma_mult': 10.0}",1,0.6189527735327205,0.6440677966101694,F12,t37
SVC,"{'C': 10.0, 'gamma_mult': 10.0}",2,0.5147686049062661,0.6569671516424179,F12,t37
SVC,"{'C': 10.0, 'gamma_mult': 10.0}",3,0.535587257187554,0.5356232188390581,F12,t37
SVC,"{'C': 100.0, 'gamma_mult': 0.1}",1,0.7998393554345021,0.7564121793910304,F12,t37
SVC,"{'C': 100.0, 'gamma_mult': 0.1}",2,0.742831483034627,0.7712614369281536,F12,t37
SVC,"{'C': 100.0, 'gamma_mult': 0.1}",3,0.7595325938466642,0.5866206689665516,F12,t37
SVC,"{'C': 100.0, 'gamma_mult': 1.0}",1,0.7084327405244933,0.7400629968501575,F12,t37
SVC,"{'C': 100.0, 'gamma_mult': 1.0}",2,0.7083885033905422,0.7397630118494075,F12,t37
SVC,"{'C': 100.0, 'gamma_mult': 1.0}",3,0.7541001219473997,0.5965201739913004,F12,t37
SVC,"{'C': 100.0, 'gamma_mult': 10.0}",1,0.6146194402446001,0.6223188840557972,F12,t37
SVC,"{'C': 100.0, 'gamma_mult': 10.0}",2,0.5038497241007919,0.6338683065846707,F12,t37
SVC,"{'C': 100.0, 'gamma_mult': 10.0}",3,0.52798462267545,0.527973601319934,F12,t37
RF,"{'max_features': 'sqrt', 'min_samples_leaf': 1}",1,0.8000525910800078,0.7286635668216589,F12,t37
RF,"{'max_features': 'sqrt', 'min_samples_leaf': 1}",2,0.7355321206076799,0.7634618269086546,F12,t37
RF,"{'max_features': 'sqrt', 'min_samples_leaf': 1}",3,0.7835082515542893,0.6259187040647968,F12,t37
RF,"{'max_features': 'sqrt', 'min_samples_leaf': 5}",1,0.8011656612579744,0.7306134693265337,F12,t37
RF,"{'max_features': 'sqrt', 'min_samples_leaf': 5}",2,0.724351084452485,0.7622618869056547,F12,t37
RF,"{'max_features': 'sqrt', 'min_samples_leaf': 5}",3,0.7635876084196804,0.6262186890655467,F12,t37
RF,"{'max_features': 0.5, 'min_samples_leaf': 1}",1,0.7997857670867965,0.7252137393130343,F12,t37
RF,"{'max_features': 0.5, 'min_samples_leaf': 1}",2,0.7434678741319622,0.7618119094045298,F12,t37
RF,"{'max_features': 0.5, 'min_samples_leaf': 1}",3,0.7816595120655265,0.624118794060297,F12,t37
RF,"{'max_features': 0.5, 'min_samples_leaf': 5}",1,0.7977326863980151,0.7277636118194091,F12,t37
RF,"{'max_features': 0.5, 'min_samples_leaf': 5}",2,0.7262683361251463,0.7622618869056547,F12,t37
RF,"{'max_features': 0.5, 'min_samples_leaf': 5}",3,0.7817832551815663,0.6245687715614219,F12,t37
RF,"{'max_features': 1.0, 'min_samples_leaf': 1}",1,0.7958182941359271,0.7222138893055348,F12,t37
RF,"{'max_features': 1.0, 'min_samples_leaf': 1}",2,0.7363940709797211,0.7552122393880306,F12,t37
RF,"{'max_features': 1.0, 'min_samples_leaf': 1}",3,0.7665141941083962,0.616319184040798,F12,t37
RF,"{'max_features': 1.0, 'min_samples_leaf': 5}",1,0.7953760838700302,0.7252137393130343,F12,t37
RF,"{'max_features': 1.0, 'min_samples_leaf': 5}",2,0.7245232629971395,0.7567121643917805,F12,t37
RF,"{'max_features': 1.0, 'min_samples_leaf': 5}",3,0.7543273828448636,0.6190190490475477,F12,t37
SVC,"{'C': 0.1, 'gamma_mult': 0.1}",1,0.5965612938785165,0.7555122243887805,F12,t88
SVC,"{'C': 0.1, 'gamma_mult': 0.1}",2,0.5925327350333862,0.7504124793760312,F12,t88
SVC,"{'C': 0.1, 'gamma_mult': 0.1}",3,0.5582268902101948,0.5224238788060597,F12,t88
SVC,"{'C': 0.1, 'gamma_mult': 1.0}",1,0.6827769365920102,0.7420128993550322,F12,t88
SVC,"{'C': 0.1, 'gamma_mult': 1.0}",2,0.6405995480743931,0.7609119544022799,F12,t88
SVC,"{'C': 0.1, 'gamma_mult': 1.0}",3,0.6634719548870922,0.5660716964151793,F12,t88
SVC,"{'C': 0.1, 'gamma_mult': 10.0}",1,0.45697322097939547,0.5356232188390581,F12,t88
SVC,"{'C': 0.1, 'gamma_mult': 10.0}",2,0.36918263514133987,0.5896205189740513,F12,t88
SVC,"{'C': 0.1, 'gamma_mult': 10.0}",3,0.38405819109867895,0.41577921103944804,F12,t88
SVC,"{'C': 1.0, 'gamma_mult': 0.1}",1,0.7642140635781773,0.7579121043947803,F12,t88
SVC,"{'C': 1.0, 'gamma_mult': 0.1}",2,0.6859845115591716,0.7628618569071547,F12,t88
SVC,"{'C': 1.0, 'gamma_mult': 0.1}",3,0.7671988148181221,0.5611219439028049,F12,t88
SVC,"{'C': 1.0, 'gamma_mult': 1.0}",1,0.7679611603076303,0.7483125843707814,F12,t88
SVC,"{'C': 1.0, 'gamma_mult': 1.0}",2,0.719297268324128,0.7703614819259037,F12,t88
SVC,"{'C': 1.0, 'gamma_mult': 1.0}",3,0.7590172388303883,0.5957702114894255,F12,t88
SVC,"{'C': 1.0, 'gamma_mult': 10.0}",1,0.5694057116520342,0.6868156592170391,F12,t88
SVC,"{'C': 1.0, 'gamma_mult': 10.0}",2,0.5492350079686814,0.7087145642717864,F12,t88
SVC,"{'C': 1.0, 'gamma_mult': 10.0}",3,0.5095646810429809,0.5219739013049347,F12,t88
SVC,"{'C': 10.0, 'gamma_mult': 0.1}",1,0.7657922794250414,0.7489125543722814,F12,t88
SVC,"{'C': 10.0, 'gamma_mult': 0.1}",2,0.716658574538483,0.7688615569221539,F12,t88
SVC,"{'C': 10.0, 'gamma_mult': 0.1}",3,0.769820750997655,0.5705714714264287,F12,t88
SVC,"{'C': 10.0, 'gamma_mult': 1.0}",1,0.768368153076394,0.743962801859907,F12,t88
SVC,"{'C': 10.0, 'gamma_mult': 1.0}",2,0.7111437252230587,0.7642117894105295,F12,t88
SVC,"{'C': 10.0, 'gamma_mult': 1.0}",3,0.7436080341202678,0.6001199940003,F12,t88
SVC,"{'C': 10.0, 'gamma_mult': 10.0}",1,0.549434703167965,0.631618419079046,F12,t88
SVC,"{'C': 10.0, 'gamma_mult': 10.0}",2,0.5362975175872042,0.6694165291735413,F12,t88
SVC,"{'C': 10.0, 'gamma_mult': 10.0}",3,0.5060732984658639,0.5266236688165592,F12,t88
SVC,"{'C': 100.0, 'gamma_mult': 0.1}",1,0.7666110871218026,0.7484625768711565,F12,t88
SVC,"{'C': 100.0, 'gamma_mult': 0.1}",2,0.7217720651206438,0.7700614969251537,F12,t88
SVC,"{'C': 100.0, 'gamma_mult': 0.1}",3,0.7598469883919396,0.5779211039448028,F12,t88
SVC,"{'C': 100.0, 'gamma_mult': 1.0}",1,0.711164615134454,0.7231138443077846,F12,t88
SVC,"{'C': 100.0, 'gamma_mult': 1.0}",2,0.6769674674762157,0.7369131543422829,F12,t88
SVC,"{'C': 100.0, 'gamma_mult': 1.0}",3,0.693072484676126,0.5876706164691765,F12,t88
SVC,"{'C': 100.0, 'gamma_mult': 10.0}",1,0.5468369846281063,0.6200689965501724,F12,t88
SVC,"{'C': 100.0, 'gamma_mult': 10.0}",2,0.5314027170163494,0.6577171141442928,F12,t88
SVC,"{'C': 100.0, 'gamma_mult': 10.0}",3,0.5019239809755702,0.5224238788060597,F12,t88
RF,"{'max_features': 'sqrt', 'min_samples_leaf': 1}",1,0.762755688828465,0.7129143542822859,F12,t88
RF,"{'max_features': 'sqrt', 'min_samples_leaf': 1}",2,0.7101843000673149,0.7636118194090296,F12,t88
RF,"{'max_features': 'sqrt', 'min_samples_leaf': 1}",3,0.7721830940463319,0.6230688465576721,F12,t88
RF,"{'max_features': 'sqrt', 'min_samples_leaf': 5}",1,0.8061299415562523,0.7169641517924104,F12,t88
RF,"{'max_features': 'sqrt', 'min_samples_leaf': 5}",2,0.6883693549907669,0.7612119394030299,F12,t88
RF,"{'max_features': 'sqrt', 'min_samples_leaf': 5}",3,0.7674099497669172,0.6199190040497975,F12,t88
RF,"{'max_features': 0.5, 'min_samples_leaf': 1}",1,0.8034070873754675,0.7126143692815359,F12,t88
RF,"{'max_features': 0.5, 'min_samples_leaf': 1}",2,0.7075505787985887,0.760161991900405,F12,t88
RF,"{'max_features': 0.5, 'min_samples_leaf': 1}",3,0.7807079606696604,0.6229188540572972,F12,t88
RF,"{'max_features': 0.5, 'min_samples_leaf': 5}",1,0.7634411879463678,0.7150142492875357,F12,t88
RF,"{'max_features': 0.5, 'min_samples_leaf': 5}",2,0.6971875285230902,0.7622618869056547,F12,t88
RF,"{'max_features': 0.5, 'min_samples_leaf': 5}",3,0.7754162100914559,0.6251687415629219,F12,t88
RF,"{'max_features': 1.0, 'min_samples_leaf': 1}",1,0.7994445293369001,0.7073646317684116,F12,t88
RF,"{'max_features': 1.0, 'min_samples_leaf': 1}",2,0.6929337511030871,0.7561121943902804,F12,t88
RF,"{'max_features': 1.0, 'min_samples_leaf': 1}",3,0.7647715480973744,0.6187190640467977,F12,t88
RF,"{'max_features': 1.0, 'min_samples_leaf': 5}",1,0.8034380991155196,0.7133643317834109,F12,t88
RF,"{'max_features': 1.0, 'min_samples_leaf': 5}",2,0.6817334593890343,0.7567121643917805,F12,t88
RF,"{'max_features': 1.0, 'min_samples_leaf': 5}",3,0.759107638504616,0.6217189140542972,F12,t88
SVC,"{'C': 0.1, 'gamma_mult': 0.1}",1,0.6292820094453828,0.7448627568621569,F12,t139
SVC,"{'C': 0.1, 'gamma_mult': 0.1}",2,0.6039754749516562,0.7613619319034048,F12,t139
SVC,"{'C': 0.1, 'gamma_mult': 0.1}",3,0.5653712572572351,0.5105744712764362,F12,t139
SVC,"{'C': 0.1, 'gamma_mult': 1.0}",1,0.674030707788555,0.7454627268636568,F12,t139
SVC,"{'C': 0.1, 'gamma_mult': 1.0}",2,0.6559806247614884,0.7670616469176541,F12,t139
SVC,"{'C': 0.1, 'gamma_mult': 1.0}",3,0.6933957451433905,0.5737213139343033,F12,t139
SVC,"{'C': 0.1, 'gamma_mult': 10.0}",1,0.4461213516932796,0.5885705714714264,F12,t139
SVC,"{'C': 0.1, 'gamma_mult': 10.0}",2,0.3709790752588077,0.5933703314834259,F12,t139
SVC,"{'C': 0.1, 'gamma_mult': 10.0}",3,0.4098279176715273,0.4274786260686966,F12,t139
SVC,"{'C': 1.0, 'gamma_mult': 0.1}",1,0.752927213221098,0.7459127043647817,F12,t139
SVC,"{'C': 1.0, 'gamma_mult': 0.1}",2,0.7166516290972936,0.775461226938653,F12,t139
SVC,"{'C': 1.0, 'gamma_mult': 0.1}",3,0.770776275165613,0.5546722663866807,F12,t139
SVC,"{'C': 1.0, 'gamma_mult': 1.0}",1,0.7934130463898269,0.7474126293685316,F12,t139
SVC,"{'C': 1.0, 'gamma_mult': 1.0}",2,0.7190559605568826,0.7741112944352783,F12,t139
SVC,"{'C': 1.0, 'gamma_mult': 1.0}",3,0.7886067884987092,0.5980200989950503,F12,t139
SVC,"{'C': 1.0, 'gamma_mult': 10.0}",1,0.5479813276219035,0.6980650967451627,F12,t139
SVC,"{'C': 1.0, 'gamma_mult': 10.0}",2,0.5473141363808575,0.71996400179991,F12,t139
SVC,"{'C': 1.0, 'gamma_mult': 10.0}",3,0.5339204206989263,0.5386230688465576,F12,t139
SVC,"{'C': 10.0, 'gamma_mult': 0.1}",1,0.7971325252336122,0.7580620968951552,F12,t139
SVC,"{'C': 10.0, 'gamma_mult': 0.1}",2,0.7250122704731308,0.7780110994450278,F12,t139
SVC,"{'C': 10.0, 'gamma_mult': 0.1}",3,0.7802990139257113,0.5722213889305535,F12,t139
SVC,"{'C': 10.0, 'gamma_mult': 1.0}",1,0.7496899487110295,0.7474126293685316,F12,t139
SVC,"{'C': 10.0, 'gamma_mult': 1.0}",2,0.7119585807415453,0.7675116244187791,F12,t139
SVC,"{'C': 10.0, 'gamma_mult': 1.0}",3,0.7902774064637395,0.5960701964901755,F12,t139
SVC,"{'C': 10.0, 'gamma_mult': 10.0}",1,0.5302749390728272,0.6442177891105445,F12,t139
SVC,"{'C': 10.0, 'gamma_mult': 10.0}",2,0.5254366067897018,0.6706164691765412,F12,t139
SVC,"{'C': 10.0, 'gamma_mult': 10.0}",3,0.5271848084112636,0.5401229938503075,F12,t139
SVC,"{'C': 100.0, 'gamma_mult': 0.1}",1,0.7567399963674367,0.7561121943902804,F12,t139
SVC,"{'C': 100.0, 'gamma_mult': 0.1}",2,0.7293132001962269,0.7775611219439028,F12,t139
SVC,"{'C': 100.0, 'gamma_mult': 0.1}",3,0.7821106717379099,0.5792710364481776,F12,t139
SVC,"{'C': 100.0, 'gamma_mult': 1.0}",1,0.7353425302064297,0.7328633568321584,F12,t139
SVC,"{'C': 100.0, 'gamma_mult': 1.0}",2,0.6918268965317823,0.7513124343782811,F12,t139
SVC,"{'C': 100.0, 'gamma_mult': 1.0}",3,0.784849805324311,0.5947202639868007,F12,t139
SVC,"{'C': 100.0, 'gamma_mult': 10.0}",1,0.5234873850146394,0.6161691915404229,F12,t139
SVC,"{'C': 100.0, 'gamma_mult': 10.0}",2,0.5149427187423646,0.6503674816259187,F12,t139
SVC,"{'C': 100.0, 'gamma_mult': 10.0}",3,0.5204430276381515,0.5318734063296835,F12,t139
RF,"{'max_features': 'sqrt', 'min_samples_leaf': 1}",1,0.7917624338469729,0.7264136793160342,F12,t139
RF,"{'max_features': 'sqrt', 'min_samples_leaf': 1}",2,0.7322319888732238,0.7717114144292785,F12,t139
RF,"{'max_features': 'sqrt', 'min_samples_leaf': 1}",3,0.7969445336301663,0.6205189740512974,F12,t139
RF,"{'max_features': 'sqrt', 'min_samples_leaf': 5}",1,0.793760699598183,0.7319634018299085,F12,t139
RF,"{'max_features': 'sqrt', 'min_samples_leaf': 5}",2,0.724427638709406,0.7715614219289035,F12,t139
RF,"{'max_features': 'sqrt', 'min_samples_leaf': 5}",3,0.7947021125910854,0.6230688465576721,F12,t139
RF,"{'max_features': 0.5, 'min_samples_leaf': 1}",1,0.791858698847244,0.7265636718164091,F12,t139
RF,"{'max_features': 0.5, 'min_samples_leaf': 1}",2,0.7334228347882973,0.7702114894255288,F12,t139
RF,"{'max_features': 0.5, 'min_samples_leaf': 1}",3,0.7934474294378049,0.6193190340482976,F12,t139
RF,"{'max_features': 0.5, 'min_samples_leaf': 5}",1,0.7918906265780122,0.7330133493325334,F12,t139
RF,"{'max_features': 0.5, 'min_samples_leaf': 5}",2,0.7261474810801427,0.7711114444277786,F12,t139
RF,"{'max_features': 0.5, 'min_samples_leaf': 5}",3,0.7919500326722219,0.6218689065546723,F12,t139
RF,"{'max_features': 1.0, 'min_samples_leaf': 1}",1,0.7924933957913806,0.7282135893205339,F12,t139
RF,"{'max_features': 1.0, 'min_samples_leaf': 1}",2,0.7243656174272416,0.7613619319034048,F12,t139
RF,"{'max_features': 1.0, 'min_samples_leaf': 1}",3,0.7905828987782371,0.6149692515374231,F12,t139
RF,"{'max_features': 1.0, 'min_samples_leaf': 5}",1,0.7912586855482647,0.7324133793310335,F12,t139
RF,"{'max_features': 1.0, 'min_samples_leaf': 5}",2,0.7251212191362777,0.7667616619169042,F12,t139
RF,"{'max_features': 1.0, 'min_samples_leaf': 5}",3,0.7840671073467719,0.6140692965351733,F12,t139
SVC,"{'C': 0.1, 'gamma_mult': 0.1}",1,0.7197838344580908,0.7688615569221539,I28_G29,t15
SVC,"{'C': 0.1, 'gamma_mult': 0.1}",2,0.650774234280666,0.7630118494075296,I28_G29,t15
SVC,"{'C': 0.1, 'gamma_mult': 0.1}",3,0.7553411866007805,0.5573721313934303,I28_G29,t15
SVC,"{'C': 0.1, 'gamma_mult': 1.0}",1,0.6534601479752038,0.767661616919154,I28_G29,t15
SVC,"{'C': 0.1, 'gamma_mult': 1.0}",2,0.6260658112928194,0.775611219439028,I28_G29,t15
SVC,"{'C': 0.1, 'gamma_mult': 1.0}",3,0.621023029141974,0.5866206689665516,I28_G29,t15
SVC,"{'C': 0.1, 'gamma_mult': 10.0}",1,0.4251390161916902,0.5420728963551822,I28_G29,t15
SVC,"{'C': 0.1, 'gamma_mult': 10.0}",2,0.3472321031228473,0.5821208939553022,I28_G29,t15
SVC,"{'C': 0.1, 'gamma_mult': 10.0}",3,0.3617160997200675,0.4105294735263237,I28_G29,t15
SVC,"{'C': 1.0, 'gamma_mult': 0.1}",1,0.8153864107126003,0.7750112494375281,I28_G29,t15
SVC,"{'C': 1.0, 'gamma_mult': 0.1}",2,0.7671746314587982,0.7930103494825259,I28_G29,t15
SVC,"{'C': 1.0, 'gamma_mult': 0.1}",3,0.7857866250933001,0.5794210289485525,I28_G29,t15
SVC,"{'C': 1.0, 'gamma_mult': 1.0}",1,0.8200560805364265,0.7715614219289035,I28_G29,t15
SVC,"{'C': 1.0, 'gamma_mult': 1.0}",2,0.7369654481394968,0.7907604619769012,I28_G29,t15
SVC,"{'C': 1.0, 'gamma_mult': 1.0}",3,0.8056040694675441,0.6289185540722964,I28_G29,t15
SVC,"{'C': 1.0, 'gamma_mult': 10.0}",1,0.5404896874606188,0.6926653667316635,I28_G29,t15
SVC,"{'C': 1.0, 'gamma_mult': 10.0}",2,0.5223073977495405,0.7102144892755362,I28_G29,t15
SVC,"{'C': 1.0, 'gamma_mult': 10.0}",3,0.47921266858856215,0.5008249587520623,I28_G29,t15
SVC,"{'C': 10.0, 'gamma_mult': 0.1}",1,0.8164801071580566,0.7790610469476527,I28_G29,t15
SVC,"{'C': 10.0, 'gamma_mult': 0.1}",2,0.7801068015111102,0.7955602219889005,I28_G29,t15
SVC,"{'C': 10.0, 'gamma_mult': 0.1}",3,0.8020674327353859,0.608519574021299,I28_G29,t15
SVC,"{'C': 10.0, 'gamma_mult': 1.0}",1,0.8186796463524784,0.7706614669266537,I28_G29,t15
SVC,"{'C': 10.0, 'gamma_mult': 1.0}",2,0.7344055082696186,0.7793610319484026,I28_G29,t15
SVC,"{'C': 10.0, 'gamma_mult': 1.0}",3,0.7983817623646265,0.6335683215839208,I28_G29,t15
SVC,"{'C': 10.0, 'gamma_mult': 10.0}",1,0.5324211665752465,0.6491675416229189,I28_G29,t15
SVC,"{'C': 10.0, 'gamma_mult': 10.0}",2,0.5104993057055024,0.6778161091945403,I28_G29,t15
SVC,"{'C': 10.0, 'gamma_mult': 10.0}",3,0.48824485355049524,0.5147742612869357,I28_G29,t15
SVC,"{'C': 100.0, 'gamma_mult': 0.1}",1,0.8221764679141355,0.7807109644517775,I28_G29,t15
SVC,"{'C': 100.0, 'gamma_mult': 0.1}",2,0.7589514251065174,0.7934603269836508,I28_G29,t15
SVC,"{'C': 100.0, 'gamma_mult': 0.1}",3,0.8024897021336989,0.6310184490775461,I28_G29,t15
SVC,"{'C': 100.0, 'gamma_mult': 1.0}",1,0.7928975757377545,0.7393130343482825,I28_G29,t15
SVC,"{'C': 100.0, 'gamma_mult': 1.0}",2,0.713213624891704,0.7498125093745313,I28_G29,t15
SVC,"{'C': 100.0, 'gamma_mult': 1.0}",3,0.7810834827852242,0.6143692815359232,I28_G29,t15
SVC,"{'C': 100.0, 'gamma_mult': 10.0}",1,0.5320889012024353,0.648117594120294,I28_G29,t15
SVC,"{'C': 100.0, 'gamma_mult': 10.0}",2,0.5104220002172821,0.6778161091945403,I28_G29,t15
SVC,"{'C': 100.0, 'gamma_mult': 10.0}",3,0.4880571482478205,0.5144742762861857,I28_G29,t15
RF,"{'max_features': 'sqrt', 'min_samples_leaf': 1}",1,0.8152476259316426,0.7582120893955302,I28_G29,t15
RF,"{'max_features': 'sqrt', 'min_samples_leaf': 1}",2,0.7479665770009033,0.7801109944502775,I28_G29,t15
RF,"{'max_features': 'sqrt', 'min_samples_leaf': 1}",3,0.8042753582876973,0.6434678266086695,I28_G29,t15
RF,"{'max_features': 'sqrt', 'min_samples_leaf': 5}",1,0.8129852298547082,0.7615119244037798,I28_G29,t15
RF,"{'max_features': 'sqrt', 'min_samples_leaf': 5}",2,0.7430974944845989,0.7781610919454027,I28_G29,t15
RF,"{'max_features': 'sqrt', 'min_samples_leaf': 5}",3,0.80287445388559,0.6425678716064197,I28_G29,t15
RF,"{'max_features': 0.5, 'min_samples_leaf': 1}",1,0.8124894932413911,0.7510124493775311,I28_G29,t15
RF,"{'max_features': 0.5, 'min_samples_leaf': 1}",2,0.7506106010698876,0.7790610469476527,I28_G29,t15
RF,"{'max_features': 0.5, 'min_samples_leaf': 1}",3,0.8055122082948504,0.6445177741112944,I28_G29,t15
RF,"{'max_features': 0.5, 'min_samples_leaf': 5}",1,0.8125720783488474,0.7553622318884056,I28_G29,t15
RF,"{'max_features': 0.5, 'min_samples_leaf': 5}",2,0.7396236640190399,0.7796610169491526,I28_G29,t15
RF,"{'max_features': 0.5, 'min_samples_leaf': 5}",3,0.8026022664977768,0.6448177591120444,I28_G29,t15
RF,"{'max_features': 1.0, 'min_samples_leaf': 1}",1,0.8080336203528681,0.7483125843707814,I28_G29,t15
RF,"{'max_features': 1.0, 'min_samples_leaf': 1}",2,0.7400217963166253,0.7766611669416529,I28_G29,t15
RF,"{'max_features': 1.0, 'min_samples_leaf': 1}",3,0.8016842028211171,0.6494675266236688,I28_G29,t15
RF,"{'max_features': 1.0, 'min_samples_leaf': 5}",1,0.7646629724093887,0.7513124343782811,I28_G29,t15
RF,"{'max_features': 1.0, 'min_samples_leaf': 5}",2,0.7229958456399539,0.7786110694465277,I28_G29,t15
RF,"{'max_features': 1.0, 'min_samples_leaf': 5}",3,0.8076885794509117,0.6497675116244188,I28_G29,t15
SVC,"{'C': 0.1, 'gamma_mult': 0.1}",1,0.7580187679990479,0.7414129293535323,I28_G29,t37
SVC,"{'C': 0.1, 'gamma_mult': 0.1}",2,0.6023947342768732,0.7582120893955302,I28_G29,t37
SVC,"{'C': 0.1, 'gamma_mult': 0.1}",3,0.7139344010095435,0.5308234588270586,I28_G29,t37
SVC,"{'C': 0.1, 'gamma_mult': 1.0}",1,0.682682835501679,0.7378131093445328,I28_G29,t37
SVC,"{'C': 0.1, 'gamma_mult': 1.0}",2,0.602814365559138,0.7568621568921554,I28_G29,t37
SVC,"{'C': 0.1, 'gamma_mult': 1.0}",3,0.6678247448329915,0.576121193940303,I28_G29,t37
SVC,"{'C': 0.1, 'gamma_mult': 10.0}",1,0.40634249403783873,0.527523623818809,I28_G29,t37
SVC,"{'C': 0.1, 'gamma_mult': 10.0}",2,0.338763357967797,0.5716214189290535,I28_G29,t37
SVC,"{'C': 0.1, 'gamma_mult': 10.0}",3,0.3626690758338399,0.4121793910304485,I28_G29,t37
SVC,"{'C': 1.0, 'gamma_mult': 0.1}",1,0.8063458616543049,0.7420128993550322,I28_G29,t37
SVC,"{'C': 1.0, 'gamma_mult': 0.1}",2,0.766016843594684,0.776061196940153,I28_G29,t37
SVC,"{'C': 1.0, 'gamma_mult': 0.1}",3,0.775267124994221,0.5654717264136793,I28_G29,t37
SVC,"{'C': 1.0, 'gamma_mult': 1.0}",1,0.8099156722011491,0.7465126743662817,I28_G29,t37
SVC,"{'C': 1.0, 'gamma_mult': 1.0}",2,0.7364426473223251,0.7750112494375281,I28_G29,t37
SVC,"{'C': 1.0, 'gamma_mult': 1.0}",3,0.7881459628634925,0.6223188840557972,I28_G29,t37
SVC,"{'C': 1.0, 'gamma_mult': 10.0}",1,0.5349528189261065,0.6772161391930404,I28_G29,t37
SVC,"{'C': 1.0, 'gamma_mult': 10.0}",2,0.5104760830578646,0.687565621718914,I28_G29,t37
SVC,"{'C': 1.0, 'gamma_mult': 10.0}",3,0.48818992865896726,0.49167541622918853,I28_G29,t37
SVC,"{'C': 10.0, 'gamma_mult': 0.1}",1,0.8095785757007807,0.7487625618719064,I28_G29,t37
SVC,"{'C': 10.0, 'gamma_mult': 0.1}",2,0.7690175592615379,0.7748612569371531,I28_G29,t37
SVC,"{'C': 10.0, 'gamma_mult': 0.1}",3,0.7773356539469842,0.6070196490175491,I28_G29,t37
SVC,"{'C': 10.0, 'gamma_mult': 1.0}",1,0.8109818740583045,0.7493625318734063,I28_G29,t37
SVC,"{'C': 10.0, 'gamma_mult': 1.0}",2,0.7279749560329641,0.7622618869056547,I28_G29,t37
SVC,"{'C': 10.0, 'gamma_mult': 1.0}",3,0.7752826162232606,0.6206689665516724,I28_G29,t37
SVC,"{'C': 10.0, 'gamma_mult': 10.0}",1,0.5335013299290972,0.6401679916004199,I28_G29,t37
SVC,"{'C': 10.0, 'gamma_mult': 10.0}",2,0.502006856708116,0.6596670166491675,I28_G29,t37
SVC,"{'C': 10.0, 'gamma_mult': 10.0}",3,0.4983125052557201,0.5101244937753112,I28_G29,t37
SVC,"{'C': 100.0, 'gamma_mult': 0.1}",1,0.773042579990823,0.7580620968951552,I28_G29,t37
SVC,"{'C': 100.0, 'gamma_mult': 0.1}",2,0.7567676648319397,0.776211189440528,I28_G29,t37
SVC,"{'C': 100.0, 'gamma_mult': 0.1}",3,0.7552485790030755,0.6169191540422979,I28_G29,t37
SVC,"{'C': 100.0, 'gamma_mult': 1.0}",1,0.7935301412822486,0.7259637018149092,I28_G29,t37
SVC,"{'C': 100.0, 'gamma_mult': 1.0}",2,0.7052521043952164,0.7319634018299085,I28_G29,t37
SVC,"{'C': 100.0, 'gamma_mult': 1.0}",3,0.7527281974103602,0.5972701364931754,I28_G29,t37
SVC,"{'C': 100.0, 'gamma_mult': 10.0}",1,0.531845719677148,0.6365681715914204,I28_G29,t37
SVC,"{'C': 100.0, 'gamma_mult': 10.0}",2,0.5015141750009631,0.6590670466476676,I28_G29,t37
SVC,"{'C': 100.0, 'gamma_mult': 10.0}",3,0.49825019180257507,0.5101244937753112,I28_G29,t37
RF,"{'max_features': 'sqrt', 'min_samples_leaf': 1}",1,0.802059762760997,0.728363581820909,I28_G29,t37
RF,"{'max_features': 'sqrt', 'min_samples_leaf': 1}",2,0.7431148550101039,0.7669116544172792,I28_G29,t37
RF,"{'max_features': 'sqrt', 'min_samples_leaf': 1}",3,0.7901634432652129,0.6302684865756712,I28_G29,t37
RF,"{'max_features': 'sqrt', 'min_samples_leaf': 5}",1,0.8012355713685885,0.727913604319784,I28_G29,t37
RF,"{'max_features': 'sqrt', 'min_samples_leaf': 5}",2,0.7422994965630902,0.7664616769161542,I28_G29,t37
RF,"{'max_features': 'sqrt', 'min_samples_leaf': 5}",3,0.7872576237412625,0.6295185240737963,I28_G29,t37
RF,"{'max_features': 0.5, 'min_samples_leaf': 1}",1,0.8018168068254503,0.7240137993100345,I28_G29,t37
RF,"{'max_features': 0.5, 'min_samples_leaf': 1}",2,0.7448139672021059,0.7700614969251537,I28_G29,t37
RF,"{'max_features': 0.5, 'min_samples_leaf': 1}",3,0.7864825898707944,0.6304184790760462,I28_G29,t37
RF,"{'max_features': 0.5, 'min_samples_leaf': 5}",1,0.8030435842940248,0.7264136793160342,I28_G29,t37
RF,"{'max_features': 0.5, 'min_samples_leaf': 5}",2,0.7405458406821437,0.7696115194240288,I28_G29,t37
RF,"{'max_features': 0.5, 'min_samples_leaf': 5}",3,0.7823934015639534,0.6308684565771712,I28_G29,t37
RF,"{'max_features': 1.0, 'min_samples_leaf': 1}",1,0.8020565824116485,0.7243137843107844,I28_G29,t37
RF,"{'max_features': 1.0, 'min_samples_leaf': 1}",2,0.7389177177649568,0.7658617069146543,I28_G29,t37
RF,"{'max_features': 1.0, 'min_samples_leaf': 1}",3,0.7869147207537938,0.631768411579421,I28_G29,t37
RF,"{'max_features': 1.0, 'min_samples_leaf': 5}",1,0.8014506161849839,0.7237138143092845,I28_G29,t37
RF,"{'max_features': 1.0, 'min_samples_leaf': 5}",2,0.7370811813797166,0.7699115044247787,I28_G29,t37
RF,"{'max_features': 1.0, 'min_samples_leaf': 5}",3,0.7874742285299912,0.6335683215839208,I28_G29,t37
SVC,"{'C': 0.1, 'gamma_mult': 0.1}",1,0.7279187645656457,0.7552122393880306,I28_G29,t88
SVC,"{'C': 0.1, 'gamma_mult': 0.1}",2,0.6045591310811561,0.7555122243887805,I28_G29,t88
SVC,"{'C': 0.1, 'gamma_mult': 0.1}",3,0.6740361717758714,0.5429728513574321,I28_G29,t88
SVC,"{'C': 0.1, 'gamma_mult': 1.0}",1,0.697411724299842,0.7325633718314084,I28_G29,t88
SVC,"{'C': 0.1, 'gamma_mult': 1.0}",2,0.6234206752760663,0.76031198440078,I28_G29,t88
SVC,"{'C': 0.1, 'gamma_mult': 1.0}",3,0.5837382512813347,0.56007199640018,I28_G29,t88
SVC,"{'C': 0.1, 'gamma_mult': 10.0}",1,0.4203190818180337,0.47157642117894105,I28_G29,t88
SVC,"{'C': 0.1, 'gamma_mult': 10.0}",2,0.3481064196226112,0.575821208939553,I28_G29,t88
SVC,"{'C': 0.1, 'gamma_mult': 10.0}",3,0.36283940198352305,0.40917954102294884,I28_G29,t88
SVC,"{'C': 1.0, 'gamma_mult': 0.1}",1,0.8162407641575437,0.7484625768711565,I28_G29,t88
SVC,"{'C': 1.0, 'gamma_mult': 0.1}",2,0.7411048091825212,0.7727613619319034,I28_G29,t88
SVC,"{'C': 1.0, 'gamma_mult': 0.1}",3,0.7751583846353622,0.5713214339283036,I28_G29,t88
SVC,"{'C': 1.0, 'gamma_mult': 1.0}",1,0.8243275473866749,0.7385630718464077,I28_G29,t88
SVC,"{'C': 1.0, 'gamma_mult': 1.0}",2,0.7183498431595591,0.7738113094345282,I28_G29,t88
SVC,"{'C': 1.0, 'gamma_mult': 1.0}",3,0.7840375492501048,0.6064196790160492,I28_G29,t88
SVC,"{'C': 1.0, 'gamma_mult': 10.0}",1,0.551520632319904,0.6460176991150443,I28_G29,t88
SVC,"{'C': 1.0, 'gamma_mult': 10.0}",2,0.53577447057637,0.7048147592620368,I28_G29,t88
SVC,"{'C': 1.0, 'gamma_mult': 10.0}",3,0.4673949110701132,0.4816259187040648,I28_G29,t88
SVC,"{'C': 10.0, 'gamma_mult': 0.1}",1,0.8215657220329419,0.7457627118644068,I28_G29,t88
SVC,"{'C': 10.0, 'gamma_mult': 0.1}",2,0.7496512372121588,0.7751612419379031,I28_G29,t88
SVC,"{'C': 10.0, 'gamma_mult': 0.1}",3,0.788573188507933,0.5873706314684266,I28_G29,t88
SVC,"{'C': 10.0, 'gamma_mult': 1.0}",1,0.8201631861473487,0.7309134543272836,I28_G29,t88
SVC,"{'C': 10.0, 'gamma_mult': 1.0}",2,0.7076413358488229,0.7652617369131544,I28_G29,t88
SVC,"{'C': 10.0, 'gamma_mult': 1.0}",3,0.778817772508675,0.6161691915404229,I28_G29,t88
SVC,"{'C': 10.0, 'gamma_mult': 10.0}",1,0.5488320060255519,0.6236688165591721,I28_G29,t88
SVC,"{'C': 10.0, 'gamma_mult': 10.0}",2,0.528694277785589,0.6820158992050398,I28_G29,t88
SVC,"{'C': 10.0, 'gamma_mult': 10.0}",3,0.47529738803910393,0.495875206239688,I28_G29,t88
SVC,"{'C': 100.0, 'gamma_mult': 0.1}",1,0.8209914295314359,0.7409629518524073,I28_G29,t88
SVC,"{'C': 100.0, 'gamma_mult': 0.1}",2,0.748089764464158,0.7735113244337783,I28_G29,t88
SVC,"{'C': 100.0, 'gamma_mult': 0.1}",3,0.7805273555144334,0.600269986500675,I28_G29,t88
SVC,"{'C': 100.0, 'gamma_mult': 1.0}",1,0.7548375344228004,0.704064796760162,I28_G29,t88
SVC,"{'C': 100.0, 'gamma_mult': 1.0}",2,0.681828299101862,0.7352632368381581,I28_G29,t88
SVC,"{'C': 100.0, 'gamma_mult': 1.0}",3,0.7679866592216374,0.607769611519424,I28_G29,t88
SVC,"{'C': 100.0, 'gamma_mult': 10.0}",1,0.5481533709521553,0.6227688615569221,I28_G29,t88
SVC,"{'C': 100.0, 'gamma_mult': 10.0}",2,0.5286279098770885,0.6820158992050398,I28_G29,t88
SVC,"{'C': 100.0, 'gamma_mult': 10.0}",3,0.47526623131253143,0.495875206239688,I28_G29,t88
RF,"{'max_features': 'sqrt', 'min_samples_leaf': 1}",1,0.8135089837818364,0.7132143392830359,I28_G29,t88
RF,"{'max_features': 'sqrt', 'min_samples_leaf': 1}",2,0.7158251990994323,0.7633118344082795,I28_G29,t88
RF,"{'max_features': 'sqrt', 'min_samples_leaf': 1}",3,0.7805161670261773,0.6202189890505475,I28_G29,t88
RF,"{'max_features': 'sqrt', 'min_samples_leaf': 5}",1,0.7761413634029262,0.7153142342882856,I28_G29,t88
RF,"{'max_features': 'sqrt', 'min_samples_leaf': 5}",2,0.702227614369352,0.7615119244037798,I28_G29,t88
RF,"{'max_features': 'sqrt', 'min_samples_leaf': 5}",3,0.7790251283793295,0.6223188840557972,I28_G29,t88
RF,"{'max_features': 0.5, 'min_samples_leaf': 1}",1,0.8137199509742814,0.7096145192740363,I28_G29,t88
RF,"{'max_features': 0.5, 'min_samples_leaf': 1}",2,0.7159848898504448,0.7645117744112795,I28_G29,t88
RF,"{'max_features': 0.5, 'min_samples_leaf': 1}",3,0.7798097365777025,0.6260686965651717,I28_G29,t88
RF,"{'max_features': 0.5, 'min_samples_leaf': 5}",1,0.7761389237410488,0.7136643167841608,I28_G29,t88
RF,"{'max_features': 0.5, 'min_samples_leaf': 5}",2,0.7086106537242747,0.7642117894105295,I28_G29,t88
RF,"{'max_features': 0.5, 'min_samples_leaf': 5}",3,0.7789686964928242,0.6266686665666716,I28_G29,t88
RF,"{'max_features': 1.0, 'min_samples_leaf': 1}",1,0.8151374846144389,0.712164391780411,I28_G29,t88
RF,"{'max_features': 1.0, 'min_samples_leaf': 1}",2,0.7224756742688239,0.7669116544172792,I28_G29,t88
RF,"{'max_features': 1.0, 'min_samples_leaf': 1}",3,0.7683359894498585,0.6251687415629219,I28_G29,t88
RF,"{'max_features': 1.0, 'min_samples_leaf': 5}",1,0.8148968107275556,0.712014399280036,I28_G29,t88
RF,"{'max_features': 1.0, 'min_samples_leaf': 5}",2,0.7117703350325251,0.7664616769161542,I28_G29,t88
RF,"{'max_features': 1.0, 'min_samples_leaf': 5}",3,0.7689026074653651,0.6263686815659217,I28_G29,t88
SVC,"{'C': 0.1, 'gamma_mult': 0.1}",1,0.7548846691483868,0.7432128393580321,I28_G29,t139
SVC,"{'C': 0.1, 'gamma_mult': 0.1}",2,0.6440739259735944,0.7687115644217789,I28_G29,t139
SVC,"{'C': 0.1, 'gamma_mult': 0.1}",3,0.7280024657443857,0.5215239238038099,I28_G29,t139
SVC,"{'C': 0.1, 'gamma_mult': 1.0}",1,0.6357831496595694,0.735413229338533,I28_G29,t139
SVC,"{'C': 0.1, 'gamma_mult': 1.0}",2,0.6204726647593239,0.7688615569221539,I28_G29,t139
SVC,"{'C': 0.1, 'gamma_mult': 1.0}",3,0.6021136090310789,0.5641217939103045,I28_G29,t139
SVC,"{'C': 0.1, 'gamma_mult': 10.0}",1,0.40026668739192306,0.5155242237888106,I28_G29,t139
SVC,"{'C': 0.1, 'gamma_mult': 10.0}",2,0.33059381611341215,0.5647217639118044,I28_G29,t139
SVC,"{'C': 0.1, 'gamma_mult': 10.0}",3,0.35655046863068923,0.40827958602069897,I28_G29,t139
SVC,"{'C': 1.0, 'gamma_mult': 0.1}",1,0.8000782449750734,0.7415629218539073,I28_G29,t139
SVC,"{'C': 1.0, 'gamma_mult': 0.1}",2,0.7376648050825614,0.7867106644667766,I28_G29,t139
SVC,"{'C': 1.0, 'gamma_mult': 0.1}",3,0.7795329870518966,0.5633718314084296,I28_G29,t139
SVC,"{'C': 1.0, 'gamma_mult': 1.0}",1,0.8033419392293514,0.743812809359532,I28_G29,t139
SVC,"{'C': 1.0, 'gamma_mult': 1.0}",2,0.7316981809500337,0.7832608369581521,I28_G29,t139
SVC,"{'C': 1.0, 'gamma_mult': 1.0}",3,0.7988815261597957,0.607619619019049,I28_G29,t139
SVC,"{'C': 1.0, 'gamma_mult': 10.0}",1,0.5147168298033407,0.6548672566371682,I28_G29,t139
SVC,"{'C': 1.0, 'gamma_mult': 10.0}",2,0.5236472339937348,0.7054147292635369,I28_G29,t139
SVC,"{'C': 1.0, 'gamma_mult': 10.0}",3,0.4870705693882066,0.49077546122693866,I28_G29,t139
SVC,"{'C': 10.0, 'gamma_mult': 0.1}",1,0.8036890496174077,0.7460626968651567,I28_G29,t139
SVC,"{'C': 10.0, 'gamma_mult': 0.1}",2,0.7461308428536987,0.7907604619769012,I28_G29,t139
SVC,"{'C': 10.0, 'gamma_mult': 0.1}",3,0.7897209556824113,0.5879706014699265,I28_G29,t139
SVC,"{'C': 10.0, 'gamma_mult': 1.0}",1,0.7993368929042161,0.7388630568471577,I28_G29,t139
SVC,"{'C': 10.0, 'gamma_mult': 1.0}",2,0.7239704908309745,0.7751612419379031,I28_G29,t139
SVC,"{'C': 10.0, 'gamma_mult': 1.0}",3,0.7978864739646981,0.6130193490325484,I28_G29,t139
SVC,"{'C': 10.0, 'gamma_mult': 10.0}",1,0.5048380926462335,0.616019199040048,I28_G29,t139
SVC,"{'C': 10.0, 'gamma_mult': 10.0}",2,0.5176829334010556,0.6844157792110395,I28_G29,t139
SVC,"{'C': 10.0, 'gamma_mult': 10.0}",3,0.4999334792500948,0.512224388780561,I28_G29,t139
SVC,"{'C': 100.0, 'gamma_mult': 0.1}",1,0.8030428633106197,0.7505624718764062,I28_G29,t139
SVC,"{'C': 100.0, 'gamma_mult': 0.1}",2,0.7363120917835817,0.7879106044697766,I28_G29,t139
SVC,"{'C': 100.0, 'gamma_mult': 0.1}",3,0.793308894569752,0.599970001499925,I28_G29,t139
SVC,"{'C': 100.0, 'gamma_mult': 1.0}",1,0.7797436301010087,0.7075146242687865,I28_G29,t139
SVC,"{'C': 100.0, 'gamma_mult': 1.0}",2,0.7007580754885637,0.7453127343632818,I28_G29,t139
SVC,"{'C': 100.0, 'gamma_mult': 1.0}",3,0.7861342589082055,0.6032698365081746,I28_G29,t139
SVC,"{'C': 100.0, 'gamma_mult': 10.0}",1,0.5051410757595656,0.616319184040798,I28_G29,t139
SVC,"{'C': 100.0, 'gamma_mult': 10.0}",2,0.5176759068141432,0.6842657867106645,I28_G29,t139
SVC,"{'C': 100.0, 'gamma_mult': 10.0}",3,0.4997769306739924,0.511924403779811,I28_G29,t139
RF,"{'max_features': 'sqrt', 'min_samples_leaf': 1}",1,0.7938881667185387,0.7228138593070347,I28_G29,t139
RF,"{'max_features': 'sqrt', 'min_samples_leaf': 1}",2,0.7485577172949942,0.7744112794360282,I28_G29,t139
RF,"{'max_features': 'sqrt', 'min_samples_leaf': 1}",3,0.7977774101413513,0.6190190490475477,I28_G29,t139
RF,"{'max_features': 'sqrt', 'min_samples_leaf': 5}",1,0.7941531636042128,0.7258137093145343,I28_G29,t139
RF,"{'max_features': 'sqrt', 'min_samples_leaf': 5}",2,0.7359583423625005,0.7744112794360282,I28_G29,t139
RF,"{'max_features': 'sqrt', 'min_samples_leaf': 5}",3,0.7954507672701128,0.616469176541173,I28_G29,t139
RF,"{'max_features': 0.5, 'min_samples_leaf': 1}",1,0.7910529889951239,0.7223638818059097,I28_G29,t139
RF,"{'max_features': 0.5, 'min_samples_leaf': 1}",2,0.7403258066056433,0.7727613619319034,I28_G29,t139
RF,"{'max_features': 0.5, 'min_samples_leaf': 1}",3,0.7972244770682606,0.6191690415479226,I28_G29,t139
RF,"{'max_features': 0.5, 'min_samples_leaf': 5}",1,0.7939598101575382,0.7265636718164091,I28_G29,t139
RF,"{'max_features': 0.5, 'min_samples_leaf': 5}",2,0.7436139353304776,0.7783110844457777,I28_G29,t139
RF,"{'max_features': 0.5, 'min_samples_leaf': 5}",3,0.7975880090649486,0.6203689815509225,I28_G29,t139
RF,"{'max_features': 1.0, 'min_samples_leaf': 1}",1,0.7896393753657028,0.7217639118044098,I28_G29,t139
RF,"{'max_features': 1.0, 'min_samples_leaf': 1}",2,0.7454334999596457,0.7727613619319034,I28_G29,t139
RF,"{'max_features': 1.0, 'min_samples_leaf': 1}",3,0.7938014458054379,0.6166191690415479,I28_G29,t139
RF,"{'max_features': 1.0, 'min_samples_leaf': 5}",1,0.7922383951033632,0.7238638068096596,I28_G29,t139
RF,"{'max_features': 1.0, 'min_samples_leaf': 5}",2,0.7380504166286042,0.7730613469326534,I28_G29,t139
RF,"{'max_features': 1.0, 'min_samples_leaf': 5}",3,0.7938025214135248,0.616319184040798,I28_G29,t139
