seed,learner,representation,source_track,target_track,train_label,test_label,eval_support,oa,ba
17,RF,I28,t15,t37,WC,WC,U2,65.25,49.57161442933813
17,RF,I28,t15,t37,WC,CLC,U2,50.15625,49.655268841490226
17,RF,I28,t15,t37,CLC,CLC,U2,49.71875,44.87728479680824
17,RF,I28,t15,t37,CLC,WC,U2,32.927083333333336,37.9874295012414
17,RF,I28,t15,t37,WC,WC,C2,74.54470198675497,60.44820721272098
17,RF,I28,t15,t37,C2_Consensus,C2_Consensus,C2,75.0,64.20215352597538
17,RF,I28,t15,t88,WC,WC,U2,66.71875,55.56659422824121
17,RF,I28,t15,t88,WC,CLC,U2,46.63541666666667,51.21878286394708
17,RF,I28,t15,t88,CLC,CLC,U2,47.270833333333336,42.96212687043252
17,RF,I28,t15,t88,CLC,WC,U2,32.26041666666667,39.802593646839945
17,RF,I28,t15,t88,WC,WC,C2,71.83360927152319,64.09821086950664
17,RF,I28,t15,t88,C2_Consensus,C2_Consensus,C2,71.37831125827815,63.645305521233084
17,RF,I28,t15,t139,WC,WC,U2,64.69791666666667,52.38181895903825
17,RF,I28,t15,t139,WC,CLC,U2,49.885416666666664,53.59910798560358
17,RF,I28,t15,t139,CLC,CLC,U2,48.510416666666664,45.639563450411394
17,RF,I28,t15,t139,CLC,WC,U2,31.59375,40.659640113803356
17,RF,I28,t15,t139,WC,WC,C2,73.73758278145695,64.46203756096247
17,RF,I28,t15,t139,C2_Consensus,C2_Consensus,C2,74.11009933774835,64.2816426794359
17,RF,I28,t37,t15,WC,WC,U2,69.45833333333333,59.639485421503615
17,RF,I28,t37,t15,WC,CLC,U2,47.1875,50.963053347335375
17,RF,I28,t37,t15,CLC,CLC,U2,45.86458333333333,45.35000056359203
17,RF,I28,t37,t15,CLC,WC,U2,29.864583333333332,41.72763288864198
17,RF,I28,t37,t15,WC,WC,C2,74.2342715231788,67.68423745754599
17,RF,I28,t37,t15,C2_Consensus,C2_Consensus,C2,71.50248344370861,69.64947656641941
17,RF,I28,t37,t88,WC,WC,U2,64.01041666666667,54.433700552120676
17,RF,I28,t37,t88,WC,CLC,U2,43.96875,50.71010886885221
17,RF,I28,t37,t88,CLC,CLC,U2,45.01041666666667,45.27606676797221
17,RF,I28,t37,t88,CLC,WC,U2,29.25,40.30014743561837
17,RF,I28,t37,t88,WC,WC,C2,67.94288079470199,63.370353861373175
17,RF,I28,t37,t88,C2_Consensus,C2_Consensus,C2,64.96274834437085,64.44606510618149
17,RF,I28,t37,t139,WC,WC,U2,65.625,53.843293867063714
17,RF,I28,t37,t139,WC,CLC,U2,49.45833333333333,53.03751036784276
17,RF,I28,t37,t139,CLC,CLC,U2,47.46875,43.52947801738704
17,RF,I28,t37,t139,CLC,WC,U2,29.90625,38.72174280115501
17,RF,I28,t37,t139,WC,WC,C2,74.35844370860927,65.01703253769377
17,RF,I28,t37,t139,C2_Consensus,C2_Consensus,C2,73.11672185430463,65.39026384029214
17,RF,I28,t88,t15,WC,WC,U2,68.88541666666667,52.86383312441277
17,RF,I28,t88,t15,WC,CLC,U2,49.177083333333336,45.944931528914665
17,RF,I28,t88,t15,CLC,CLC,U2,46.61458333333333,42.58241438075825
17,RF,I28,t88,t15,CLC,WC,U2,30.458333333333332,39.17974766839844
17,RF,I28,t88,t15,WC,WC,C2,75.18625827814569,59.40416796578788
17,RF,I28,t88,t15,C2_Consensus,C2_Consensus,C2,73.11672185430463,67.0088249143863
17,RF,I28,t88,t37,WC,WC,U2,64.27083333333333,48.65508719013516
17,RF,I28,t88,t37,WC,CLC,U2,50.24999999999999,48.4901347706867
17,RF,I28,t88,t37,CLC,CLC,U2,48.489583333333336,41.23764415989481
17,RF,I28,t88,t37,CLC,WC,U2,31.260416666666668,37.29027714181244
17,RF,I28,t88,t37,WC,WC,C2,73.53062913907284,58.68258125441862
17,RF,I28,t88,t37,C2_Consensus,C2_Consensus,C2,71.19205298013244,62.880240141754975
17,RF,I28,t88,t139,WC,WC,U2,65.85416666666667,51.3115384917564
17,RF,I28,t88,t139,WC,CLC,U2,50.760416666666664,50.37150807011962
17,RF,I28,t88,t139,CLC,CLC,U2,46.979166666666664,42.009857462766306
17,RF,I28,t88,t139,CLC,WC,U2,29.114583333333332,37.91926855179382
17,RF,I28,t88,t139,WC,WC,C2,75.14486754966887,62.448922146392036
17,RF,I28,t88,t139,C2_Consensus,C2_Consensus,C2,71.81291390728477,65.18408297439096
17,RF,I28,t139,t15,WC,WC,U2,67.9375,52.22889243837804
17,RF,I28,t139,t15,WC,CLC,U2,46.802083333333336,46.24970817108446
17,RF,I28,t139,t15,CLC,CLC,U2,45.32291666666667,41.510045011948
17,RF,I28,t139,t15,CLC,WC,U2,30.541666666666668,38.13185398760629
17,RF,I28,t139,t15,WC,WC,C2,72.80629139072848,60.56915289598177
17,RF,I28,t139,t15,C2_Consensus,C2_Consensus,C2,68.62582781456953,64.80821121593895
17,RF,I28,t139,t37,WC,WC,U2,65.39583333333333,46.03659236936631
17,RF,I28,t139,t37,WC,CLC,U2,49.802083333333336,45.81204883322549
17,RF,I28,t139,t37,CLC,CLC,U2,49.041666666666664,43.27233070595583
17,RF,I28,t139,t37,CLC,WC,U2,35.510416666666664,38.418830216585384
17,RF,I28,t139,t37,WC,WC,C2,74.46192052980133,55.4643155459581
17,RF,I28,t139,t37,C2_Consensus,C2_Consensus,C2,73.82036423841059,60.56068159918293
17,RF,I28,t139,t88,WC,WC,U2,65.61458333333333,50.4353263293833
17,RF,I28,t139,t88,WC,CLC,U2,44.21875,44.24649341044404
17,RF,I28,t139,t88,CLC,CLC,U2,44.854166666666664,42.7041594964353
17,RF,I28,t139,t88,CLC,WC,U2,31.374999999999996,38.53824919698158
17,RF,I28,t139,t88,WC,WC,C2,69.16390728476821,56.63563928953146
17,RF,I28,t139,t88,C2_Consensus,C2_Consensus,C2,65.48013245033113,57.59444335382417
17,RF,I28_G29,t15,t37,WC,WC,U2,65.5625,54.8991689064909
17,RF,I28_G29,t15,t37,WC,CLC,U2,50.59375000000001,56.39093404335911
17,RF,I28_G29,t15,t37,CLC,CLC,U2,50.11458333333333,52.23850567870313
17,RF,I28_G29,t15,t37,CLC,WC,U2,33.35416666666667,44.27737405257294
17,RF,I28_G29,t15,t37,WC,WC,C2,75.18625827814569,68.64104799627393
17,RF,I28_G29,t15,t37,C2_Consensus,C2_Consensus,C2,75.39321192052981,71.05548460108318
17,RF,I28_G29,t15,t88,WC,WC,U2,67.64583333333334,58.26335054535667
17,RF,I28_G29,t15,t88,WC,CLC,U2,47.38541666666667,55.825412172830255
17,RF,I28_G29,t15,t88,CLC,CLC,U2,48.802083333333336,51.87671986557728
17,RF,I28_G29,t15,t88,CLC,WC,U2,33.59375,45.08006068967297
17,RF,I28_G29,t15,t88,WC,WC,C2,73.07533112582782,68.90136147903507
17,RF,I28_G29,t15,t88,C2_Consensus,C2_Consensus,C2,73.71688741721854,71.40708851859124
17,RF,I28_G29,t15,t139,WC,WC,U2,65.23958333333333,55.308927595820975
17,RF,I28_G29,t15,t139,WC,CLC,U2,50.583333333333336,59.32569991291672
17,RF,I28_G29,t15,t139,CLC,CLC,U2,49.322916666666664,52.0121734267558
17,RF,I28_G29,t15,t139,CLC,WC,U2,32.625,44.911656425004985
17,RF,I28_G29,t15,t139,WC,WC,C2,74.62748344370861,69.20130438185568
17,RF,I28_G29,t15,t139,C2_Consensus,C2_Consensus,C2,75.43460264900662,69.4733292018071
17,RF,I28_G29,t37,t15,WC,WC,U2,70.0625,62.10535847071201
17,RF,I28_G29,t37,t15,WC,CLC,U2,47.96875,55.440134187597046
17,RF,I28_G29,t37,t15,CLC,CLC,U2,47.333333333333336,49.8010955119703
17,RF,I28_G29,t37,t15,CLC,WC,U2,31.71875,45.26050956432937
17,RF,I28_G29,t37,t15,WC,WC,C2,75.14486754966887,73.99221951491775
17,RF,I28_G29,t37,t15,C2_Consensus,C2_Consensus,C2,73.59271523178808,75.97572330578555
17,RF,I28_G29,t37,t88,WC,WC,U2,65.875,58.43135986364343
17,RF,I28_G29,t37,t88,WC,CLC,U2,45.46875,55.95099457242243
17,RF,I28_G29,t37,t88,CLC,CLC,U2,47.583333333333336,51.32119027928794
17,RF,I28_G29,t37,t88,CLC,WC,U2,31.541666666666668,44.82333735242288
17,RF,I28_G29,t37,t88,WC,WC,C2,70.5091059602649,70.84974665532422
17,RF,I28_G29,t37,t88,C2_Consensus,C2_Consensus,C2,69.68129139072848,73.19870267509909
17,RF,I28_G29,t37,t139,WC,WC,U2,66.53125,56.476668741537736
17,RF,I28_G29,t37,t139,WC,CLC,U2,50.572916666666664,57.94703342745148
17,RF,I28_G29,t37,t139,CLC,CLC,U2,48.822916666666664,50.75699078471594
17,RF,I28_G29,t37,t139,CLC,WC,U2,31.333333333333336,42.66302423675897
17,RF,I28_G29,t37,t139,WC,WC,C2,75.82781456953643,70.14372758614938
17,RF,I28_G29,t37,t139,C2_Consensus,C2_Consensus,C2,74.68956953642383,72.60649470792548
17,RF,I28_G29,t88,t15,WC,WC,U2,69.69791666666667,58.48676409564011
17,RF,I28_G29,t88,t15,WC,CLC,U2,49.854166666666664,53.41096438638733
17,RF,I28_G29,t88,t15,CLC,CLC,U2,47.458333333333336,49.9672075150568
17,RF,I28_G29,t88,t15,CLC,WC,U2,31.239583333333332,44.55807798853868
17,RF,I28_G29,t88,t15,WC,WC,C2,76.38658940397352,70.82014799075667
17,RF,I28_G29,t88,t15,C2_Consensus,C2_Consensus,C2,74.66887417218543,72.77690002091425
17,RF,I28_G29,t88,t37,WC,WC,U2,64.98958333333333,55.0693762112044
17,RF,I28_G29,t88,t37,WC,CLC,U2,50.88541666666667,55.92995989881526
17,RF,I28_G29,t88,t37,CLC,CLC,U2,49.22916666666667,48.83150641418717
17,RF,I28_G29,t88,t37,CLC,WC,U2,31.96875,42.347091885354025
17,RF,I28_G29,t88,t37,WC,WC,C2,74.68956953642383,68.9801501976589
17,RF,I28_G29,t88,t37,C2_Consensus,C2_Consensus,C2,72.24751655629139,71.33912901781304
17,RF,I28_G29,t88,t139,WC,WC,U2,66.375,55.55423390880247
17,RF,I28_G29,t88,t139,WC,CLC,U2,51.44791666666667,56.98238491616887
17,RF,I28_G29,t88,t139,CLC,CLC,U2,48.25,49.37592216611782
17,RF,I28_G29,t88,t139,CLC,WC,U2,30.635416666666664,42.73491636184477
17,RF,I28_G29,t88,t139,WC,WC,C2,76.13824503311258,70.16992428529088
17,RF,I28_G29,t88,t139,C2_Consensus,C2_Consensus,C2,72.62003311258279,70.41345761272203
17,RF,I28_G29,t139,t15,WC,WC,U2,69.1875,55.94274815453647
17,RF,I28_G29,t139,t15,WC,CLC,U2,47.479166666666664,50.169988204505
17,RF,I28_G29,t139,t15,CLC,CLC,U2,46.32291666666667,47.584020613344556
17,RF,I28_G29,t139,t15,CLC,WC,U2,30.947916666666668,42.4200800787985
17,RF,I28_G29,t139,t15,WC,WC,C2,74.00662251655629,64.70103685911624
17,RF,I28_G29,t139,t15,C2_Consensus,C2_Consensus,C2,70.13658940397352,70.33935638006449
17,RF,I28_G29,t139,t37,WC,WC,U2,65.8125,50.50952325058877
17,RF,I28_G29,t139,t37,WC,CLC,U2,50.84375,52.17983799217383
17,RF,I28_G29,t139,t37,CLC,CLC,U2,49.28125,47.96009245512622
17,RF,I28_G29,t139,t37,CLC,WC,U2,34.541666666666664,41.84158417246287
17,RF,I28_G29,t139,t37,WC,WC,C2,75.95198675496688,64.19766017041904
17,RF,I28_G29,t139,t37,C2_Consensus,C2_Consensus,C2,74.77235099337747,69.17088249143863
17,RF,I28_G29,t139,t88,WC,WC,U2,66.9375,53.11869390497734
17,RF,I28_G29,t139,t88,WC,CLC,U2,45.29166666666667,49.23833513534773
17,RF,I28_G29,t139,t88,CLC,CLC,U2,45.90625,45.9538660565493
17,RF,I28_G29,t139,t88,CLC,WC,U2,31.302083333333336,40.78471155531134
17,RF,I28_G29,t139,t88,WC,WC,C2,70.94370860927152,62.8763122407371
17,RF,I28_G29,t139,t88,C2_Consensus,C2_Consensus,C2,68.08774834437085,65.24660425752495
17,SVC,I28,t15,t37,WC,WC,U2,64.82291666666666,48.065372453481565
17,SVC,I28,t15,t37,WC,CLC,U2,49.885416666666664,49.511100792160114
17,SVC,I28,t15,t37,CLC,CLC,U2,44.697916666666664,41.56386806919537
17,SVC,I28,t15,t37,CLC,WC,U2,24.71875,35.79214932528683
17,SVC,I28,t15,t37,WC,WC,C2,74.04801324503312,57.9298085768945
17,SVC,I28,t15,t37,C2_Consensus,C2_Consensus,C2,75.45529801324503,62.00557191485977
17,SVC,I28,t15,t88,WC,WC,U2,66.79166666666667,53.10391989664816
17,SVC,I28,t15,t88,WC,CLC,U2,46.03125,48.78273168383022
17,SVC,I28,t15,t88,CLC,CLC,U2,44.77083333333333,40.2682512351925
17,SVC,I28,t15,t88,CLC,WC,U2,26.364583333333336,35.944222496028054
17,SVC,I28,t15,t88,WC,WC,C2,71.19205298013244,60.41685688367443
17,SVC,I28,t15,t88,C2_Consensus,C2_Consensus,C2,71.81291390728477,61.090321963937676
17,SVC,I28,t15,t139,WC,WC,U2,64.51041666666667,49.10702100552983
17,SVC,I28,t15,t139,WC,CLC,U2,49.864583333333336,51.43652705053382
17,SVC,I28,t15,t139,CLC,CLC,U2,44.677083333333336,44.98524318418101
17,SVC,I28,t15,t139,CLC,WC,U2,24.791666666666668,40.15628421996834
17,SVC,I28,t15,t139,WC,WC,C2,73.38576158940397,59.897543153278335
17,SVC,I28,t15,t139,C2_Consensus,C2_Consensus,C2,75.04139072847681,66.8007811407375
17,SVC,I28,t37,t15,WC,WC,U2,69.72916666666666,53.1246965790223
17,SVC,I28,t37,t15,WC,CLC,U2,48.635416666666664,48.39973885809039
17,SVC,I28,t37,t15,CLC,CLC,U2,44.125,43.09983324409248
17,SVC,I28,t37,t15,CLC,WC,U2,26.208333333333332,39.61371710255575
17,SVC,I28,t37,t15,WC,WC,C2,75.74503311258279,61.147381035781336
17,SVC,I28,t37,t15,C2_Consensus,C2_Consensus,C2,74.27566225165563,72.6128653417555
17,SVC,I28,t37,t88,WC,WC,U2,66.0625,52.44270662025748
17,SVC,I28,t37,t88,WC,CLC,U2,45.90625,50.00317570029223
17,SVC,I28,t37,t88,CLC,CLC,U2,44.208333333333336,44.12091078275207
17,SVC,I28,t37,t88,CLC,WC,U2,26.53125,39.36163841764257
17,SVC,I28,t37,t88,WC,WC,C2,70.75745033112582,61.174059275853786
17,SVC,I28,t37,t88,C2_Consensus,C2_Consensus,C2,67.88079470198676,66.3600395446083
17,SVC,I28,t37,t139,WC,WC,U2,65.69791666666667,47.29204252485366
17,SVC,I28,t37,t139,WC,CLC,U2,50.66666666666667,47.66457088886276
17,SVC,I28,t37,t139,CLC,CLC,U2,44.53125,44.11025512449453
17,SVC,I28,t37,t139,CLC,WC,U2,25.302083333333332,40.20876677964533
17,SVC,I28,t37,t139,WC,WC,C2,75.12417218543047,56.51751472016608
17,SVC,I28,t37,t139,C2_Consensus,C2_Consensus,C2,74.31705298013244,67.35671353767707
17,SVC,I28,t88,t15,WC,WC,U2,69.21875,51.127897057891225
17,SVC,I28,t88,t15,WC,CLC,U2,50.16666666666667,44.47294643326954
17,SVC,I28,t88,t15,CLC,CLC,U2,44.04166666666667,41.3688808546388
17,SVC,I28,t88,t15,CLC,WC,U2,24.416666666666668,37.27432485506932
17,SVC,I28,t88,t15,WC,WC,C2,76.34519867549669,57.01172314155096
17,SVC,I28,t88,t15,C2_Consensus,C2_Consensus,C2,75.04139072847681,68.34842302722829
17,SVC,I28,t88,t37,WC,WC,U2,64.05208333333333,44.88499365862227
17,SVC,I28,t88,t37,WC,CLC,U2,50.583333333333336,46.45046864586849
17,SVC,I28,t88,t37,CLC,CLC,U2,43.96875,38.78670929678007
17,SVC,I28,t88,t37,CLC,WC,U2,23.854166666666668,34.13150810256919
17,SVC,I28,t88,t37,WC,WC,C2,73.96523178807946,54.7776679459001
17,SVC,I28,t88,t37,C2_Consensus,C2_Consensus,C2,73.2408940397351,63.06782028630706
17,SVC,I28,t88,t139,WC,WC,U2,65.21875,46.715093156770415
17,SVC,I28,t88,t139,WC,CLC,U2,51.16666666666667,47.124904228233106
17,SVC,I28,t88,t139,CLC,CLC,U2,44.104166666666664,41.541169860597584
17,SVC,I28,t88,t139,CLC,WC,U2,23.96875,38.167994047554274
17,SVC,I28,t88,t139,WC,WC,C2,74.91721854304636,55.37755323830823
17,SVC,I28,t88,t139,C2_Consensus,C2_Consensus,C2,73.96523178807946,65.33357878705061
17,SVC,I28,t139,t15,WC,WC,U2,68.85416666666667,50.64667233200155
17,SVC,I28,t139,t15,WC,CLC,U2,48.635416666666664,46.250813201650956
17,SVC,I28,t139,t15,CLC,CLC,U2,44.29166666666667,40.61943520454703
17,SVC,I28,t139,t15,CLC,WC,U2,27.104166666666668,36.72206245941621
17,SVC,I28,t139,t15,WC,WC,C2,75.0,57.80292517190101
17,SVC,I28,t139,t15,C2_Consensus,C2_Consensus,C2,73.53062913907284,68.68249759742768
17,SVC,I28,t139,t37,WC,WC,U2,64.4375,41.010665781459785
17,SVC,I28,t139,t37,WC,CLC,U2,50.59375000000001,44.253172232377196
17,SVC,I28,t139,t37,CLC,CLC,U2,45.729166666666664,39.94732319891231
17,SVC,I28,t139,t37,CLC,WC,U2,27.125,33.62631993882129
17,SVC,I28,t139,t37,WC,WC,C2,74.68956953642383,50.32497020040469
17,SVC,I28,t139,t37,C2_Consensus,C2_Consensus,C2,75.22764900662253,59.71318174994516
17,SVC,I28,t139,t88,WC,WC,U2,65.94791666666666,45.88186688930186
17,SVC,I28,t139,t88,WC,CLC,U2,45.677083333333336,43.17600951623366
17,SVC,I28,t139,t88,CLC,CLC,U2,44.739583333333336,40.1696900047289
17,SVC,I28,t139,t88,CLC,WC,U2,27.833333333333332,35.36747653975805
17,SVC,I28,t139,t88,WC,WC,C2,70.3021523178808,51.68636994096537
17,SVC,I28,t139,t88,C2_Consensus,C2_Consensus,C2,67.81870860927152,58.37784347161114
17,SVC,I28_G29,t15,t37,WC,WC,U2,65.375,55.68401435704799
17,SVC,I28_G29,t15,t37,WC,CLC,U2,50.77083333333333,59.48274346399416
17,SVC,I28_G29,t15,t37,CLC,CLC,U2,45.177083333333336,49.64395236222018
17,SVC,I28_G29,t15,t37,CLC,WC,U2,25.479166666666668,42.34734285413234
17,SVC,I28_G29,t15,t37,WC,WC,C2,75.43460264900662,70.85454923380718
17,SVC,I28_G29,t15,t37,C2_Consensus,C2_Consensus,C2,77.00745033112582,70.50100940114682
17,SVC,I28_G29,t15,t88,WC,WC,U2,67.11458333333333,58.52403299240737
17,SVC,I28_G29,t15,t88,WC,CLC,U2,46.822916666666664,57.34593411030481
17,SVC,I28_G29,t15,t88,CLC,CLC,U2,45.677083333333336,50.69788721969643
17,SVC,I28_G29,t15,t88,CLC,WC,U2,27.145833333333336,43.1127873295632
17,SVC,I28_G29,t15,t88,WC,WC,C2,72.18543046357617,69.77052502460312
17,SVC,I28_G29,t15,t88,C2_Consensus,C2_Consensus,C2,74.31705298013244,72.20058636878619
17,SVC,I28_G29,t15,t139,WC,WC,U2,64.78125,55.01825688532859
17,SVC,I28_G29,t15,t139,WC,CLC,U2,50.583333333333336,60.91904801765965
17,SVC,I28_G29,t15,t139,CLC,CLC,U2,44.947916666666664,50.902758478705465
17,SVC,I28_G29,t15,t139,CLC,WC,U2,25.156250000000004,43.25497567494844
17,SVC,I28_G29,t15,t139,WC,WC,C2,74.33774834437085,70.14239844079792
17,SVC,I28_G29,t15,t139,C2_Consensus,C2_Consensus,C2,75.7864238410596,71.6687688693347
17,SVC,I28_G29,t37,t15,WC,WC,U2,70.125,57.15836041208012
17,SVC,I28_G29,t37,t15,WC,CLC,U2,49.354166666666664,54.26359316302667
17,SVC,I28_G29,t37,t15,CLC,CLC,U2,45.01041666666667,50.15914444304893
17,SVC,I28_G29,t37,t15,CLC,WC,U2,26.927083333333336,44.11846588155325
17,SVC,I28_G29,t37,t15,WC,WC,C2,76.7591059602649,69.46355172683683
17,SVC,I28_G29,t37,t15,C2_Consensus,C2_Consensus,C2,76.30380794701986,79.7361509829055
17,SVC,I28_G29,t37,t88,WC,WC,U2,66.30208333333333,56.36136742534858
17,SVC,I28_G29,t37,t88,WC,CLC,U2,46.60416666666667,56.31449086739434
17,SVC,I28_G29,t37,t88,CLC,CLC,U2,45.625,51.31058689421219
17,SVC,I28_G29,t37,t88,CLC,WC,U2,27.708333333333336,44.36016962196155
17,SVC,I28_G29,t37,t88,WC,WC,C2,71.52317880794702,67.79071458723871
17,SVC,I28_G29,t37,t88,C2_Consensus,C2_Consensus,C2,71.83360927152319,75.77209487626592
17,SVC,I28_G29,t37,t139,WC,WC,U2,65.77083333333333,52.9783877144949
17,SVC,I28_G29,t37,t139,WC,CLC,U2,51.239583333333336,57.2355216516447
17,SVC,I28_G29,t37,t139,CLC,CLC,U2,45.21875,50.332955216502825
17,SVC,I28_G29,t37,t139,CLC,WC,U2,25.677083333333332,42.51648780503271
17,SVC,I28_G29,t37,t139,WC,WC,C2,75.7657284768212,66.72488051292514
17,SVC,I28_G29,t37,t139,C2_Consensus,C2_Consensus,C2,76.09685430463577,73.6459031811469
17,SVC,I28_G29,t88,t15,WC,WC,U2,69.39583333333333,57.32623259934139
17,SVC,I28_G29,t88,t15,WC,CLC,U2,51.01041666666667,54.38344789676617
17,SVC,I28_G29,t88,t15,CLC,CLC,U2,44.6875,48.55389812456474
17,SVC,I28_G29,t88,t15,CLC,WC,U2,25.083333333333336,42.364226369720406
17,SVC,I28_G29,t88,t15,WC,WC,C2,77.52483443708608,69.48325076696267
17,SVC,I28_G29,t88,t15,C2_Consensus,C2_Consensus,C2,76.20033112582782,75.15743334706232
17,SVC,I28_G29,t88,t37,WC,WC,U2,64.86458333333334,53.325528270511725
17,SVC,I28_G29,t88,t37,WC,CLC,U2,51.57291666666667,56.9352687243257
17,SVC,I28_G29,t88,t37,CLC,CLC,U2,44.697916666666664,47.53248503221398
17,SVC,I28_G29,t88,t37,CLC,WC,U2,24.520833333333332,41.03341478551409
17,SVC,I28_G29,t88,t37,WC,WC,C2,75.47599337748345,68.53545593701604
17,SVC,I28_G29,t88,t37,C2_Consensus,C2_Consensus,C2,74.95860927152319,73.20306939039457
17,SVC,I28_G29,t88,t139,WC,WC,U2,65.76041666666667,54.72722836620354
17,SVC,I28_G29,t88,t139,WC,CLC,U2,52.11458333333333,58.35198698681127
17,SVC,I28_G29,t88,t139,CLC,CLC,U2,44.59375,49.86551494167532
17,SVC,I28_G29,t88,t139,CLC,WC,U2,24.427083333333332,43.587178514345695
17,SVC,I28_G29,t88,t139,WC,WC,C2,76.32450331125827,69.27283867929734
17,SVC,I28_G29,t88,t139,C2_Consensus,C2_Consensus,C2,75.10347682119205,72.29367863654501
17,SVC,I28_G29,t139,t15,WC,WC,U2,69.20833333333334,54.090556846937886
17,SVC,I28_G29,t139,t15,WC,CLC,U2,49.25,50.88396056627327
17,SVC,I28_G29,t139,t15,CLC,CLC,U2,44.947916666666664,47.73894897945222
17,SVC,I28_G29,t139,t15,CLC,WC,U2,27.583333333333332,41.1427550909857
17,SVC,I28_G29,t139,t15,WC,WC,C2,75.91059602649007,63.998386523525966
17,SVC,I28_G29,t139,t15,C2_Consensus,C2_Consensus,C2,74.37913907284768,73.1563405455411
17,SVC,I28_G29,t139,t37,WC,WC,U2,65.16666666666666,47.71745312905536
17,SVC,I28_G29,t139,t37,WC,CLC,U2,51.55208333333333,52.51927453087253
17,SVC,I28_G29,t139,t37,CLC,CLC,U2,46.33333333333333,46.43350381734567
17,SVC,I28_G29,t139,t37,CLC,WC,U2,27.791666666666664,39.209299292255714
17,SVC,I28_G29,t139,t37,WC,WC,C2,76.07615894039735,61.61168567553662
17,SVC,I28_G29,t139,t37,C2_Consensus,C2_Consensus,C2,76.3658940397351,70.48306600305631
17,SVC,I28_G29,t139,t88,WC,WC,U2,66.44791666666666,50.11022562154691
17,SVC,I28_G29,t139,t88,WC,CLC,U2,46.21875,49.20736958221236
17,SVC,I28_G29,t139,t88,CLC,CLC,U2,45.6875,48.271417426719445
17,SVC,I28_G29,t139,t88,CLC,WC,U2,28.541666666666664,41.28530516466989
17,SVC,I28_G29,t139,t88,WC,WC,C2,71.15066225165563,59.10924589381463
17,SVC,I28_G29,t139,t88,C2_Consensus,C2_Consensus,C2,70.15728476821192,68.51415714940087
29,RF,I28,t15,t37,WC,WC,U2,65.13541666666667,50.093463916257065
29,RF,I28,t15,t37,WC,CLC,U2,50.177083333333336,50.351867527651265
29,RF,I28,t15,t37,CLC,CLC,U2,47.770833333333336,41.681641693470155
29,RF,I28,t15,t37,CLC,WC,U2,31.489583333333332,37.02886241841486
29,RF,I28,t15,t37,WC,WC,C2,74.62748344370861,61.517283380358315
29,RF,I28,t15,t37,C2_Consensus,C2_Consensus,C2,75.18625827814569,65.46835597332728
29,RF,I28,t15,t88,WC,WC,U2,67.0625,54.65240806593472
29,RF,I28,t15,t88,WC,CLC,U2,46.270833333333336,49.981096976830244
29,RF,I28,t15,t88,CLC,CLC,U2,46.270833333333336,41.67252332309097
29,RF,I28,t15,t88,CLC,WC,U2,31.135416666666664,38.266858317780994
29,RF,I28,t15,t88,WC,WC,C2,71.8543046357616,63.992109426423546
29,RF,I28,t15,t88,C2_Consensus,C2_Consensus,C2,70.94370860927152,63.94095869371918
29,RF,I28,t15,t139,WC,WC,U2,64.92708333333333,52.03882042820276
29,RF,I28,t15,t139,WC,CLC,U2,50.18749999999999,52.57258529628845
29,RF,I28,t15,t139,CLC,CLC,U2,47.36458333333333,42.39486533768191
29,RF,I28,t15,t139,CLC,WC,U2,30.229166666666668,38.45029676243506
29,RF,I28,t15,t139,WC,WC,C2,74.06870860927152,63.72445273315858
29,RF,I28,t15,t139,C2_Consensus,C2_Consensus,C2,74.04801324503312,64.6571936672171
29,RF,I28,t37,t15,WC,WC,U2,69.36458333333333,57.7729356365888
29,RF,I28,t37,t15,WC,CLC,U2,46.916666666666664,49.672644423602875
29,RF,I28,t37,t15,CLC,CLC,U2,45.645833333333336,42.558172392639015
29,RF,I28,t37,t15,CLC,WC,U2,30.479166666666668,39.91436274343062
29,RF,I28,t37,t15,WC,WC,C2,74.02731788079471,65.79255773551303
29,RF,I28,t37,t15,C2_Consensus,C2_Consensus,C2,72.18543046357617,69.54631684700394
29,RF,I28,t37,t88,WC,WC,U2,65.14583333333334,54.1654252844357
29,RF,I28,t37,t88,WC,CLC,U2,44.729166666666664,49.2078221865366
29,RF,I28,t37,t88,CLC,CLC,U2,45.229166666666664,45.101439821438184
29,RF,I28,t37,t88,CLC,WC,U2,29.083333333333332,39.67023220729602
29,RF,I28,t37,t88,WC,WC,C2,69.3294701986755,62.662950602599786
29,RF,I28,t37,t88,C2_Consensus,C2_Consensus,C2,65.74917218543047,66.60532055896213
29,RF,I28,t37,t139,WC,WC,U2,66.08333333333334,53.03909859868949
29,RF,I28,t37,t139,WC,CLC,U2,49.73958333333333,51.681642132171504
29,RF,I28,t37,t139,CLC,CLC,U2,47.010416666666664,44.37684501275964
29,RF,I28,t37,t139,CLC,WC,U2,29.302083333333336,38.44144998704174
29,RF,I28,t37,t139,WC,WC,C2,74.81374172185431,64.10536982933716
29,RF,I28,t37,t139,C2_Consensus,C2_Consensus,C2,73.2408940397351,65.19701221366407
29,RF,I28,t88,t15,WC,WC,U2,69.16666666666667,54.372390707018006
29,RF,I28,t88,t15,WC,CLC,U2,49.072916666666664,47.469172500705255
29,RF,I28,t88,t15,CLC,CLC,U2,46.270833333333336,41.86847776034598
29,RF,I28,t88,t15,CLC,WC,U2,29.864583333333332,38.57730285268136
29,RF,I28,t88,t15,WC,WC,C2,75.41390728476821,61.58248143058588
29,RF,I28,t88,t15,C2_Consensus,C2_Consensus,C2,73.77897350993378,67.59852753431284
29,RF,I28,t88,t37,WC,WC,U2,64.5,49.992952920908415
29,RF,I28,t88,t37,WC,CLC,U2,50.177083333333336,49.26791108837542
29,RF,I28,t88,t37,CLC,CLC,U2,47.84375,41.03922263784129
29,RF,I28,t88,t37,CLC,WC,U2,29.427083333333332,35.82556285165445
29,RF,I28,t88,t37,WC,WC,C2,73.90314569536423,61.34571482460902
29,RF,I28,t88,t37,C2_Consensus,C2_Consensus,C2,71.93708609271523,64.06365514330109
29,RF,I28,t88,t139,WC,WC,U2,66.07291666666667,51.668625591550374
29,RF,I28,t88,t139,WC,CLC,U2,50.520833333333336,50.471030098297994
29,RF,I28,t88,t139,CLC,CLC,U2,46.85416666666667,42.981003836161
29,RF,I28,t88,t139,CLC,WC,U2,28.770833333333336,38.728129918335604
29,RF,I28,t88,t139,WC,WC,C2,75.24834437086093,62.809765413993034
29,RF,I28,t88,t139,C2_Consensus,C2_Consensus,C2,72.22682119205298,65.82566511798586
29,RF,I28,t139,t15,WC,WC,U2,67.5,54.68659224250055
29,RF,I28,t139,t15,WC,CLC,U2,47.541666666666664,48.380198456652266
29,RF,I28,t139,t15,CLC,CLC,U2,46.21875,43.044256007887995
29,RF,I28,t139,t15,CLC,WC,U2,29.614583333333332,36.24187392599339
29,RF,I28,t139,t15,WC,WC,C2,73.07533112582782,61.76785903540411
29,RF,I28,t139,t15,C2_Consensus,C2_Consensus,C2,69.26738410596026,65.87671192099289
29,RF,I28,t139,t37,WC,WC,U2,65.5,46.68649566647442
29,RF,I28,t139,t37,WC,CLC,U2,50.375,47.09165718770076
29,RF,I28,t139,t37,CLC,CLC,U2,49.0625,41.86133193777557
29,RF,I28,t139,t37,CLC,WC,U2,33.11458333333333,35.12597530740678
29,RF,I28,t139,t37,WC,WC,C2,75.12417218543047,57.46062013952241
29,RF,I28,t139,t37,C2_Consensus,C2_Consensus,C2,74.2342715231788,62.63002785572505
29,RF,I28,t139,t88,WC,WC,U2,64.73958333333333,49.86963919893621
29,RF,I28,t139,t88,WC,CLC,U2,44.71875,44.62337943202731
29,RF,I28,t139,t88,CLC,CLC,U2,45.270833333333336,41.65613064466512
29,RF,I28,t139,t88,CLC,WC,U2,30.15625,36.2734459435815
29,RF,I28,t139,t88,WC,WC,C2,68.81208609271523,56.50759366824359
29,RF,I28,t139,t88,C2_Consensus,C2_Consensus,C2,64.92135761589404,57.35600501941946
29,RF,I28_G29,t15,t37,WC,WC,U2,65.63541666666667,55.02891937386195
29,RF,I28_G29,t15,t37,WC,CLC,U2,50.84375,56.658899801431204
29,RF,I28_G29,t15,t37,CLC,CLC,U2,48.770833333333336,50.65299548419816
29,RF,I28_G29,t15,t37,CLC,WC,U2,32.55208333333333,42.90654995947705
29,RF,I28_G29,t15,t37,WC,WC,C2,75.45529801324503,70.11642422819368
29,RF,I28_G29,t15,t37,C2_Consensus,C2_Consensus,C2,75.99337748344371,72.89445515818484
29,RF,I28_G29,t15,t88,WC,WC,U2,67.95833333333333,58.505547860791765
29,RF,I28_G29,t15,t88,WC,CLC,U2,47.020833333333336,54.75990674626483
29,RF,I28_G29,t15,t88,CLC,CLC,U2,47.28125,49.79330344982827
29,RF,I28_G29,t15,t88,CLC,WC,U2,32.1875,44.23265598248429
29,RF,I28_G29,t15,t88,WC,WC,C2,72.99254966887418,69.76036275313618
29,RF,I28_G29,t15,t88,C2_Consensus,C2_Consensus,C2,73.82036423841059,72.42421369485471
29,RF,I28_G29,t15,t139,WC,WC,U2,65.54166666666667,55.61431741446542
29,RF,I28_G29,t15,t139,WC,CLC,U2,50.572916666666664,59.340734241557655
29,RF,I28_G29,t15,t139,CLC,CLC,U2,47.91666666666667,49.46985435172315
29,RF,I28_G29,t15,t139,CLC,WC,U2,31.177083333333332,42.22123992590491
29,RF,I28_G29,t15,t139,WC,WC,C2,74.83443708609272,70.6369518831163
29,RF,I28_G29,t15,t139,C2_Consensus,C2_Consensus,C2,75.35182119205298,72.53666139319684
29,RF,I28_G29,t37,t15,WC,WC,U2,69.72916666666666,59.47537913883122
29,RF,I28_G29,t37,t15,WC,CLC,U2,47.63541666666667,52.55442881622358
29,RF,I28_G29,t37,t15,CLC,CLC,U2,46.802083333333336,49.1032586831157
29,RF,I28_G29,t37,t15,CLC,WC,U2,31.395833333333336,43.24490557916728
29,RF,I28_G29,t37,t15,WC,WC,C2,74.75165562913907,69.76417389362987
29,RF,I28_G29,t37,t15,C2_Consensus,C2_Consensus,C2,74.02731788079471,78.58255905708819
29,RF,I28_G29,t37,t88,WC,WC,U2,65.97916666666667,57.98034807809955
29,RF,I28_G29,t37,t88,WC,CLC,U2,45.60416666666667,54.34034962348952
29,RF,I28_G29,t37,t88,CLC,CLC,U2,46.666666666666664,51.23771305080044
29,RF,I28_G29,t37,t88,CLC,WC,U2,30.802083333333336,44.362132556881484
29,RF,I28_G29,t37,t88,WC,WC,C2,70.57119205298014,69.24807941768576
29,RF,I28_G29,t37,t88,C2_Consensus,C2_Consensus,C2,70.36423841059603,72.74935185078262
29,RF,I28_G29,t37,t139,WC,WC,U2,66.64583333333334,56.62989716573092
29,RF,I28_G29,t37,t139,WC,CLC,U2,50.541666666666664,58.01318549773031
29,RF,I28_G29,t37,t139,CLC,CLC,U2,48.16666666666667,50.97740257626111
29,RF,I28_G29,t37,t139,CLC,WC,U2,30.895833333333332,42.119838946378145
29,RF,I28_G29,t37,t139,WC,WC,C2,75.97268211920529,71.15029773933662
29,RF,I28_G29,t37,t139,C2_Consensus,C2_Consensus,C2,75.14486754966887,71.91537902904001
29,RF,I28_G29,t88,t15,WC,WC,U2,69.78125,58.19945421781253
29,RF,I28_G29,t88,t15,WC,CLC,U2,49.895833333333336,52.712638781384555
29,RF,I28_G29,t88,t15,CLC,CLC,U2,46.927083333333336,47.8672092940036
29,RF,I28_G29,t88,t15,CLC,WC,U2,30.635416666666664,43.88371454810219
29,RF,I28_G29,t88,t15,WC,WC,C2,76.51076158940397,69.525991790837
29,RF,I28_G29,t88,t15,C2_Consensus,C2_Consensus,C2,74.9793046357616,73.43837430857882
29,RF,I28_G29,t88,t37,WC,WC,U2,65.21875,53.15085442501303
29,RF,I28_G29,t88,t37,WC,CLC,U2,51.03124999999999,53.98821220340796
29,RF,I28_G29,t88,t37,CLC,CLC,U2,48.4375,47.0994432476603
29,RF,I28_G29,t88,t37,CLC,WC,U2,30.302083333333336,40.56430162491883
29,RF,I28_G29,t88,t37,WC,WC,C2,75.24834437086093,67.0122850034579
29,RF,I28_G29,t88,t37,C2_Consensus,C2_Consensus,C2,72.80629139072848,71.6767058905043
29,RF,I28_G29,t88,t139,WC,WC,U2,66.61458333333333,55.514044558623965
29,RF,I28_G29,t88,t139,WC,CLC,U2,51.208333333333336,56.049407881226365
29,RF,I28_G29,t88,t139,CLC,CLC,U2,48.03125,51.0650123167401
29,RF,I28_G29,t88,t139,CLC,WC,U2,29.1875,43.557302517465665
29,RF,I28_G29,t88,t139,WC,WC,C2,76.03476821192054,69.74448678617297
29,RF,I28_G29,t88,t139,C2_Consensus,C2_Consensus,C2,73.6341059602649,72.52752186693662
29,RF,I28_G29,t139,t15,WC,WC,U2,68.48958333333334,56.83393588366912
29,RF,I28_G29,t139,t15,WC,CLC,U2,47.78125,51.17823472062246
29,RF,I28_G29,t139,t15,CLC,CLC,U2,46.28125,47.405512331480374
29,RF,I28_G29,t139,t15,CLC,WC,U2,30.03125,41.12336723040704
29,RF,I28_G29,t139,t15,WC,WC,C2,73.73758278145695,66.56993480656887
29,RF,I28_G29,t139,t15,C2_Consensus,C2_Consensus,C2,71.2955298013245,71.03314022938953
29,RF,I28_G29,t139,t37,WC,WC,U2,66.09375,51.169582250859236
29,RF,I28_G29,t139,t37,WC,CLC,U2,50.864583333333336,52.43128133763308
29,RF,I28_G29,t139,t37,CLC,CLC,U2,49.020833333333336,46.89621253031051
29,RF,I28_G29,t139,t37,CLC,WC,U2,32.770833333333336,39.528471957882836
29,RF,I28_G29,t139,t37,WC,WC,C2,75.88990066225165,65.01627782845955
29,RF,I28_G29,t139,t37,C2_Consensus,C2_Consensus,C2,74.91721854304636,69.71874083397809
29,RF,I28_G29,t139,t88,WC,WC,U2,66.40625,52.95645781878952
29,RF,I28_G29,t139,t88,WC,CLC,U2,45.6875,49.03601156802761
29,RF,I28_G29,t139,t88,CLC,CLC,U2,45.739583333333336,46.0788158942632
29,RF,I28_G29,t139,t88,CLC,WC,U2,30.552083333333336,40.07893473577949
29,RF,I28_G29,t139,t88,WC,WC,C2,70.61258278145695,61.349207503980764
29,RF,I28_G29,t139,t88,C2_Consensus,C2_Consensus,C2,68.06705298013244,64.09048914961129
29,SVC,I28,t15,t37,WC,WC,U2,64.60416666666666,46.74350831954705
29,SVC,I28,t15,t37,WC,CLC,U2,50.020833333333336,47.45243342523061
29,SVC,I28,t15,t37,CLC,CLC,U2,44.53125,39.283122682485875
29,SVC,I28,t15,t37,CLC,WC,U2,24.552083333333332,34.35906978931341
29,SVC,I28,t15,t37,WC,WC,C2,74.04801324503312,56.341007065936346
29,SVC,I28,t15,t37,C2_Consensus,C2_Consensus,C2,75.88990066225165,64.122796914956
29,SVC,I28,t15,t88,WC,WC,U2,66.90625,50.30467121745844
29,SVC,I28,t15,t88,WC,CLC,U2,46.260416666666664,46.42290182115717
29,SVC,I28,t15,t88,CLC,CLC,U2,44.916666666666664,40.782606569762194
29,SVC,I28,t15,t88,CLC,WC,U2,26.458333333333332,36.834310248788974
29,SVC,I28,t15,t88,WC,WC,C2,71.50248344370861,57.88648118423399
29,SVC,I28,t15,t88,C2_Consensus,C2_Consensus,C2,72.68211920529801,65.48243857562426
29,SVC,I28,t15,t139,WC,WC,U2,64.5625,48.65217194698904
29,SVC,I28,t15,t139,WC,CLC,U2,49.885416666666664,50.38606701631735
29,SVC,I28,t15,t139,CLC,CLC,U2,44.51041666666667,43.1907756888365
29,SVC,I28,t15,t139,CLC,WC,U2,24.6875,38.6629744813488
29,SVC,I28,t15,t139,WC,WC,C2,73.28228476821192,57.839872050994835
29,SVC,I28,t15,t139,C2_Consensus,C2_Consensus,C2,75.20695364238411,66.2968950682151
29,SVC,I28,t37,t15,WC,WC,U2,69.88541666666667,53.9739648819791
29,SVC,I28,t37,t15,WC,CLC,U2,48.5625,48.55881627401168
29,SVC,I28,t37,t15,CLC,CLC,U2,44.166666666666664,40.66624893783432
29,SVC,I28,t37,t15,CLC,WC,U2,26.010416666666668,36.94496811704017
29,SVC,I28,t37,t15,WC,WC,C2,75.72433774834437,62.80886327855853
29,SVC,I28,t37,t15,C2_Consensus,C2_Consensus,C2,74.50331125827815,69.88220364318497
29,SVC,I28,t37,t88,WC,WC,U2,66.23958333333333,53.59982895941046
29,SVC,I28,t37,t88,WC,CLC,U2,46.177083333333336,50.52843937499873
29,SVC,I28,t37,t88,CLC,CLC,U2,44.427083333333336,42.73389048058516
29,SVC,I28,t37,t88,CLC,WC,U2,26.59375,36.98841322635535
29,SVC,I28,t37,t88,WC,WC,C2,71.0885761589404,63.323592811144344
29,SVC,I28,t37,t88,C2_Consensus,C2_Consensus,C2,67.83940397350993,64.36791151348584
29,SVC,I28,t37,t139,WC,WC,U2,65.3125,48.207640358318926
29,SVC,I28,t37,t139,WC,CLC,U2,50.48958333333333,48.92632528376606
29,SVC,I28,t37,t139,CLC,CLC,U2,44.51041666666667,40.43778864514849
29,SVC,I28,t37,t139,CLC,WC,U2,25.260416666666668,36.63215824514972
29,SVC,I28,t37,t139,WC,WC,C2,74.89652317880795,58.48585657958385
29,SVC,I28,t37,t139,C2_Consensus,C2_Consensus,C2,74.52400662251655,64.44096164480936
29,SVC,I28,t88,t15,WC,WC,U2,69.08333333333333,51.71942947897137
29,SVC,I28,t88,t15,WC,CLC,U2,50.520833333333336,46.64117540256125
29,SVC,I28,t88,t15,CLC,CLC,U2,43.958333333333336,40.279148097723514
29,SVC,I28,t88,t15,CLC,WC,U2,24.333333333333336,36.721266122570825
29,SVC,I28,t88,t15,WC,WC,C2,76.71771523178808,59.61717765434522
29,SVC,I28,t88,t15,C2_Consensus,C2_Consensus,C2,75.82781456953643,69.34952724818541
29,SVC,I28,t88,t37,WC,WC,U2,64.04166666666666,45.762866081210554
29,SVC,I28,t88,t37,WC,CLC,U2,50.5,47.30300555982246
29,SVC,I28,t88,t37,CLC,CLC,U2,43.895833333333336,40.092922026652275
29,SVC,I28,t88,t37,CLC,WC,U2,23.916666666666668,35.175873236654205
29,SVC,I28,t88,t37,WC,WC,C2,73.71688741721854,56.0744208485539
29,SVC,I28,t88,t37,C2_Consensus,C2_Consensus,C2,74.50331125827815,64.23540050784412
29,SVC,I28,t88,t139,WC,WC,U2,65.0,47.02128243870494
29,SVC,I28,t88,t139,WC,CLC,U2,51.09375000000001,48.31737144405462
29,SVC,I28,t88,t139,CLC,CLC,U2,44.02083333333333,40.31652911678031
29,SVC,I28,t88,t139,CLC,WC,U2,24.020833333333332,36.21980371632234
29,SVC,I28,t88,t139,WC,WC,C2,74.66887417218543,57.32367287550376
29,SVC,I28,t88,t139,C2_Consensus,C2_Consensus,C2,74.85513245033113,64.33877116605271
29,SVC,I28,t139,t15,WC,WC,U2,68.4375,48.308454453487926
29,SVC,I28,t139,t15,WC,CLC,U2,49.48958333333333,44.881202193423334
29,SVC,I28,t139,t15,CLC,CLC,U2,44.416666666666664,39.98983839386413
29,SVC,I28,t139,t15,CLC,WC,U2,26.614583333333336,35.372066930790815
29,SVC,I28,t139,t15,WC,WC,C2,75.08278145695364,54.98847612118972
29,SVC,I28,t139,t15,C2_Consensus,C2_Consensus,C2,73.28228476821192,65.08296630753183
29,SVC,I28,t139,t37,WC,WC,U2,64.1875,38.98458978862603
29,SVC,I28,t139,t37,WC,CLC,U2,50.979166666666664,41.871857288773974
29,SVC,I28,t139,t37,CLC,CLC,U2,45.65625,38.574882904951714
29,SVC,I28,t139,t37,CLC,WC,U2,26.635416666666668,32.2726691080371
29,SVC,I28,t139,t37,WC,WC,C2,74.60678807947019,46.684225653185315
29,SVC,I28,t139,t37,C2_Consensus,C2_Consensus,C2,75.37251655629139,56.208164126804505
29,SVC,I28,t139,t88,WC,WC,U2,66.45833333333333,44.788226328695984
29,SVC,I28,t139,t88,WC,CLC,U2,46.61458333333333,41.93599684327785
29,SVC,I28,t139,t88,CLC,CLC,U2,44.854166666666664,39.94810942228904
29,SVC,I28,t139,t88,CLC,WC,U2,27.614583333333332,34.815271156721565
29,SVC,I28,t139,t88,WC,WC,C2,71.27483443708608,49.873588127892546
29,SVC,I28,t139,t88,C2_Consensus,C2_Consensus,C2,67.9635761589404,57.02525350506112
29,SVC,I28_G29,t15,t37,WC,WC,U2,65.27083333333333,55.54166701740274
29,SVC,I28_G29,t15,t37,WC,CLC,U2,50.875,58.3861371146523
29,SVC,I28_G29,t15,t37,CLC,CLC,U2,45.166666666666664,49.04006065772381
29,SVC,I28_G29,t15,t37,CLC,WC,U2,25.5,42.121667551911166
29,SVC,I28_G29,t15,t37,WC,WC,C2,75.35182119205298,70.159725702584
29,SVC,I28_G29,t15,t37,C2_Consensus,C2_Consensus,C2,77.02814569536423,74.16378204017845
29,SVC,I28_G29,t15,t88,WC,WC,U2,67.09375,56.463683423175034
29,SVC,I28_G29,t15,t88,WC,CLC,U2,46.88541666666667,55.496210792666375
29,SVC,I28_G29,t15,t88,CLC,CLC,U2,45.59375,48.772121349714034
29,SVC,I28_G29,t15,t88,CLC,WC,U2,27.03125,42.495852292967676
29,SVC,I28_G29,t15,t88,WC,WC,C2,72.37168874172185,68.7263586241761
29,SVC,I28_G29,t15,t88,C2_Consensus,C2_Consensus,C2,74.48261589403974,74.00706914404272
29,SVC,I28_G29,t15,t139,WC,WC,U2,64.94791666666667,55.53089692561208
29,SVC,I28_G29,t15,t139,WC,CLC,U2,50.541666666666664,59.877354055931164
29,SVC,I28_G29,t15,t139,CLC,CLC,U2,44.9375,51.403549355736104
29,SVC,I28_G29,t15,t139,CLC,WC,U2,25.114583333333336,43.4112613035906
29,SVC,I28_G29,t15,t139,WC,WC,C2,74.37913907284768,69.56285809233833
29,SVC,I28_G29,t15,t139,C2_Consensus,C2_Consensus,C2,75.88990066225165,70.94070733782156
29,SVC,I28_G29,t37,t15,WC,WC,U2,70.53125,60.37497322988645
29,SVC,I28_G29,t37,t15,WC,CLC,U2,49.23958333333333,56.807915028767184
29,SVC,I28_G29,t37,t15,CLC,CLC,U2,45.135416666666664,50.424732267779625
29,SVC,I28_G29,t37,t15,CLC,WC,U2,26.958333333333336,43.450383020856634
29,SVC,I28_G29,t37,t15,WC,WC,C2,76.90397350993378,74.00012420240373
29,SVC,I28_G29,t37,t15,C2_Consensus,C2_Consensus,C2,76.69701986754967,76.7014205008385
29,SVC,I28_G29,t37,t88,WC,WC,U2,66.70833333333334,57.84547700395486
29,SVC,I28_G29,t37,t88,WC,CLC,U2,46.770833333333336,56.936174824685025
29,SVC,I28_G29,t37,t88,CLC,CLC,U2,45.708333333333336,50.67230307243826
29,SVC,I28_G29,t37,t88,CLC,WC,U2,27.927083333333336,42.703275442513004
29,SVC,I28_G29,t37,t88,WC,WC,C2,72.18543046357617,70.28155671289613
29,SVC,I28_G29,t37,t88,C2_Consensus,C2_Consensus,C2,72.49586092715232,74.27422286889589
29,SVC,I28_G29,t37,t139,WC,WC,U2,65.98958333333333,54.307644822292
29,SVC,I28_G29,t37,t139,WC,CLC,U2,51.07291666666667,58.462189377155546
29,SVC,I28_G29,t37,t139,CLC,CLC,U2,45.260416666666664,48.040649091887815
29,SVC,I28_G29,t37,t139,CLC,WC,U2,25.760416666666668,40.03338445376215
29,SVC,I28_G29,t37,t139,WC,WC,C2,75.95198675496688,68.79683489163726
29,SVC,I28_G29,t37,t139,C2_Consensus,C2_Consensus,C2,76.13824503311258,68.80831039823036
29,SVC,I28_G29,t88,t15,WC,WC,U2,69.51041666666666,58.86032581757057
29,SVC,I28_G29,t88,t15,WC,CLC,U2,51.39583333333333,56.61080331669073
29,SVC,I28_G29,t88,t15,CLC,CLC,U2,44.729166666666664,49.46399872363054
29,SVC,I28_G29,t88,t15,CLC,WC,U2,25.114583333333336,43.07468251810015
29,SVC,I28_G29,t88,t15,WC,WC,C2,77.98013245033113,73.15778144739424
29,SVC,I28_G29,t88,t15,C2_Consensus,C2_Consensus,C2,76.96605960264901,75.138077916479
29,SVC,I28_G29,t88,t37,WC,WC,U2,64.75,53.823023816111835
29,SVC,I28_G29,t88,t37,WC,CLC,U2,51.5625,56.94243089808505
29,SVC,I28_G29,t88,t37,CLC,CLC,U2,44.583333333333336,47.62182810987651
29,SVC,I28_G29,t88,t37,CLC,WC,U2,24.572916666666668,41.03733789233108
29,SVC,I28_G29,t88,t37,WC,WC,C2,75.24834437086093,68.57416436032555
29,SVC,I28_G29,t88,t37,C2_Consensus,C2_Consensus,C2,75.20695364238411,73.10620178014892
29,SVC,I28_G29,t88,t139,WC,WC,U2,65.45833333333333,55.10736161659726
29,SVC,I28_G29,t88,t139,WC,CLC,U2,52.083333333333336,58.816913801127434
29,SVC,I28_G29,t88,t139,CLC,CLC,U2,44.34375,48.49937268550178
29,SVC,I28_G29,t88,t139,CLC,WC,U2,24.510416666666668,42.962255416661115
29,SVC,I28_G29,t88,t139,WC,WC,C2,76.17963576158941,70.80098758874121
29,SVC,I28_G29,t88,t139,C2_Consensus,C2_Consensus,C2,75.72433774834437,72.00441637059534
29,SVC,I28_G29,t139,t15,WC,WC,U2,69.125,52.379482019506995
29,SVC,I28_G29,t139,t15,WC,CLC,U2,49.9375,50.22630426057431
29,SVC,I28_G29,t139,t15,CLC,CLC,U2,45.0625,48.03341933780468
29,SVC,I28_G29,t139,t15,CLC,WC,U2,27.333333333333332,41.24549105720473
29,SVC,I28_G29,t139,t15,WC,WC,C2,76.24172185430463,62.82153821084384
29,SVC,I28_G29,t139,t15,C2_Consensus,C2_Consensus,C2,74.95860927152319,72.9574402757088
29,SVC,I28_G29,t139,t37,WC,WC,U2,64.78125,44.63571377865397
29,SVC,I28_G29,t139,t37,WC,CLC,U2,51.81249999999999,50.38224672120607
29,SVC,I28_G29,t139,t37,CLC,CLC,U2,46.38541666666667,47.846313864464136
29,SVC,I28_G29,t139,t37,CLC,WC,U2,27.364583333333332,39.45158300720824
29,SVC,I28_G29,t139,t37,WC,WC,C2,75.95198675496688,57.721320215095986
29,SVC,I28_G29,t139,t37,C2_Consensus,C2_Consensus,C2,76.49006622516556,68.2191663041958
29,SVC,I28_G29,t139,t88,WC,WC,U2,67.08333333333333,50.97812129841432
29,SVC,I28_G29,t139,t88,WC,CLC,U2,47.17708333333333,49.4930102613242
29,SVC,I28_G29,t139,t88,CLC,CLC,U2,45.739583333333336,47.45046611530122
29,SVC,I28_G29,t139,t88,CLC,WC,U2,28.552083333333332,40.532411773559176
29,SVC,I28_G29,t139,t88,WC,WC,C2,72.43377483443709,60.667941794237166
29,SVC,I28_G29,t139,t88,C2_Consensus,C2_Consensus,C2,70.55049668874173,65.91628514203083
43,RF,I28,t15,t37,WC,WC,U2,65.41666666666667,48.674367485386796
43,RF,I28,t15,t37,WC,CLC,U2,50.0625,48.624754908130704
43,RF,I28,t15,t37,CLC,CLC,U2,48.875,43.10267662382935
43,RF,I28,t15,t37,CLC,WC,U2,31.96875,37.52415717280784
43,RF,I28,t15,t37,WC,WC,C2,74.56539735099338,59.13136008047495
43,RF,I28,t15,t37,C2_Consensus,C2_Consensus,C2,75.20695364238411,68.32622569681013
43,RF,I28,t15,t88,WC,WC,U2,67.16666666666666,53.36545019944723
43,RF,I28,t15,t88,WC,CLC,U2,46.58333333333333,48.042936869956186
43,RF,I28,t15,t88,CLC,CLC,U2,46.822916666666664,42.118476885608004
43,RF,I28,t15,t88,CLC,WC,U2,30.625000000000004,38.68793695644538
43,RF,I28,t15,t88,WC,WC,C2,72.16473509933775,61.958950848951666
43,RF,I28,t15,t88,C2_Consensus,C2_Consensus,C2,71.1092715231788,63.23077255691435
43,RF,I28,t15,t139,WC,WC,U2,65.19791666666667,51.92368581576376
43,RF,I28,t15,t139,WC,CLC,U2,50.354166666666664,53.18663595731279
43,RF,I28,t15,t139,CLC,CLC,U2,47.67708333333333,44.30956798224835
43,RF,I28,t15,t139,CLC,WC,U2,30.541666666666668,39.08362672541747
43,RF,I28,t15,t139,WC,WC,C2,74.35844370860927,63.589817584134934
43,RF,I28,t15,t139,C2_Consensus,C2_Consensus,C2,73.32367549668875,64.48154734639255
43,RF,I28,t37,t15,WC,WC,U2,69.29166666666666,59.13342772882382
43,RF,I28,t37,t15,WC,CLC,U2,47.16666666666667,50.44191920976534
43,RF,I28,t37,t15,CLC,CLC,U2,46.166666666666664,43.49679375948024
43,RF,I28,t37,t15,CLC,WC,U2,30.6875,40.26421194458408
43,RF,I28,t37,t15,WC,WC,C2,74.11009933774835,66.48117307117388
43,RF,I28,t37,t15,C2_Consensus,C2_Consensus,C2,71.8543046357616,70.13752785893276
43,RF,I28,t37,t88,WC,WC,U2,65.22916666666667,53.66953199613531
43,RF,I28,t37,t88,WC,CLC,U2,45.15625,49.876600845038084
43,RF,I28,t37,t88,CLC,CLC,U2,46.166666666666664,44.782601248157064
43,RF,I28,t37,t88,CLC,WC,U2,29.843750000000004,39.62785536553916
43,RF,I28,t37,t88,WC,WC,C2,69.95033112582782,62.60720091663428
43,RF,I28,t37,t88,C2_Consensus,C2_Consensus,C2,66.14238410596026,65.25161495201912
43,RF,I28,t37,t139,WC,WC,U2,65.17708333333333,51.53629029473032
43,RF,I28,t37,t139,WC,CLC,U2,50.01041666666667,51.38401069669568
43,RF,I28,t37,t139,CLC,CLC,U2,47.333333333333336,43.09214367865074
43,RF,I28,t37,t139,CLC,WC,U2,30.145833333333332,37.812450849461975
43,RF,I28,t37,t139,WC,WC,C2,74.37913907284768,61.92072897059558
43,RF,I28,t37,t139,C2_Consensus,C2_Consensus,C2,73.38576158940397,65.78674665404114
43,RF,I28,t88,t15,WC,WC,U2,70.0,54.559332987578536
43,RF,I28,t88,t15,WC,CLC,U2,49.572916666666664,48.33898773045503
43,RF,I28,t88,t15,CLC,CLC,U2,46.927083333333336,42.69780766500867
43,RF,I28,t88,t15,CLC,WC,U2,31.364583333333336,40.16075292854603
43,RF,I28,t88,t15,WC,WC,C2,76.51076158940397,62.7836685386843
43,RF,I28,t88,t15,C2_Consensus,C2_Consensus,C2,73.17880794701986,67.3728914139956
43,RF,I28,t88,t37,WC,WC,U2,64.875,47.5452755243314
43,RF,I28,t88,t37,WC,CLC,U2,50.479166666666664,47.182228596171925
43,RF,I28,t88,t37,CLC,CLC,U2,47.510416666666664,40.25862477336778
43,RF,I28,t88,t37,CLC,WC,U2,29.614583333333332,35.12305855613424
43,RF,I28,t88,t37,WC,WC,C2,74.48261589403974,57.79209659559672
43,RF,I28,t88,t37,C2_Consensus,C2_Consensus,C2,72.12334437086093,63.993193246365976
43,RF,I28,t88,t139,WC,WC,U2,65.84375,50.786080902048525
43,RF,I28,t88,t139,WC,CLC,U2,51.16666666666667,51.71509100295852
43,RF,I28,t88,t139,CLC,CLC,U2,47.010416666666664,43.20888245827952
43,RF,I28,t88,t139,CLC,WC,U2,28.802083333333332,38.586260514581596
43,RF,I28,t88,t139,WC,WC,C2,75.45529801324503,62.97966775857004
43,RF,I28,t88,t139,C2_Consensus,C2_Consensus,C2,72.68211920529801,65.74852285106105
43,RF,I28,t139,t15,WC,WC,U2,68.11458333333333,52.61543115035854
43,RF,I28,t139,t15,WC,CLC,U2,47.16666666666667,46.728164086836195
43,RF,I28,t139,t15,CLC,CLC,U2,45.875,42.36962094960266
43,RF,I28,t139,t15,CLC,WC,U2,29.385416666666668,37.130466437535944
43,RF,I28,t139,t15,WC,WC,C2,73.22019867549669,61.24571174521057
43,RF,I28,t139,t15,C2_Consensus,C2_Consensus,C2,68.70860927152319,64.35109171090095
43,RF,I28,t139,t37,WC,WC,U2,65.48958333333333,46.01073720767715
43,RF,I28,t139,t37,WC,CLC,U2,50.29166666666667,46.11615539811612
43,RF,I28,t139,t37,CLC,CLC,U2,48.91666666666667,41.36304268983243
43,RF,I28,t139,t37,CLC,WC,U2,32.385416666666664,35.150744498232264
43,RF,I28,t139,t37,WC,WC,C2,75.22764900662253,56.311070694006595
43,RF,I28,t139,t37,C2_Consensus,C2_Consensus,C2,73.55132450331125,58.455961394608224
43,RF,I28,t139,t88,WC,WC,U2,65.07291666666667,48.9226081866254
43,RF,I28,t139,t88,WC,CLC,U2,44.697916666666664,43.59879922037654
43,RF,I28,t139,t88,CLC,CLC,U2,45.02083333333333,40.86470814681794
43,RF,I28,t139,t88,CLC,WC,U2,30.40625,35.81866389547125
43,RF,I28,t139,t88,WC,WC,C2,69.16390728476821,55.560549056741756
43,RF,I28,t139,t88,C2_Consensus,C2_Consensus,C2,64.87996688741721,58.61297363393394
43,RF,I28_G29,t15,t37,WC,WC,U2,65.54166666666667,52.77738285706419
43,RF,I28_G29,t15,t37,WC,CLC,U2,50.697916666666664,55.067389199431375
43,RF,I28_G29,t15,t37,CLC,CLC,U2,49.90625,49.552660697585274
43,RF,I28_G29,t15,t37,CLC,WC,U2,32.958333333333336,42.288210824287034
43,RF,I28_G29,t15,t37,WC,WC,C2,75.20695364238411,66.79624262067072
43,RF,I28_G29,t15,t37,C2_Consensus,C2_Consensus,C2,75.60016556291392,75.70751501527508
43,RF,I28_G29,t15,t88,WC,WC,U2,67.79166666666666,56.52414434197153
43,RF,I28_G29,t15,t88,WC,CLC,U2,47.39583333333333,54.57047360086009
43,RF,I28_G29,t15,t88,CLC,CLC,U2,48.3125,49.21550214481306
43,RF,I28_G29,t15,t88,CLC,WC,U2,32.375,43.423583297276274
43,RF,I28_G29,t15,t88,WC,WC,C2,73.26158940397352,67.79035365607994
43,RF,I28_G29,t15,t88,C2_Consensus,C2_Consensus,C2,74.13079470198676,75.14208908956302
43,RF,I28_G29,t15,t139,WC,WC,U2,65.45833333333333,55.7020668496328
43,RF,I28_G29,t15,t139,WC,CLC,U2,50.697916666666664,58.71313858818068
43,RF,I28_G29,t15,t139,CLC,CLC,U2,49.041666666666664,52.00926266602133
43,RF,I28_G29,t15,t139,CLC,WC,U2,31.677083333333332,43.02372134167992
43,RF,I28_G29,t15,t139,WC,WC,C2,74.93791390728477,69.3666851430573
43,RF,I28_G29,t15,t139,C2_Consensus,C2_Consensus,C2,74.56539735099338,70.35823219434084
43,RF,I28_G29,t37,t15,WC,WC,U2,69.59375,59.241398475914444
43,RF,I28_G29,t37,t15,WC,CLC,U2,47.9375,52.9075671284456
43,RF,I28_G29,t37,t15,CLC,CLC,U2,47.270833333333336,49.662318560558646
43,RF,I28_G29,t37,t15,CLC,WC,U2,31.5625,43.65878007697946
43,RF,I28_G29,t37,t15,WC,WC,C2,75.08278145695364,70.2211151784832
43,RF,I28_G29,t37,t15,C2_Consensus,C2_Consensus,C2,74.29635761589404,77.91932219874181
43,RF,I28_G29,t37,t88,WC,WC,U2,66.22916666666666,57.39136014829974
43,RF,I28_G29,t37,t88,WC,CLC,U2,46.291666666666664,54.6740775662977
43,RF,I28_G29,t37,t88,CLC,CLC,U2,48.239583333333336,50.76970715278232
43,RF,I28_G29,t37,t88,CLC,WC,U2,32.01041666666667,43.66064863595213
43,RF,I28_G29,t37,t88,WC,WC,C2,71.46109271523179,69.98223892795876
43,RF,I28_G29,t37,t88,C2_Consensus,C2_Consensus,C2,70.40562913907284,72.48258189595995
43,RF,I28_G29,t37,t139,WC,WC,U2,65.55208333333333,54.34836301118418
43,RF,I28_G29,t37,t139,WC,CLC,U2,50.958333333333336,57.93922017419234
43,RF,I28_G29,t37,t139,CLC,CLC,U2,48.84375,49.57585894924261
43,RF,I28_G29,t37,t139,CLC,WC,U2,31.708333333333332,40.99356169165871
43,RF,I28_G29,t37,t139,WC,WC,C2,75.37251655629139,68.25343808420358
43,RF,I28_G29,t37,t139,C2_Consensus,C2_Consensus,C2,75.26903973509934,72.59316476193042
43,RF,I28_G29,t88,t15,WC,WC,U2,70.28125,58.75506007322937
43,RF,I28_G29,t88,t15,WC,CLC,U2,50.22916666666667,53.50491726864881
43,RF,I28_G29,t88,t15,CLC,CLC,U2,47.91666666666667,48.397816596073454
43,RF,I28_G29,t88,t15,CLC,WC,U2,31.802083333333332,43.518163733653665
43,RF,I28_G29,t88,t15,WC,WC,C2,77.37996688741721,71.01069269784814
43,RF,I28_G29,t88,t15,C2_Consensus,C2_Consensus,C2,74.89652317880795,74.12985540941244
43,RF,I28_G29,t88,t37,WC,WC,U2,65.30208333333334,51.81520776073325
43,RF,I28_G29,t88,t37,WC,CLC,U2,51.03124999999999,53.59735426025113
43,RF,I28_G29,t88,t37,CLC,CLC,U2,48.16666666666667,46.675761393487605
43,RF,I28_G29,t88,t37,CLC,WC,U2,30.03125,39.393163261166706
43,RF,I28_G29,t88,t37,WC,WC,C2,75.14486754966887,65.63938974021426
43,RF,I28_G29,t88,t37,C2_Consensus,C2_Consensus,C2,72.95115894039735,71.22477080935573
43,RF,I28_G29,t88,t139,WC,WC,U2,66.0625,55.18820629099989
43,RF,I28_G29,t88,t139,WC,CLC,U2,51.89583333333333,58.67052562121111
43,RF,I28_G29,t88,t139,CLC,CLC,U2,47.864583333333336,50.08378333219584
43,RF,I28_G29,t88,t139,CLC,WC,U2,29.739583333333336,42.689607682295836
43,RF,I28_G29,t88,t139,WC,WC,C2,76.28311258278146,70.95482381350136
43,RF,I28_G29,t88,t139,C2_Consensus,C2_Consensus,C2,74.08940397350993,70.68714274166541
43,RF,I28_G29,t139,t15,WC,WC,U2,69.17708333333333,56.78615763366507
43,RF,I28_G29,t139,t15,WC,CLC,U2,47.5,49.46881102825574
43,RF,I28_G29,t139,t15,CLC,CLC,U2,46.291666666666664,46.867645575970506
43,RF,I28_G29,t139,t15,CLC,WC,U2,30.28125,41.196274448413725
43,RF,I28_G29,t139,t15,WC,WC,C2,73.94453642384106,65.80168378940508
43,RF,I28_G29,t139,t15,C2_Consensus,C2_Consensus,C2,71.06788079470199,70.8820427446165
43,RF,I28_G29,t139,t37,WC,WC,U2,66.09375,51.30819322379474
43,RF,I28_G29,t139,t37,WC,CLC,U2,50.61458333333333,52.64226545916997
43,RF,I28_G29,t139,t37,CLC,CLC,U2,49.0,45.829370827910424
43,RF,I28_G29,t139,t37,CLC,WC,U2,32.78125,38.85461374539309
43,RF,I28_G29,t139,t37,WC,WC,C2,75.70364238410596,64.70868390359942
43,RF,I28_G29,t139,t37,C2_Consensus,C2_Consensus,C2,74.27566225165563,66.18504207869658
43,RF,I28_G29,t139,t88,WC,WC,U2,66.30208333333333,52.02451499442472
43,RF,I28_G29,t139,t88,WC,CLC,U2,45.08333333333333,48.1496071459519
43,RF,I28_G29,t139,t88,CLC,CLC,U2,46.03125,44.68237617774206
43,RF,I28_G29,t139,t88,CLC,WC,U2,31.125000000000004,39.19957820780784
43,RF,I28_G29,t139,t88,WC,WC,C2,69.82615894039735,60.322721341385964
43,RF,I28_G29,t139,t88,C2_Consensus,C2_Consensus,C2,68.14983443708608,65.30325954324823
43,SVC,I28,t15,t37,WC,WC,U2,64.72916666666667,45.52020779954816
43,SVC,I28,t15,t37,WC,CLC,U2,50.16666666666667,46.26073378214256
43,SVC,I28,t15,t37,CLC,CLC,U2,44.604166666666664,41.17704575825991
43,SVC,I28,t15,t37,CLC,WC,U2,24.53125,35.29102426208536
43,SVC,I28,t15,t37,WC,WC,C2,74.17218543046357,53.9833280085402
43,SVC,I28,t15,t37,C2_Consensus,C2_Consensus,C2,75.62086092715232,63.91964861497639
43,SVC,I28,t15,t88,WC,WC,U2,66.76041666666667,50.94993669726806
43,SVC,I28,t15,t88,WC,CLC,U2,46.10416666666667,46.437533270706375
43,SVC,I28,t15,t88,CLC,CLC,U2,44.6875,40.03026441060618
43,SVC,I28,t15,t88,CLC,WC,U2,26.145833333333336,36.42900695955358
43,SVC,I28,t15,t88,WC,WC,C2,71.12996688741721,58.547324451835
43,SVC,I28,t15,t88,C2_Consensus,C2_Consensus,C2,72.39238410596026,61.34252713399104
43,SVC,I28,t15,t139,WC,WC,U2,64.66666666666666,48.31654743032911
43,SVC,I28,t15,t139,WC,CLC,U2,50.11458333333333,50.03062304059009
43,SVC,I28,t15,t139,CLC,CLC,U2,44.46875,42.16414303411945
43,SVC,I28,t15,t139,CLC,WC,U2,24.583333333333332,37.96491765405005
43,SVC,I28,t15,t139,WC,WC,C2,73.6341059602649,57.6912475797853
43,SVC,I28,t15,t139,C2_Consensus,C2_Consensus,C2,75.20695364238411,66.91707667573806
43,SVC,I28,t37,t15,WC,WC,U2,69.58333333333333,54.78634784148626
43,SVC,I28,t37,t15,WC,CLC,U2,48.864583333333336,49.02115327663332
43,SVC,I28,t37,t15,CLC,CLC,U2,44.28125,40.91214058113256
43,SVC,I28,t37,t15,CLC,WC,U2,25.958333333333332,36.95964167253121
43,SVC,I28,t37,t15,WC,WC,C2,75.62086092715232,63.20413165454794
43,SVC,I28,t37,t15,C2_Consensus,C2_Consensus,C2,74.64817880794702,71.25118447777893
43,SVC,I28,t37,t88,WC,WC,U2,66.15625,52.83494324524432
43,SVC,I28,t37,t88,WC,CLC,U2,46.57291666666667,49.361387599783804
43,SVC,I28,t37,t88,CLC,CLC,U2,44.322916666666664,42.1071405293367
43,SVC,I28,t37,t88,CLC,WC,U2,26.572916666666668,36.78037360933105
43,SVC,I28,t37,t88,WC,WC,C2,71.17135761589404,60.708961049458985
43,SVC,I28,t37,t88,C2_Consensus,C2_Consensus,C2,68.23261589403974,68.47299264921931
43,SVC,I28,t37,t139,WC,WC,U2,65.25,47.86887832326626
43,SVC,I28,t37,t139,WC,CLC,U2,50.74999999999999,50.32556474532205
43,SVC,I28,t37,t139,CLC,CLC,U2,44.5,41.29837114409742
43,SVC,I28,t37,t139,CLC,WC,U2,24.8125,36.68221867566087
43,SVC,I28,t37,t139,WC,WC,C2,74.77235099337747,58.03622424692669
43,SVC,I28,t37,t139,C2_Consensus,C2_Consensus,C2,74.83443708609272,65.83781783561913
43,SVC,I28,t88,t15,WC,WC,U2,68.61458333333333,50.974678747301994
43,SVC,I28,t88,t15,WC,CLC,U2,50.0625,46.28268566192625
43,SVC,I28,t88,t15,CLC,CLC,U2,43.947916666666664,41.367981826364364
43,SVC,I28,t88,t15,CLC,WC,U2,24.427083333333332,36.97578637709108
43,SVC,I28,t88,t15,WC,WC,C2,75.88990066225165,58.6806210890036
43,SVC,I28,t88,t15,C2_Consensus,C2_Consensus,C2,76.07615894039735,68.63220345072257
43,SVC,I28,t88,t37,WC,WC,U2,63.5,43.398365805434935
43,SVC,I28,t88,t37,WC,CLC,U2,50.4375,44.92937354417484
43,SVC,I28,t88,t37,CLC,CLC,U2,44.09375,39.94272089144849
43,SVC,I28,t88,t37,CLC,WC,U2,23.989583333333332,34.82468887229583
43,SVC,I28,t88,t37,WC,WC,C2,73.28228476821192,52.40674182965025
43,SVC,I28,t88,t37,C2_Consensus,C2_Consensus,C2,74.25496688741721,62.49641404051719
43,SVC,I28,t88,t139,WC,WC,U2,64.54166666666666,46.85457472771043
43,SVC,I28,t88,t139,WC,CLC,U2,51.354166666666664,49.36594013033872
43,SVC,I28,t88,t139,CLC,CLC,U2,44.145833333333336,41.661384438141056
43,SVC,I28,t88,t139,CLC,WC,U2,24.15625,38.430984064829524
43,SVC,I28,t88,t139,WC,WC,C2,74.52400662251655,56.53524474160639
43,SVC,I28,t88,t139,C2_Consensus,C2_Consensus,C2,74.75165562913907,66.05505874594064
43,SVC,I28,t139,t15,WC,WC,U2,68.30208333333333,49.82146549654797
43,SVC,I28,t139,t15,WC,CLC,U2,48.875,47.26546399545004
43,SVC,I28,t139,t15,CLC,CLC,U2,44.55208333333333,40.829544873663906
43,SVC,I28,t139,t15,CLC,WC,U2,27.208333333333336,36.62174798754583
43,SVC,I28,t139,t15,WC,WC,C2,74.56539735099338,58.50004349650296
43,SVC,I28,t139,t15,C2_Consensus,C2_Consensus,C2,73.61341059602648,68.32028104643092
43,SVC,I28,t139,t37,WC,WC,U2,63.90625,41.52290985490183
43,SVC,I28,t139,t37,WC,CLC,U2,50.79166666666667,44.379423689591746
43,SVC,I28,t139,t37,CLC,CLC,U2,45.8125,36.89783415855342
43,SVC,I28,t139,t37,CLC,WC,U2,27.177083333333336,31.74087774310176
43,SVC,I28,t139,t37,WC,WC,C2,74.17218543046357,50.348843750040096
43,SVC,I28,t139,t37,C2_Consensus,C2_Consensus,C2,75.24834437086093,56.77298879997126
43,SVC,I28,t139,t88,WC,WC,U2,65.90625,44.7645700174316
43,SVC,I28,t139,t88,WC,CLC,U2,46.166666666666664,41.560765828301406
43,SVC,I28,t139,t88,CLC,CLC,U2,44.77083333333333,40.21188416031951
43,SVC,I28,t139,t88,CLC,WC,U2,27.895833333333332,35.08696348629171
43,SVC,I28,t139,t88,WC,WC,C2,70.59188741721854,50.196171281273536
43,SVC,I28,t139,t88,C2_Consensus,C2_Consensus,C2,68.02566225165563,57.91572225365774
43,SVC,I28_G29,t15,t37,WC,WC,U2,65.21875,53.23799598669705
43,SVC,I28_G29,t15,t37,WC,CLC,U2,51.0,56.319212947912
43,SVC,I28_G29,t15,t37,CLC,CLC,U2,45.229166666666664,49.24028724886077
43,SVC,I28_G29,t15,t37,CLC,WC,U2,25.5,42.32360250045137
43,SVC,I28_G29,t15,t37,WC,WC,C2,75.28973509933775,66.2580505098329
43,SVC,I28_G29,t15,t37,C2_Consensus,C2_Consensus,C2,76.94536423841059,72.85230550711918
43,SVC,I28_G29,t15,t88,WC,WC,U2,67.27083333333333,56.79028641605586
43,SVC,I28_G29,t15,t88,WC,CLC,U2,47.052083333333336,55.09193296080193
43,SVC,I28_G29,t15,t88,CLC,CLC,U2,45.635416666666664,49.10704965592707
43,SVC,I28_G29,t15,t88,CLC,WC,U2,27.0625,42.3313766561355
43,SVC,I28_G29,t15,t88,WC,WC,C2,72.41307947019867,68.16599202179188
43,SVC,I28_G29,t15,t88,C2_Consensus,C2_Consensus,C2,74.19288079470199,71.9569795207173
43,SVC,I28_G29,t15,t139,WC,WC,U2,65.05208333333333,55.30096240665918
43,SVC,I28_G29,t15,t139,WC,CLC,U2,50.927083333333336,60.82450163925196
43,SVC,I28_G29,t15,t139,CLC,CLC,U2,44.989583333333336,50.71598996128023
43,SVC,I28_G29,t15,t139,CLC,WC,U2,25.166666666666664,43.59175247090775
43,SVC,I28_G29,t15,t139,WC,WC,C2,74.75165562913907,70.27830807585072
43,SVC,I28_G29,t15,t139,C2_Consensus,C2_Consensus,C2,76.05546357615894,71.92691663683499
43,SVC,I28_G29,t37,t15,WC,WC,U2,69.92708333333333,59.77878634030929
43,SVC,I28_G29,t37,t15,WC,CLC,U2,49.51041666666667,56.96631405485398
43,SVC,I28_G29,t37,t15,CLC,CLC,U2,45.01041666666667,48.47958414618823
43,SVC,I28_G29,t37,t15,CLC,WC,U2,26.708333333333336,41.76445177284897
43,SVC,I28_G29,t37,t15,WC,WC,C2,76.5728476821192,71.93660583571666
43,SVC,I28_G29,t37,t15,C2_Consensus,C2_Consensus,C2,76.28311258278146,79.07457340708491
43,SVC,I28_G29,t37,t88,WC,WC,U2,66.75,57.83211594950025
43,SVC,I28_G29,t37,t88,WC,CLC,U2,47.15625,55.95988024861208
43,SVC,I28_G29,t37,t88,CLC,CLC,U2,45.427083333333336,48.65179902503638
43,SVC,I28_G29,t37,t88,CLC,WC,U2,27.427083333333336,41.119928167847405
43,SVC,I28_G29,t37,t88,WC,WC,C2,72.18543046357617,68.0779327741659
43,SVC,I28_G29,t37,t88,C2_Consensus,C2_Consensus,C2,72.22682119205298,75.65366788431213
43,SVC,I28_G29,t37,t139,WC,WC,U2,65.33333333333333,53.73360501873139
43,SVC,I28_G29,t37,t139,WC,CLC,U2,51.645833333333336,60.408800600141866
43,SVC,I28_G29,t37,t139,CLC,CLC,U2,45.09375,47.89925293201625
43,SVC,I28_G29,t37,t139,CLC,WC,U2,25.239583333333332,40.50762026633577
43,SVC,I28_G29,t37,t139,WC,WC,C2,75.72433774834437,69.40228144931888
43,SVC,I28_G29,t37,t139,C2_Consensus,C2_Consensus,C2,75.95198675496688,71.74248132793926
43,SVC,I28_G29,t88,t15,WC,WC,U2,69.13541666666667,57.78254909898563
43,SVC,I28_G29,t88,t15,WC,CLC,U2,51.302083333333336,56.86174961446891
43,SVC,I28_G29,t88,t15,CLC,CLC,U2,44.71875,48.6716376738278
43,SVC,I28_G29,t88,t15,CLC,WC,U2,25.3125,43.400990432832494
43,SVC,I28_G29,t88,t15,WC,WC,C2,77.50413907284768,71.75870642170052
43,SVC,I28_G29,t88,t15,C2_Consensus,C2_Consensus,C2,76.90397350993378,76.7205714080421
43,SVC,I28_G29,t88,t37,WC,WC,U2,64.45833333333333,51.83562020575818
43,SVC,I28_G29,t88,t37,WC,CLC,U2,51.44791666666667,55.91422046954943
43,SVC,I28_G29,t88,t37,CLC,CLC,U2,44.79166666666667,47.26906737385475
43,SVC,I28_G29,t88,t37,CLC,WC,U2,24.822916666666668,40.94143831090095
43,SVC,I28_G29,t88,t37,WC,WC,C2,75.10347682119205,67.05924210872072
43,SVC,I28_G29,t88,t37,C2_Consensus,C2_Consensus,C2,75.39321192052981,72.83324300431244
43,SVC,I28_G29,t88,t139,WC,WC,U2,65.1875,54.214541363614124
43,SVC,I28_G29,t88,t139,WC,CLC,U2,52.25,60.550677814490506
43,SVC,I28_G29,t88,t139,CLC,CLC,U2,44.583333333333336,49.54897301878104
43,SVC,I28_G29,t88,t139,CLC,WC,U2,24.635416666666668,42.9949624230201
43,SVC,I28_G29,t88,t139,WC,WC,C2,75.95198675496688,69.9517320974681
43,SVC,I28_G29,t88,t139,C2_Consensus,C2_Consensus,C2,75.31043046357617,71.24988112238941
43,SVC,I28_G29,t139,t15,WC,WC,U2,69.09375,54.62161541164363
43,SVC,I28_G29,t139,t15,WC,CLC,U2,49.3125,53.32529635691146
43,SVC,I28_G29,t139,t15,CLC,CLC,U2,45.09375,47.15779829804513
43,SVC,I28_G29,t139,t15,CLC,WC,U2,27.750000000000004,40.45862183209964
43,SVC,I28_G29,t139,t15,WC,WC,C2,75.80711920529801,67.69845799123141
43,SVC,I28_G29,t139,t15,C2_Consensus,C2_Consensus,C2,74.06870860927152,74.31958535900011
43,SVC,I28_G29,t139,t37,WC,WC,U2,64.79166666666667,48.81604857675706
43,SVC,I28_G29,t139,t37,WC,CLC,U2,51.739583333333336,54.1622137344971
43,SVC,I28_G29,t139,t37,CLC,CLC,U2,46.5625,46.26021933275569
43,SVC,I28_G29,t139,t37,CLC,WC,U2,28.09375,38.91951573939685
43,SVC,I28_G29,t139,t37,WC,WC,C2,75.86920529801324,64.36768158506902
43,SVC,I28_G29,t139,t37,C2_Consensus,C2_Consensus,C2,76.3658940397351,69.53629943557192
43,SVC,I28_G29,t139,t88,WC,WC,U2,66.61458333333333,51.77969249520591
43,SVC,I28_G29,t139,t88,WC,CLC,U2,46.947916666666664,49.83362643515966
43,SVC,I28_G29,t139,t88,CLC,CLC,U2,45.770833333333336,47.45052693277745
43,SVC,I28_G29,t139,t88,CLC,WC,U2,28.708333333333336,40.14650388644851
43,SVC,I28_G29,t139,t88,WC,WC,C2,71.91639072847681,61.63477872597588
43,SVC,I28_G29,t139,t88,C2_Consensus,C2_Consensus,C2,69.92963576158941,66.50647584661003
