learner,representation,source_track,seed,params,in_track_oa,cross_track_oa,in_track_ba,cross_track_ba,transfer_gap_oa,transfer_gap_ba
RF,I8,t15,17,"{'max_features': 'sqrt', 'min_samples_leaf': 5}",73.61458333333331,70.40972222222223,67.01988422577516,64.1119566057303,3.204861111111086,2.907927620044859
RF,I8,t37,17,"{'max_features': 'sqrt', 'min_samples_leaf': 1}",71.33333333333334,66.70833333333334,66.95031234867683,66.22957457369658,4.625,0.7207377749802504
RF,I8,t88,17,"{'max_features': 0.5, 'min_samples_leaf': 1}",70.35416666666666,68.12152777777779,68.04032447973452,62.30776832172981,2.2326388888888715,5.732556158004712
RF,I8,t139,17,"{'max_features': 'sqrt', 'min_samples_leaf': 1}",72.64583333333333,67.13888888888887,68.63659664533964,60.95831185244206,5.506944444444457,7.678284792897578
RF,I28,t15,17,"{'max_features': 'sqrt', 'min_samples_leaf': 1}",74.47916666666669,71.33680555555556,70.8158468001711,67.36366795807201,3.1423611111111285,3.4521788420990873
RF,I28,t37,17,"{'max_features': 'sqrt', 'min_samples_leaf': 5}",72.78125000000001,68.72222222222223,68.05051943318183,68.62106552583059,4.059027777777786,-0.5705460926487547
RF,I28,t88,17,"{'max_features': 'sqrt', 'min_samples_leaf': 1}",72.35416666666667,69.68402777777777,69.98635662019505,63.93440711978832,2.6701388888889,6.051949500406735
RF,I28,t139,17,"{'max_features': 1.0, 'min_samples_leaf': 1}",73.21875000000001,68.3125,69.70755054981987,61.44502873633032,4.906250000000014,8.262521813489549
RF,I8_G9,t15,17,"{'max_features': 'sqrt', 'min_samples_leaf': 1}",75.34375,72.2673611111111,77.6795362784388,72.84606377555396,3.0763888888889,4.833472502884845
RF,I8_G9,t37,17,"{'max_features': 'sqrt', 'min_samples_leaf': 1}",73.44791666666666,70.53472222222223,75.44474974814774,74.66119138251696,2.9131944444444287,0.7835583656307819
RF,I8_G9,t88,17,"{'max_features': 0.5, 'min_samples_leaf': 1}",73.36458333333333,69.83333333333334,75.68047109965731,71.20334291668424,3.531249999999986,4.477128182973075
RF,I8_G9,t139,17,"{'max_features': 'sqrt', 'min_samples_leaf': 1}",73.90625,68.87152777777776,76.39970225330383,69.88328086938877,5.034722222222243,6.516421383915059
RF,F12,t15,17,"{'max_features': 'sqrt', 'min_samples_leaf': 1}",75.19791666666667,72.46180555555556,77.21086601471202,73.05589594049447,2.7361111111111143,4.154970074217559
RF,F12,t37,17,"{'max_features': 0.5, 'min_samples_leaf': 1}",73.63541666666666,70.64930555555556,75.73564709870648,74.4199177649155,2.9861111111111,1.3157293337909834
RF,F12,t88,17,"{'max_features': 0.5, 'min_samples_leaf': 1}",73.60416666666666,70.0,76.0246286168462,71.02598175563423,3.604166666666657,4.9986468612119666
RF,F12,t139,17,"{'max_features': 'sqrt', 'min_samples_leaf': 1}",74.15625,69.31944444444444,76.34352067624725,70.49737605380132,4.836805555555557,5.846144622445934
RF,I28_G29,t15,17,"{'max_features': 0.5, 'min_samples_leaf': 1}",76.47916666666667,72.86458333333334,78.57371135311382,73.46597664252097,3.6145833333333286,5.107734710592851
RF,I28_G29,t37,17,"{'max_features': 'sqrt', 'min_samples_leaf': 1}",74.19791666666666,71.59374999999999,75.19926541572259,75.6184114381648,2.6041666666666714,-0.4191460224422059
RF,I28_G29,t88,17,"{'max_features': 'sqrt', 'min_samples_leaf': 1}",73.875,71.13194444444443,75.09218647754022,70.54236749441341,2.7430555555555713,4.549818983126812
RF,I28_G29,t139,17,"{'max_features': 'sqrt', 'min_samples_leaf': 1}",74.55208333333334,70.05902777777779,76.21526168484736,69.72390895579615,4.493055555555557,6.491352729051215
SVC,I8,t15,17,"{'C': 10.0, 'gamma_mult': 0.1}",74.57291666666666,71.27777777777777,68.05325793291284,65.28698983597673,3.2951388888888857,2.766268096936116
SVC,I8,t37,17,"{'C': 100.0, 'gamma_mult': 0.1}",73.06249999999999,69.70486111111111,68.76810911212826,66.93437062840938,3.3576388888888715,1.833738483718875
SVC,I8,t88,17,"{'C': 10.0, 'gamma_mult': 0.1}",73.03124999999999,71.1875,69.19888045428625,63.185610897277314,1.8437499999999858,6.01326955700894
SVC,I8,t139,17,"{'C': 100.0, 'gamma_mult': 0.1}",73.82291666666667,70.20138888888889,69.0971417191492,60.870157019059555,3.6215277777777857,8.226984700089652
SVC,I28,t15,17,"{'C': 10.0, 'gamma_mult': 0.1}",75.53125,71.86458333333333,71.25000833183468,67.7141024993263,3.6666666666666714,3.5359058325083765
SVC,I28,t37,17,"{'C': 10.0, 'gamma_mult': 0.1}",73.92708333333334,70.5625,69.4164673392798,69.48355518482697,3.364583333333343,-0.06708784554716374
SVC,I28,t88,17,"{'C': 10.0, 'gamma_mult': 0.1}",73.79166666666667,71.28124999999999,70.3969252272107,65.56669166165243,2.5104166666666856,4.830233565558274
SVC,I28,t139,17,"{'C': 10.0, 'gamma_mult': 0.1}",74.56250000000001,70.93750000000001,72.63177676995254,63.8164730730216,3.625,8.81530369693094
SVC,I8_G9,t15,17,"{'C': 100.0, 'gamma_mult': 0.1}",76.54166666666667,72.88541666666669,78.66058478905839,73.30358250458754,3.656249999999986,5.357002284470852
SVC,I8_G9,t37,17,"{'C': 1.0, 'gamma_mult': 1.0}",74.54166666666667,72.56944444444446,75.9570036902898,74.47866887223911,1.9722222222222143,1.4783348180506835
SVC,I8_G9,t88,17,"{'C': 100.0, 'gamma_mult': 0.1}",74.61458333333333,72.13194444444446,76.95000129812242,71.21066724538802,2.4826388888888715,5.739334052734392
SVC,I8_G9,t139,17,"{'C': 1.0, 'gamma_mult': 1.0}",74.87499999999999,71.51388888888887,76.55944373554625,70.49476924423412,3.3611111111111143,6.064674491312132
SVC,F12,t15,17,"{'C': 10.0, 'gamma_mult': 0.1}",76.33333333333333,72.84722222222223,78.006470224331,74.15734559420463,3.4861111111111,3.8491246301263686
SVC,F12,t37,17,"{'C': 10.0, 'gamma_mult': 0.1}",74.40625,72.39583333333334,75.88458334269768,76.45810386234598,2.010416666666657,-0.573520519648298
SVC,F12,t88,17,"{'C': 10.0, 'gamma_mult': 0.1}",74.47916666666666,72.58333333333336,77.33110515492321,73.74270388748702,1.8958333333333002,3.5884012674361827
SVC,F12,t139,17,"{'C': 1.0, 'gamma_mult': 1.0}",75.03124999999999,71.48611111111111,77.3114928979737,71.50866022343081,3.5451388888888715,5.802832674542884
SVC,I28_G29,t15,17,"{'C': 10.0, 'gamma_mult': 0.1}",77.35416666666667,73.11458333333333,79.87179354980286,73.56349463000605,4.239583333333343,6.308298919796812
SVC,I28_G29,t37,17,"{'C': 10.0, 'gamma_mult': 0.1}",75.45833333333333,73.28472222222223,76.0474020270187,76.8900878391957,2.1736111111111,-0.8426858121769953
SVC,I28_G29,t88,17,"{'C': 10.0, 'gamma_mult': 0.1}",74.98958333333333,72.64930555555556,76.29257210516523,72.28438369339398,2.3402777777777715,4.008188411771258
SVC,I28_G29,t139,17,"{'C': 10.0, 'gamma_mult': 0.1}",75.72916666666666,72.34722222222223,78.14743446096475,71.61544080700831,3.3819444444444287,6.531993653956434
RF,I8,t15,29,"{'max_features': 'sqrt', 'min_samples_leaf': 5}",73.40625,70.76041666666667,66.97389080206572,65.25309603771423,2.6458333333333286,1.7207947643514956
RF,I8,t37,29,"{'max_features': 'sqrt', 'min_samples_leaf': 1}",71.78125,67.14583333333333,67.32620799027849,66.39835745841798,4.635416666666671,0.9278505318605141
RF,I8,t88,29,"{'max_features': 0.5, 'min_samples_leaf': 1}",70.88541666666667,68.23958333333333,69.60256913439032,63.6485692328655,2.645833333333343,5.953999901524824
RF,I8,t139,29,"{'max_features': 'sqrt', 'min_samples_leaf': 1}",71.89583333333333,67.38194444444444,69.72265402685606,60.276034451253814,4.513888888888886,9.446619575602249
RF,I28,t15,29,"{'max_features': 'sqrt', 'min_samples_leaf': 1}",74.64583333333333,71.30555555555556,70.15911025810566,67.24906610091107,3.3402777777777715,2.9100441571945908
RF,I28,t37,29,"{'max_features': 'sqrt', 'min_samples_leaf': 5}",72.76041666666666,69.03124999999999,68.36054909113965,68.92679327459952,3.7291666666666714,-0.5662441834598724
RF,I28,t88,29,"{'max_features': 'sqrt', 'min_samples_leaf': 1}",72.42708333333333,70.15972222222224,70.06207207808342,65.44341561548475,2.267361111111086,4.618656462598665
RF,I28,t139,29,"{'max_features': 1.0, 'min_samples_leaf': 1}",73.31250000000001,68.60416666666667,71.03329703481445,63.16161013917587,4.708333333333343,7.871686895638582
RF,I8_G9,t15,29,"{'max_features': 'sqrt', 'min_samples_leaf': 1}",75.4375,72.02083333333333,77.5648401336545,73.62940905514948,3.4166666666666714,3.935431078505019
RF,I8_G9,t37,29,"{'max_features': 'sqrt', 'min_samples_leaf': 1}",73.38541666666666,70.80208333333331,74.56934227963785,74.35188445466956,2.583333333333343,0.21745782496829236
RF,I8_G9,t88,29,"{'max_features': 0.5, 'min_samples_leaf': 1}",73.13541666666666,69.84027777777777,75.99763933868836,71.97256450955888,3.2951388888888857,4.02507482912948
RF,I8_G9,t139,29,"{'max_features': 'sqrt', 'min_samples_leaf': 1}",73.59375,69.60069444444444,76.21413330830138,69.4894373576577,3.993055555555557,6.724695950643678
RF,F12,t15,29,"{'max_features': 'sqrt', 'min_samples_leaf': 1}",75.43749999999999,72.31597222222223,77.27917449928783,73.79483755067712,3.1215277777777573,3.484336948610718
RF,F12,t37,29,"{'max_features': 0.5, 'min_samples_leaf': 1}",73.16666666666669,70.90972222222223,74.44033729513396,74.22838402310083,2.256944444444457,0.21195327203312786
RF,F12,t88,29,"{'max_features': 0.5, 'min_samples_leaf': 1}",73.29166666666667,70.05555555555554,76.382240298728,72.04371934127245,3.2361111111111285,4.338520957455543
RF,F12,t139,29,"{'max_features': 'sqrt', 'min_samples_leaf': 1}",74.26041666666666,69.80902777777777,76.76124908417944,69.80104160716716,4.451388888888886,6.9602074770122755
RF,I28_G29,t15,29,"{'max_features': 0.5, 'min_samples_leaf': 1}",76.48958333333334,72.60763888888889,78.84516625133111,73.68529044962399,3.881944444444457,5.159875801707116
RF,I28_G29,t37,29,"{'max_features': 'sqrt', 'min_samples_leaf': 1}",74.27083333333333,71.93055555555556,75.11286722284744,75.85181094036591,2.3402777777777715,-0.7389437175184668
RF,I28_G29,t88,29,"{'max_features': 'sqrt', 'min_samples_leaf': 1}",73.94791666666669,71.38541666666667,75.73195580467255,71.53571019162416,2.562500000000014,4.19624561304839
RF,I28_G29,t139,29,"{'max_features': 'sqrt', 'min_samples_leaf': 1}",74.94791666666667,70.59375000000003,76.78031993341143,69.77311706079608,4.354166666666643,7.007202872615352
SVC,I8,t15,29,"{'C': 10.0, 'gamma_mult': 0.1}",74.64583333333333,71.35069444444444,68.61363917133201,65.83680608834145,3.2951388888888857,2.7768330829905636
SVC,I8,t37,29,"{'C': 100.0, 'gamma_mult': 0.1}",73.10416666666667,70.0173611111111,65.41281435235125,66.22010157667864,3.0868055555555713,-0.8072872243273963
SVC,I8,t88,29,"{'C': 10.0, 'gamma_mult': 0.1}",73.13541666666667,71.43402777777779,69.19699018318245,63.65959684572197,1.7013888888888857,5.537393337460479
SVC,I8,t139,29,"{'C': 100.0, 'gamma_mult': 0.1}",73.53125,70.2361111111111,68.73737624060722,58.53034996867931,3.2951388888889,10.207026271927909
SVC,I28,t15,29,"{'C': 10.0, 'gamma_mult': 0.1}",75.60416666666666,71.99305555555556,71.5378995474557,67.94980958061454,3.6111111111111,3.588089966841153
SVC,I28,t37,29,"{'C': 10.0, 'gamma_mult': 0.1}",74.25,70.71527777777776,70.14900470078318,68.86205202474044,3.5347222222222427,1.2869526760427448
SVC,I28,t88,29,"{'C': 10.0, 'gamma_mult': 0.1}",74.13541666666666,72.01041666666667,69.77902299492168,65.83556103286537,2.124999999999986,3.943461962056304
SVC,I28,t139,29,"{'C': 10.0, 'gamma_mult': 0.1}",74.54166666666667,70.94097222222221,72.35423952451548,61.48710635631738,3.600694444444457,10.867133168198094
SVC,I8_G9,t15,29,"{'C': 100.0, 'gamma_mult': 0.1}",76.34375000000001,72.69444444444446,78.4288975052579,73.87072952479619,3.649305555555557,4.558167980461704
SVC,I8_G9,t37,29,"{'C': 1.0, 'gamma_mult': 1.0}",74.38541666666669,72.42013888888887,73.65391720036372,74.0775962080771,1.965277777777814,-0.42367900771337474
SVC,I8_G9,t88,29,"{'C': 100.0, 'gamma_mult': 0.1}",74.625,72.20833333333333,76.65846753665423,72.2419186365892,2.4166666666666714,4.416548900065024
SVC,I8_G9,t139,29,"{'C': 1.0, 'gamma_mult': 1.0}",74.96875,71.71180555555556,77.56690762294564,69.851737740236,3.256944444444443,7.715169882709631
SVC,F12,t15,29,"{'C': 10.0, 'gamma_mult': 0.1}",76.20833333333333,72.81944444444444,77.85493815643581,73.97092731036524,3.3888888888888857,3.8840108460705665
SVC,F12,t37,29,"{'C': 10.0, 'gamma_mult': 0.1}",74.53125,72.56250000000001,75.79633800318999,76.36840937849692,1.9687499999999858,-0.5720713753069333
SVC,F12,t88,29,"{'C': 10.0, 'gamma_mult': 0.1}",74.66666666666667,72.81249999999999,76.963910519815,73.43978164913081,1.8541666666666856,3.5241288706841942
SVC,F12,t139,29,"{'C': 1.0, 'gamma_mult': 1.0}",75.03125,71.70138888888889,78.36320348203728,71.41447312257593,3.3298611111111143,6.948730359461351
SVC,I28_G29,t15,29,"{'C': 10.0, 'gamma_mult': 0.1}",77.11458333333331,73.28125,80.119743920591,74.49270445041876,3.8333333333333144,5.6270394701722495
SVC,I28_G29,t37,29,"{'C': 10.0, 'gamma_mult': 0.1}",75.65624999999999,73.45833333333333,74.73317988207413,75.58872664318316,2.197916666666657,-0.8555467611090393
SVC,I28_G29,t88,29,"{'C': 10.0, 'gamma_mult': 0.1}",75.57291666666667,73.13541666666667,76.9587682704251,72.99604885332654,2.4375,3.9627194170985547
SVC,I28_G29,t139,29,"{'C': 10.0, 'gamma_mult': 0.1}",75.83333333333334,72.40625,77.11049644054413,69.93651158682303,3.427083333333343,7.173984853721095
RF,I8,t15,43,"{'max_features': 'sqrt', 'min_samples_leaf': 5}",73.22916666666667,70.26736111111111,65.52689927782048,64.4644282089058,2.961805555555557,1.0624710689146752
RF,I8,t37,43,"{'max_features': 'sqrt', 'min_samples_leaf': 1}",71.64583333333333,66.8923611111111,65.9450748645875,66.31991741501565,4.7534722222222285,-0.3748425504281556
RF,I8,t88,43,"{'max_features': 0.5, 'min_samples_leaf': 1}",71.04166666666666,68.23958333333333,69.78496520221655,63.378442522563624,2.8020833333333286,6.40652267965293
RF,I8,t139,43,"{'max_features': 'sqrt', 'min_samples_leaf': 1}",71.625,67.25694444444446,67.66614480986543,58.95582389720041,4.368055555555543,8.710320912665019
RF,I28,t15,43,"{'max_features': 'sqrt', 'min_samples_leaf': 1}",74.42708333333333,70.79513888888889,71.43751070885025,67.50203214921949,3.631944444444443,3.9354785596307664
RF,I28,t37,43,"{'max_features': 'sqrt', 'min_samples_leaf': 5}",73.40624999999999,68.87152777777777,68.57987923716287,69.04930567540138,4.534722222222214,-0.46942643823851427
RF,I28,t88,43,"{'max_features': 'sqrt', 'min_samples_leaf': 1}",72.42708333333333,70.29513888888889,71.32122655439963,65.33864750618487,2.131944444444443,5.98257904821476
RF,I28,t139,43,"{'max_features': 1.0, 'min_samples_leaf': 1}",74.01041666666667,68.40625,71.11694417818022,62.33193047718928,5.604166666666671,8.785013700990937
RF,I8_G9,t15,43,"{'max_features': 'sqrt', 'min_samples_leaf': 1}",75.21875000000001,72.00000000000001,77.3240534497788,73.62732817287339,3.21875,3.6967252769054113
RF,I8_G9,t37,43,"{'max_features': 'sqrt', 'min_samples_leaf': 1}",73.64583333333331,71.05555555555554,74.23746388095047,75.09456089548469,2.5902777777777715,-0.8570970145342187
RF,I8_G9,t88,43,"{'max_features': 0.5, 'min_samples_leaf': 1}",73.26041666666666,70.09722222222223,76.9215676947691,72.09415322694491,3.1631944444444287,4.827414467824184
RF,I8_G9,t139,43,"{'max_features': 'sqrt', 'min_samples_leaf': 1}",73.61458333333334,69.07986111111113,76.01227042613397,67.63295477443465,4.534722222222214,8.379315651699315
RF,F12,t15,43,"{'max_features': 'sqrt', 'min_samples_leaf': 1}",75.3125,72.43402777777777,77.23696955594804,73.23409921244786,2.8784722222222285,4.002870343500177
RF,F12,t37,43,"{'max_features': 0.5, 'min_samples_leaf': 1}",73.47916666666666,71.05208333333333,74.80433618659828,75.34430851901314,2.4270833333333286,-0.5399723324148624
RF,F12,t88,43,"{'max_features': 0.5, 'min_samples_leaf': 1}",73.58333333333333,70.05902777777779,77.17713187964802,72.2824824470977,3.524305555555543,4.89464943255031
RF,F12,t139,43,"{'max_features': 'sqrt', 'min_samples_leaf': 1}",73.5,69.65972222222221,76.28953754318269,68.88257336264871,3.8402777777777857,7.406964180533976
RF,I28_G29,t15,43,"{'max_features': 0.5, 'min_samples_leaf': 1}",76.16666666666667,72.60069444444444,78.12126351681408,73.88584108375731,3.5659722222222285,4.235422433056769
RF,I28_G29,t37,43,"{'max_features': 'sqrt', 'min_samples_leaf': 1}",74.70833333333331,71.80555555555554,75.0357685024518,75.37362352964827,2.9027777777777715,-0.3378550271964684
RF,I28_G29,t88,43,"{'max_features': 'sqrt', 'min_samples_leaf': 1}",74.15625,71.65624999999999,76.63369013055025,71.25397994864834,2.500000000000014,5.379710181901913
RF,I28_G29,t139,43,"{'max_features': 'sqrt', 'min_samples_leaf': 1}",74.95833333333334,70.44791666666666,77.69884670429717,70.2268779771328,4.510416666666686,7.471968727164366
SVC,I8,t15,43,"{'C': 10.0, 'gamma_mult': 0.1}",74.36458333333334,71.30902777777779,68.42643542262576,65.69049720907985,3.055555555555557,2.735938213545907
SVC,I8,t37,43,"{'C': 100.0, 'gamma_mult': 0.1}",73.13541666666666,69.72222222222223,66.67286625844449,64.7574678458788,3.4131944444444287,1.9153984125656933
SVC,I8,t88,43,"{'C': 10.0, 'gamma_mult': 0.1}",72.80208333333333,71.23611111111111,69.0031536413237,63.75426668814307,1.5659722222222143,5.248886953180637
SVC,I8,t139,43,"{'C': 100.0, 'gamma_mult': 0.1}",73.5,70.41319444444444,68.60637763905719,60.01372120945612,3.086805555555557,8.592656429601064
SVC,I28,t15,43,"{'C': 10.0, 'gamma_mult': 0.1}",75.49999999999999,71.98958333333334,70.50025421138557,67.58017928205503,3.510416666666643,2.9200749293305392
SVC,I28,t37,43,"{'C': 10.0, 'gamma_mult': 0.1}",74.20833333333334,70.54166666666667,69.2633774066931,68.49959336067901,3.6666666666666714,0.7637840460140808
SVC,I28,t88,43,"{'C': 10.0, 'gamma_mult': 0.1}",74.27083333333333,71.97569444444444,70.9538795459084,66.17366333747913,2.2951388888888857,4.78021620842928
SVC,I28,t139,43,"{'C': 10.0, 'gamma_mult': 0.1}",74.61458333333333,71.1215277777778,71.43525332782957,63.139948159327794,3.4930555555555287,8.295305168501777
SVC,I8_G9,t15,43,"{'C': 100.0, 'gamma_mult': 0.1}",76.39583333333334,72.65625,78.22448338871995,73.33222007691647,3.739583333333343,4.892263311803475
SVC,I8_G9,t37,43,"{'C': 1.0, 'gamma_mult': 1.0}",74.63541666666667,72.36458333333334,75.02884091766886,73.5044421869607,2.2708333333333286,1.5243987307081568
SVC,I8_G9,t88,43,"{'C': 100.0, 'gamma_mult': 0.1}",74.44791666666667,72.31944444444444,76.9530806751776,71.86695521517608,2.1284722222222285,5.086125460001526
SVC,I8_G9,t139,43,"{'C': 1.0, 'gamma_mult': 1.0}",74.69791666666666,71.54166666666666,76.24239053531274,69.28928798168396,3.15625,6.953102553628781
SVC,F12,t15,43,"{'C': 10.0, 'gamma_mult': 0.1}",76.17708333333334,72.80208333333333,78.81982496903373,74.39947879047732,3.375000000000014,4.420346178556414
SVC,F12,t37,43,"{'C': 10.0, 'gamma_mult': 0.1}",74.61458333333333,72.41319444444446,75.42944706128465,75.51106631203771,2.2013888888888715,-0.08161925075306442
SVC,F12,t88,43,"{'C': 10.0, 'gamma_mult': 0.1}",74.44791666666667,72.6875,77.1084277830355,73.54621498364081,1.7604166666666714,3.562212799394686
SVC,F12,t139,43,"{'C': 1.0, 'gamma_mult': 1.0}",74.92708333333333,71.40972222222223,77.64113485842863,71.09010795023232,3.5173611111111,6.551026908196306
SVC,I28_G29,t15,43,"{'C': 10.0, 'gamma_mult': 0.1}",77.36458333333334,73.20138888888889,78.34696763848501,74.13336167311522,4.163194444444457,4.213605965369794
SVC,I28_G29,t37,43,"{'C': 10.0, 'gamma_mult': 0.1}",75.61458333333334,73.30555555555554,74.77348702450591,76.06270954957144,2.3090277777778,-1.2892225250655258
SVC,I28_G29,t88,43,"{'C': 10.0, 'gamma_mult': 0.1}",75.33333333333334,73.07638888888887,77.47592422787461,72.93508238667793,2.2569444444444713,4.540841841196681
SVC,I28_G29,t139,43,"{'C': 10.0, 'gamma_mult': 0.1}",75.86458333333333,72.47916666666666,77.18871708574622,71.14108499579147,3.3854166666666714,6.047632089954746
