learner,representation,source,target,is_cross,oa,ba_block,ba_pooled
RF,Full_Intensity_28,t15,t15,False,73.15625,67.57630009656965,75.90735989383901
RF,Full_Intensity_28,t15,t37,True,72.39583333333334,65.55509409694015,72.94748030980111
RF,Full_Intensity_28,t15,t88,True,68.5,65.60229721729995,73.12769032299697
RF,Full_Intensity_28,t15,t139,True,70.45833333333333,60.57648471029381,72.16362390264642
RF,Full_Intensity_28,t37,t15,True,67.51041666666666,65.96139650095633,73.8148625254464
RF,Full_Intensity_28,t37,t37,False,70.79166666666666,66.53424679258333,74.32123023397065
RF,Full_Intensity_28,t37,t88,True,61.645833333333336,64.78902495939678,71.91706782325126
RF,Full_Intensity_28,t37,t139,True,68.17708333333333,60.69151609065148,72.37769962111264
RF,Full_Intensity_28,t88,t15,True,70.78125,65.51893300336206,69.39142888288752
RF,Full_Intensity_28,t88,t37,True,69.5625,60.12320055756268,68.8555784346918
RF,Full_Intensity_28,t88,t88,False,70.78125,67.17950087868589,75.5749386584929
RF,Full_Intensity_28,t88,t139,True,68.03125,59.867492571442774,69.48510638795595
RF,Full_Intensity_28,t139,t15,True,65.65625,62.10502809784302,67.42740034179126
RF,Full_Intensity_28,t139,t37,True,69.97916666666667,63.37842457280109,66.99201577546073
RF,Full_Intensity_28,t139,t88,True,62.81250000000001,62.7530299966865,67.85541349793145
RF,Full_Intensity_28,t139,t139,False,71.6875,66.99052810623841,75.7495097070003
RF,Base8_Raw_g12,t15,t15,False,74.57291666666667,74.10566925200793,80.84895785875548
RF,Base8_Raw_g12,t15,t37,True,72.60416666666667,69.53049856748116,77.9501399284975
RF,Base8_Raw_g12,t15,t88,True,71.4375,72.7147324660554,80.12715721574531
RF,Base8_Raw_g12,t15,t139,True,71.40625,66.65253624293439,77.2208398177918
RF,Base8_Raw_g12,t37,t15,True,70.5,73.03620569876226,81.00976527134402
RF,Base8_Raw_g12,t37,t37,False,71.78125,69.99727149701171,80.01399806455242
RF,Base8_Raw_g12,t37,t88,True,67.10416666666667,71.29986540751337,79.56059421119603
RF,Base8_Raw_g12,t37,t139,True,70.69791666666667,70.49827101624197,78.32450436990561
RF,Base8_Raw_g12,t88,t15,True,71.86458333333333,72.77868658990175,78.50854437275193
RF,Base8_Raw_g12,t88,t37,True,68.70833333333334,67.49862099816431,76.32827717754641
RF,Base8_Raw_g12,t88,t88,False,72.5625,73.98593131775847,80.63524016786415
RF,Base8_Raw_g12,t88,t139,True,68.76041666666667,68.23462747708233,77.12000877005548
RF,Base8_Raw_g12,t139,t15,True,66.40625,68.1069738005826,74.4973799174288
RF,Base8_Raw_g12,t139,t37,True,69.85416666666666,67.46800062432267,76.25891192085246
RF,Base8_Raw_g12,t139,t88,True,64.76041666666667,67.64489685966443,76.69719447478737
RF,Base8_Raw_g12,t139,t139,False,72.70833333333333,72.5931300346861,81.26600869006508
RF,F2_D12,t15,t15,False,74.78125,74.62906654832808,81.72386708444085
RF,F2_D12,t15,t37,True,72.55208333333333,69.17777949622847,77.92799561430465
RF,F2_D12,t15,t88,True,71.53125,71.78460615146061,80.22887131871474
RF,F2_D12,t15,t139,True,71.51041666666667,67.27773879295371,77.09999828868222
RF,F2_D12,t37,t15,True,71.0625,73.61852896471139,81.4410182854999
RF,F2_D12,t37,t37,False,71.67708333333334,70.03006364338628,79.91109214645024
RF,F2_D12,t37,t88,True,67.41666666666667,71.40306455104259,80.22699400890039
RF,F2_D12,t37,t139,True,71.03125,69.31413805788006,78.99313918709426
RF,F2_D12,t88,t15,True,71.91666666666666,73.42979645402211,78.99079818315518
RF,F2_D12,t88,t37,True,68.89583333333333,67.68048400943128,76.75233747476973
RF,F2_D12,t88,t88,False,72.5,73.192148550944,80.80348379699777
RF,F2_D12,t88,t139,True,69.33333333333334,68.88847258946613,77.11245704211058
RF,F2_D12,t139,t15,True,66.5,68.47872220976262,76.27968499371714
RF,F2_D12,t139,t37,True,70.17708333333333,68.71548426145351,77.77731742248542
RF,F2_D12,t139,t88,True,65.0,68.88260368111078,77.58451500272531
RF,F2_D12,t139,t139,False,72.85416666666666,72.76093417005033,81.32648007082597
SVC,Full_Intensity_28,t15,t15,False,71.23958333333333,69.13238532449863,76.59339547249272
SVC,Full_Intensity_28,t15,t37,True,70.78125,66.02660260456761,74.65253977978978
SVC,Full_Intensity_28,t15,t88,True,66.40625,66.45192769233232,73.43600406811835
SVC,Full_Intensity_28,t15,t139,True,68.58333333333333,62.40022768154396,71.53489847040491
SVC,Full_Intensity_28,t37,t15,True,66.17708333333333,66.54824303117755,71.86511298869692
SVC,Full_Intensity_28,t37,t37,False,69.58333333333333,68.21137507714333,74.61459523750213
SVC,Full_Intensity_28,t37,t88,True,60.739583333333336,65.41465898312354,70.96173635124174
SVC,Full_Intensity_28,t37,t139,True,66.47916666666667,62.212516421140556,67.28344530966666
SVC,Full_Intensity_28,t88,t15,True,68.91666666666667,66.88873318387549,69.75931564810436
SVC,Full_Intensity_28,t88,t37,True,68.41666666666667,62.92972242047691,69.18784272964075
SVC,Full_Intensity_28,t88,t88,False,69.44791666666667,66.44167052156219,72.8720556912126
SVC,Full_Intensity_28,t88,t139,True,66.75,61.099222124071225,69.31132140579685
SVC,Full_Intensity_28,t139,t15,True,63.083333333333336,62.51113209173207,67.1192875205002
SVC,Full_Intensity_28,t139,t37,True,67.90625,63.10722161643,64.11492133586513
SVC,Full_Intensity_28,t139,t88,True,60.42708333333333,62.68446113717484,67.24822442518715
SVC,Full_Intensity_28,t139,t139,False,70.64583333333333,69.60866394585396,75.954113900072
SVC,Base8_Raw_g12,t15,t15,False,74.13541666666667,74.10069052755075,82.08053372936695
SVC,Base8_Raw_g12,t15,t37,True,72.27083333333333,69.63853843059661,78.7406936508589
SVC,Base8_Raw_g12,t15,t88,True,70.5625,72.31112465127397,80.7873884270672
SVC,Base8_Raw_g12,t15,t139,True,70.22916666666667,66.92196332884511,76.26535158862133
SVC,Base8_Raw_g12,t37,t15,True,69.66666666666667,72.57503903878118,80.20430234408659
SVC,Base8_Raw_g12,t37,t37,False,71.36458333333333,71.20198123585489,80.78738051894018
SVC,Base8_Raw_g12,t37,t88,True,66.58333333333334,72.34493501436559,80.42284246683892
SVC,Base8_Raw_g12,t37,t139,True,69.04166666666667,69.66875791138862,75.86144385744068
SVC,Base8_Raw_g12,t88,t15,True,71.82291666666667,73.26689749263782,79.25673610808195
SVC,Base8_Raw_g12,t88,t37,True,69.08333333333333,68.86767529502244,76.63425598702834
SVC,Base8_Raw_g12,t88,t88,False,71.60416666666667,73.85234563924043,82.02236194338617
SVC,Base8_Raw_g12,t88,t139,True,68.67708333333333,66.98531043663728,75.34367189128548
SVC,Base8_Raw_g12,t139,t15,True,65.40625,68.82282066261489,75.4715988939051
SVC,Base8_Raw_g12,t139,t37,True,69.1875,70.41416444178296,76.49735384005928
SVC,Base8_Raw_g12,t139,t88,True,64.47916666666667,69.93180156802583,78.77313227344858
SVC,Base8_Raw_g12,t139,t139,False,72.15625,72.04091536055041,79.72286258525143
SVC,F2_D12,t15,t15,False,74.25,74.09537905410818,82.0071265816311
SVC,F2_D12,t15,t37,True,72.45833333333334,70.2871397294337,78.42172158660273
SVC,F2_D12,t15,t88,True,70.57291666666666,71.98755013791606,80.5783481651995
SVC,F2_D12,t15,t139,True,70.3125,67.60956810282381,76.83268413369389
SVC,F2_D12,t37,t15,True,69.91666666666667,72.58618612151086,79.87727569858856
SVC,F2_D12,t37,t37,False,71.19791666666667,72.02039697979063,81.18074232527773
SVC,F2_D12,t37,t88,True,66.63541666666667,71.3824967962856,80.73010286060251
SVC,F2_D12,t37,t139,True,69.33333333333334,69.21416265450027,76.0985469986479
SVC,F2_D12,t88,t15,True,71.77083333333333,73.1881682340862,79.43423043101761
SVC,F2_D12,t88,t37,True,69.5,69.43536433722902,76.98054101071564
SVC,F2_D12,t88,t88,False,71.53125,73.88882432932624,81.85898104527564
SVC,F2_D12,t88,t139,True,69.01041666666666,68.26873864462749,76.4926774097085
SVC,F2_D12,t139,t15,True,65.625,69.21147817987517,75.64543089580522
SVC,F2_D12,t139,t37,True,69.42708333333333,70.9637595113449,78.08367840600451
SVC,F2_D12,t139,t88,True,64.39583333333333,68.9948585438773,78.34660567328443
SVC,F2_D12,t139,t139,False,72.22916666666667,73.0305194143469,81.81890336652215
