year,track,branch,M,pair_ids,scene_ids,first_date,last_date
2024,37,MAIN_12D_AA,1,PAIR_2024_T37_S1A_S1A_20240605_20240617_12D,S1A_IW_SLC__1SDV_20240605T055012_20240605T055039_054184_0696EA_B824;S1A_IW_SLC__1SDV_20240617T055012_20240617T055039_054359_069CF5_2D06,2024-06-05,2024-06-17
2024,37,MAIN_12D_AA,2,PAIR_2024_T37_S1A_S1A_20240301_20240313_12D;PAIR_2024_T37_S1A_S1A_20241003_20241015_12D,S1A_IW_SLC__1SDV_20240301T055011_20240301T055039_052784_06632D_567D;S1A_IW_SLC__1SDV_20240313T055011_20240313T055039_052959_066921_D9B0;S1A_IW_SLC__1SDV_20241003T055012_20241003T055039_055934_06D6B1_5494;S1A_IW_SLC__1SDV_20241015T055012_20241015T055039_056109_06DD8D_4AD6,2024-03-01,2024-10-15
2024,37,MAIN_12D_AA,3,PAIR_2024_T37_S1A_S1A_20240301_20240313_12D;PAIR_2024_T37_S1A_S1A_20240605_20240617_12D;PAIR_2024_T37_S1A_S1A_20241003_20241015_12D,S1A_IW_SLC__1SDV_20240301T055011_20240301T055039_052784_06632D_567D;S1A_IW_SLC__1SDV_20240313T055011_20240313T055039_052959_066921_D9B0;S1A_IW_SLC__1SDV_20240605T055012_20240605T055039_054184_0696EA_B824;S1A_IW_SLC__1SDV_20240617T055012_20240617T055039_054359_069CF5_2D06;S1A_IW_SLC__1SDV_20241003T055012_20241003T055039_055934_06D6B1_5494;S1A_IW_SLC__1SDV_20241015T055012_20241015T055039_056109_06DD8D_4AD6,2024-03-01,2024-10-15
2024,37,MAIN_12D_AA,4,PAIR_2024_T37_S1A_S1A_20240301_20240313_12D;PAIR_2024_T37_S1A_S1A_20240605_20240617_12D;PAIR_2024_T37_S1A_S1A_20240816_20240828_12D;PAIR_2024_T37_S1A_S1A_20241003_20241015_12D,S1A_IW_SLC__1SDV_20240301T055011_20240301T055039_052784_06632D_567D;S1A_IW_SLC__1SDV_20240313T055011_20240313T055039_052959_066921_D9B0;S1A_IW_SLC__1SDV_20240605T055012_20240605T055039_054184_0696EA_B824;S1A_IW_SLC__1SDV_20240617T055012_20240617T055039_054359_069CF5_2D06;S1A_IW_SLC__1SDV_20240816T055010_20240816T055037_055234_06BB9A_16AC;S1A_IW_SLC__1SDV_20240828T055011_20240828T055038_055409_06C20E_3DAD;S1A_IW_SLC__1SDV_20241003T055012_20241003T055039_055934_06D6B1_5494;S1A_IW_SLC__1SDV_20241015T055012_20241015T055039_056109_06DD8D_4AD6,2024-03-01,2024-10-15
2024,37,MAIN_12D_AA,6,PAIR_2024_T37_S1A_S1A_20240301_20240313_12D;PAIR_2024_T37_S1A_S1A_20240418_20240430_12D;PAIR_2024_T37_S1A_S1A_20240605_20240617_12D;PAIR_2024_T37_S1A_S1A_20240629_20240711_12D;PAIR_2024_T37_S1A_S1A_20240816_20240828_12D;PAIR_2024_T37_S1A_S1A_20241003_20241015_12D,S1A_IW_SLC__1SDV_20240301T055011_20240301T055039_052784_06632D_567D;S1A_IW_SLC__1SDV_20240313T055011_20240313T055039_052959_066921_D9B0;S1A_IW_SLC__1SDV_20240418T055013_20240418T055040_053484_067D67_F74C;S1A_IW_SLC__1SDV_20240430T055013_20240430T055040_053659_068441_B0B7;S1A_IW_SLC__1SDV_20240605T055012_20240605T055039_054184_0696EA_B824;S1A_IW_SLC__1SDV_20240617T055012_20240617T055039_054359_069CF5_2D06;S1A_IW_SLC__1SDV_20240629T055011_20240629T055038_054534_06A308_6DD8;S1A_IW_SLC__1SDV_20240711T055011_20240711T055038_054709_06A920_F1C0;S1A_IW_SLC__1SDV_20240816T055010_20240816T055037_055234_06BB9A_16AC;S1A_IW_SLC__1SDV_20240828T055011_20240828T055038_055409_06C20E_3DAD;S1A_IW_SLC__1SDV_20241003T055012_20241003T055039_055934_06D6B1_5494;S1A_IW_SLC__1SDV_20241015T055012_20241015T055039_056109_06DD8D_4AD6,2024-03-01,2024-10-15
2024,37,MAIN_12D_AA,8,PAIR_2024_T37_S1A_S1A_20240301_20240313_12D;PAIR_2024_T37_S1A_S1A_20240325_20240406_12D;PAIR_2024_T37_S1A_S1A_20240418_20240430_12D;PAIR_2024_T37_S1A_S1A_20240512_20240524_12D;PAIR_2024_T37_S1A_S1A_20240605_20240617_12D;PAIR_2024_T37_S1A_S1A_20240629_20240711_12D;PAIR_2024_T37_S1A_S1A_20240816_20240828_12D;PAIR_2024_T37_S1A_S1A_20241003_20241015_12D,S1A_IW_SLC__1SDV_20240301T055011_20240301T055039_052784_06632D_567D;S1A_IW_SLC__1SDV_20240313T055011_20240313T055039_052959_066921_D9B0;S1A_IW_SLC__1SDV_20240325T055012_20240325T055039_053134_066FC4_EB25;S1A_IW_SLC__1SDV_20240406T055012_20240406T055039_053309_067673_4626;S1A_IW_SLC__1SDV_20240418T055013_20240418T055040_053484_067D67_F74C;S1A_IW_SLC__1SDV_20240430T055013_20240430T055040_053659_068441_B0B7;S1A_IW_SLC__1SDV_20240512T055013_20240512T055040_053834_068ADC_BD9E;S1A_IW_SLC__1SDV_20240524T055013_20240524T055040_054009_0690DF_02DC;S1A_IW_SLC__1SDV_20240605T055012_20240605T055039_054184_0696EA_B824;S1A_IW_SLC__1SDV_20240617T055012_20240617T055039_054359_069CF5_2D06;S1A_IW_SLC__1SDV_20240629T055011_20240629T055038_054534_06A308_6DD8;S1A_IW_SLC__1SDV_20240711T055011_20240711T055038_054709_06A920_F1C0;S1A_IW_SLC__1SDV_20240816T055010_20240816T055037_055234_06BB9A_16AC;S1A_IW_SLC__1SDV_20240828T055011_20240828T055038_055409_06C20E_3DAD;S1A_IW_SLC__1SDV_20241003T055012_20241003T055039_055934_06D6B1_5494;S1A_IW_SLC__1SDV_20241015T055012_20241015T055039_056109_06DD8D_4AD6,2024-03-01,2024-10-15
2024,37,MAIN_12D_AA,9,PAIR_2024_T37_S1A_S1A_20240301_20240313_12D;PAIR_2024_T37_S1A_S1A_20240325_20240406_12D;PAIR_2024_T37_S1A_S1A_20240418_20240430_12D;PAIR_2024_T37_S1A_S1A_20240512_20240524_12D;PAIR_2024_T37_S1A_S1A_20240605_20240617_12D;PAIR_2024_T37_S1A_S1A_20240629_20240711_12D;PAIR_2024_T37_S1A_S1A_20240816_20240828_12D;PAIR_2024_T37_S1A_S1A_20240909_20240921_12D;PAIR_2024_T37_S1A_S1A_20241003_20241015_12D,S1A_IW_SLC__1SDV_20240301T055011_20240301T055039_052784_06632D_567D;S1A_IW_SLC__1SDV_20240313T055011_20240313T055039_052959_066921_D9B0;S1A_IW_SLC__1SDV_20240325T055012_20240325T055039_053134_066FC4_EB25;S1A_IW_SLC__1SDV_20240406T055012_20240406T055039_053309_067673_4626;S1A_IW_SLC__1SDV_20240418T055013_20240418T055040_053484_067D67_F74C;S1A_IW_SLC__1SDV_20240430T055013_20240430T055040_053659_068441_B0B7;S1A_IW_SLC__1SDV_20240512T055013_20240512T055040_053834_068ADC_BD9E;S1A_IW_SLC__1SDV_20240524T055013_20240524T055040_054009_0690DF_02DC;S1A_IW_SLC__1SDV_20240605T055012_20240605T055039_054184_0696EA_B824;S1A_IW_SLC__1SDV_20240617T055012_20240617T055039_054359_069CF5_2D06;S1A_IW_SLC__1SDV_20240629T055011_20240629T055038_054534_06A308_6DD8;S1A_IW_SLC__1SDV_20240711T055011_20240711T055038_054709_06A920_F1C0;S1A_IW_SLC__1SDV_20240816T055010_20240816T055037_055234_06BB9A_16AC;S1A_IW_SLC__1SDV_20240828T055011_20240828T055038_055409_06C20E_3DAD;S1A_IW_SLC__1SDV_20240909T055011_20240909T055038_055584_06C8D7_CE08;S1A_IW_SLC__1SDV_20240921T055011_20240921T055038_055759_06CFB9_4192;S1A_IW_SLC__1SDV_20241003T055012_20241003T055039_055934_06D6B1_5494;S1A_IW_SLC__1SDV_20241015T055012_20241015T055039_056109_06DD8D_4AD6,2024-03-01,2024-10-15
2024,88,MAIN_12D_AA,1,PAIR_2024_T88_S1A_S1A_20240608_20240620_12D,S1A_IW_SLC__1SDV_20240608T172529_20240608T172556_054235_0698B9_1BE1;S1A_IW_SLC__1SDV_20240620T172528_20240620T172555_054410_069EC7_B6A4,2024-06-08,2024-06-20
2024,88,MAIN_12D_AA,2,PAIR_2024_T88_S1A_S1A_20240304_20240316_12D;PAIR_2024_T88_S1A_S1A_20241006_20241018_12D,S1A_IW_SLC__1SDV_20240304T172528_20240304T172555_052835_0664E9_2EBF;S1A_IW_SLC__1SDV_20240316T172528_20240316T172555_053010_066AFB_0E64;S1A_IW_SLC__1SDV_20241006T172529_20241006T172556_055985_06D8A6_D3A8;S1A_IW_SLC__1SDV_20241018T172529_20241018T172556_056160_06DF92_AA18,2024-03-04,2024-10-18
2024,88,MAIN_12D_AA,3,PAIR_2024_T88_S1A_S1A_20240304_20240316_12D;PAIR_2024_T88_S1A_S1A_20240608_20240620_12D;PAIR_2024_T88_S1A_S1A_20241006_20241018_12D,S1A_IW_SLC__1SDV_20240304T172528_20240304T172555_052835_0664E9_2EBF;S1A_IW_SLC__1SDV_20240316T172528_20240316T172555_053010_066AFB_0E64;S1A_IW_SLC__1SDV_20240608T172529_20240608T172556_054235_0698B9_1BE1;S1A_IW_SLC__1SDV_20240620T172528_20240620T172555_054410_069EC7_B6A4;S1A_IW_SLC__1SDV_20241006T172529_20241006T172556_055985_06D8A6_D3A8;S1A_IW_SLC__1SDV_20241018T172529_20241018T172556_056160_06DF92_AA18,2024-03-04,2024-10-18
2024,88,MAIN_12D_AA,4,PAIR_2024_T88_S1A_S1A_20240304_20240316_12D;PAIR_2024_T88_S1A_S1A_20240608_20240620_12D;PAIR_2024_T88_S1A_S1A_20240726_20240807_12D;PAIR_2024_T88_S1A_S1A_20241006_20241018_12D,S1A_IW_SLC__1SDV_20240304T172528_20240304T172555_052835_0664E9_2EBF;S1A_IW_SLC__1SDV_20240316T172528_20240316T172555_053010_066AFB_0E64;S1A_IW_SLC__1SDV_20240608T172529_20240608T172556_054235_0698B9_1BE1;S1A_IW_SLC__1SDV_20240620T172528_20240620T172555_054410_069EC7_B6A4;S1A_IW_SLC__1SDV_20240726T172527_20240726T172554_054935_06B102_BDE8;S1A_IW_SLC__1SDV_20240807T172527_20240807T172554_055110_06B719_1DAB;S1A_IW_SLC__1SDV_20241006T172529_20241006T172556_055985_06D8A6_D3A8;S1A_IW_SLC__1SDV_20241018T172529_20241018T172556_056160_06DF92_AA18,2024-03-04,2024-10-18
2024,88,MAIN_12D_AA,6,PAIR_2024_T88_S1A_S1A_20240304_20240316_12D;PAIR_2024_T88_S1A_S1A_20240421_20240503_12D;PAIR_2024_T88_S1A_S1A_20240608_20240620_12D;PAIR_2024_T88_S1A_S1A_20240726_20240807_12D;PAIR_2024_T88_S1A_S1A_20240819_20240831_12D;PAIR_2024_T88_S1A_S1A_20241006_20241018_12D,S1A_IW_SLC__1SDV_20240304T172528_20240304T172555_052835_0664E9_2EBF;S1A_IW_SLC__1SDV_20240316T172528_20240316T172555_053010_066AFB_0E64;S1A_IW_SLC__1SDV_20240421T172529_20240421T172556_053535_067F68_F7A7;S1A_IW_SLC__1SDV_20240503T172530_20240503T172557_053710_06864B_88BF;S1A_IW_SLC__1SDV_20240608T172529_20240608T172556_054235_0698B9_1BE1;S1A_IW_SLC__1SDV_20240620T172528_20240620T172555_054410_069EC7_B6A4;S1A_IW_SLC__1SDV_20240726T172527_20240726T172554_054935_06B102_BDE8;S1A_IW_SLC__1SDV_20240807T172527_20240807T172554_055110_06B719_1DAB;S1A_IW_SLC__1SDV_20240819T172527_20240819T172554_055285_06BD78_2E30;S1A_IW_SLC__1SDV_20240831T172527_20240831T172554_055460_06C3E8_C3AB;S1A_IW_SLC__1SDV_20241006T172529_20241006T172556_055985_06D8A6_D3A8;S1A_IW_SLC__1SDV_20241018T172529_20241018T172556_056160_06DF92_AA18,2024-03-04,2024-10-18
2024,88,MAIN_12D_AA,8,PAIR_2024_T88_S1A_S1A_20240304_20240316_12D;PAIR_2024_T88_S1A_S1A_20240328_20240409_12D;PAIR_2024_T88_S1A_S1A_20240421_20240503_12D;PAIR_2024_T88_S1A_S1A_20240515_20240527_12D;PAIR_2024_T88_S1A_S1A_20240608_20240620_12D;PAIR_2024_T88_S1A_S1A_20240726_20240807_12D;PAIR_2024_T88_S1A_S1A_20240819_20240831_12D;PAIR_2024_T88_S1A_S1A_20241006_20241018_12D,S1A_IW_SLC__1SDV_20240304T172528_20240304T172555_052835_0664E9_2EBF;S1A_IW_SLC__1SDV_20240316T172528_20240316T172555_053010_066AFB_0E64;S1A_IW_SLC__1SDV_20240328T172529_20240328T172556_053185_0671AD_25A5;S1A_IW_SLC__1SDV_20240409T172528_20240409T172556_053360_067883_2904;S1A_IW_SLC__1SDV_20240421T172529_20240421T172556_053535_067F68_F7A7;S1A_IW_SLC__1SDV_20240503T172530_20240503T172557_053710_06864B_88BF;S1A_IW_SLC__1SDV_20240515T172529_20240515T172556_053885_068C95_34DB;S1A_IW_SLC__1SDV_20240527T172529_20240527T172557_054060_0692AB_3D13;S1A_IW_SLC__1SDV_20240608T172529_20240608T172556_054235_0698B9_1BE1;S1A_IW_SLC__1SDV_20240620T172528_20240620T172555_054410_069EC7_B6A4;S1A_IW_SLC__1SDV_20240726T172527_20240726T172554_054935_06B102_BDE8;S1A_IW_SLC__1SDV_20240807T172527_20240807T172554_055110_06B719_1DAB;S1A_IW_SLC__1SDV_20240819T172527_20240819T172554_055285_06BD78_2E30;S1A_IW_SLC__1SDV_20240831T172527_20240831T172554_055460_06C3E8_C3AB;S1A_IW_SLC__1SDV_20241006T172529_20241006T172556_055985_06D8A6_D3A8;S1A_IW_SLC__1SDV_20241018T172529_20241018T172556_056160_06DF92_AA18,2024-03-04,2024-10-18
2024,88,MAIN_12D_AA,9,PAIR_2024_T88_S1A_S1A_20240304_20240316_12D;PAIR_2024_T88_S1A_S1A_20240328_20240409_12D;PAIR_2024_T88_S1A_S1A_20240421_20240503_12D;PAIR_2024_T88_S1A_S1A_20240515_20240527_12D;PAIR_2024_T88_S1A_S1A_20240608_20240620_12D;PAIR_2024_T88_S1A_S1A_20240702_20240714_12D;PAIR_2024_T88_S1A_S1A_20240726_20240807_12D;PAIR_2024_T88_S1A_S1A_20240819_20240831_12D;PAIR_2024_T88_S1A_S1A_20241006_20241018_12D,S1A_IW_SLC__1SDV_20240304T172528_20240304T172555_052835_0664E9_2EBF;S1A_IW_SLC__1SDV_20240316T172528_20240316T172555_053010_066AFB_0E64;S1A_IW_SLC__1SDV_20240328T172529_20240328T172556_053185_0671AD_25A5;S1A_IW_SLC__1SDV_20240409T172528_20240409T172556_053360_067883_2904;S1A_IW_SLC__1SDV_20240421T172529_20240421T172556_053535_067F68_F7A7;S1A_IW_SLC__1SDV_20240503T172530_20240503T172557_053710_06864B_88BF;S1A_IW_SLC__1SDV_20240515T172529_20240515T172556_053885_068C95_34DB;S1A_IW_SLC__1SDV_20240527T172529_20240527T172557_054060_0692AB_3D13;S1A_IW_SLC__1SDV_20240608T172529_20240608T172556_054235_0698B9_1BE1;S1A_IW_SLC__1SDV_20240620T172528_20240620T172555_054410_069EC7_B6A4;S1A_IW_SLC__1SDV_20240702T172527_20240702T172555_054585_06A4DE_7488;S1A_IW_SLC__1SDV_20240714T172527_20240714T172554_054760_06AAEB_F933;S1A_IW_SLC__1SDV_20240726T172527_20240726T172554_054935_06B102_BDE8;S1A_IW_SLC__1SDV_20240807T172527_20240807T172554_055110_06B719_1DAB;S1A_IW_SLC__1SDV_20240819T172527_20240819T172554_055285_06BD78_2E30;S1A_IW_SLC__1SDV_20240831T172527_20240831T172554_055460_06C3E8_C3AB;S1A_IW_SLC__1SDV_20241006T172529_20241006T172556_055985_06D8A6_D3A8;S1A_IW_SLC__1SDV_20241018T172529_20241018T172556_056160_06DF92_AA18,2024-03-04,2024-10-18
2025,37,MAIN_12D_AA,1,PAIR_2025_T37_S1A_S1A_20250612_20250624_12D,S1A_IW_SLC__1SDV_20250612T055004_20250612T055031_059609_076695_032D;S1A_IW_SLC__1SDV_20250624T055003_20250624T055030_059784_076CA4_82D3,2025-06-12,2025-06-24
2025,37,MAIN_12D_AA,2,PAIR_2025_T37_S1A_S1A_20250308_20250320_12D;PAIR_2025_T37_S1A_S1A_20251010_20251022_12D,S1A_IW_SLC__1SDV_20250308T055005_20250308T055032_058209_073149_AE06;S1A_IW_SLC__1SDV_20250320T055005_20250320T055032_058384_07382F_B693;S1A_IW_SLC__1SDV_20251010T055003_20251010T055030_061359_07A813_E2D0;S1A_IW_SLC__1SDV_20251022T055002_20251022T055029_061534_07AF1F_D801,2025-03-08,2025-10-22
2025,37,MAIN_12D_AA,3,PAIR_2025_T37_S1A_S1A_20250308_20250320_12D;PAIR_2025_T37_S1A_S1A_20250612_20250624_12D;PAIR_2025_T37_S1A_S1A_20251010_20251022_12D,S1A_IW_SLC__1SDV_20250308T055005_20250308T055032_058209_073149_AE06;S1A_IW_SLC__1SDV_20250320T055005_20250320T055032_058384_07382F_B693;S1A_IW_SLC__1SDV_20250612T055004_20250612T055031_059609_076695_032D;S1A_IW_SLC__1SDV_20250624T055003_20250624T055030_059784_076CA4_82D3;S1A_IW_SLC__1SDV_20251010T055003_20251010T055030_061359_07A813_E2D0;S1A_IW_SLC__1SDV_20251022T055002_20251022T055029_061534_07AF1F_D801,2025-03-08,2025-10-22
2025,37,MAIN_12D_AA,4,PAIR_2025_T37_S1A_S1A_20250308_20250320_12D;PAIR_2025_T37_S1A_S1A_20250612_20250624_12D;PAIR_2025_T37_S1A_S1A_20250823_20250904_12D;PAIR_2025_T37_S1A_S1A_20251010_20251022_12D,S1A_IW_SLC__1SDV_20250308T055005_20250308T055032_058209_073149_AE06;S1A_IW_SLC__1SDV_20250320T055005_20250320T055032_058384_07382F_B693;S1A_IW_SLC__1SDV_20250612T055004_20250612T055031_059609_076695_032D;S1A_IW_SLC__1SDV_20250624T055003_20250624T055030_059784_076CA4_82D3;S1A_IW_SLC__1SDV_20250823T055002_20250823T055029_060659_078C0E_4E28;S1A_IW_SLC__1SDV_20250904T055002_20250904T055029_060834_0792F9_F602;S1A_IW_SLC__1SDV_20251010T055003_20251010T055030_061359_07A813_E2D0;S1A_IW_SLC__1SDV_20251022T055002_20251022T055029_061534_07AF1F_D801,2025-03-08,2025-10-22
2025,37,MAIN_12D_AA,6,PAIR_2025_T37_S1A_S1A_20250308_20250320_12D;PAIR_2025_T37_S1A_S1A_20250425_20250507_12D;PAIR_2025_T37_S1A_S1A_20250612_20250624_12D;PAIR_2025_T37_S1A_S1A_20250706_20250718_12D;PAIR_2025_T37_S1A_S1A_20250823_20250904_12D;PAIR_2025_T37_S1A_S1A_20251010_20251022_12D,S1A_IW_SLC__1SDV_20250308T055005_20250308T055032_058209_073149_AE06;S1A_IW_SLC__1SDV_20250320T055005_20250320T055032_058384_07382F_B693;S1A_IW_SLC__1SDV_20250425T055005_20250425T055032_058909_074D84_892D;S1A_IW_SLC__1SDV_20250507T055005_20250507T055032_059084_07547C_AA35;S1A_IW_SLC__1SDV_20250612T055004_20250612T055031_059609_076695_032D;S1A_IW_SLC__1SDV_20250624T055003_20250624T055030_059784_076CA4_82D3;S1A_IW_SLC__1SDV_20250706T055002_20250706T055030_059959_0772B8_2C89;S1A_IW_SLC__1SDV_20250718T055002_20250718T055029_060134_0778BE_AC2E;S1A_IW_SLC__1SDV_20250823T055002_20250823T055029_060659_078C0E_4E28;S1A_IW_SLC__1SDV_20250904T055002_20250904T055029_060834_0792F9_F602;S1A_IW_SLC__1SDV_20251010T055003_20251010T055030_061359_07A813_E2D0;S1A_IW_SLC__1SDV_20251022T055002_20251022T055029_061534_07AF1F_D801,2025-03-08,2025-10-22
2025,37,MAIN_12D_AA,8,PAIR_2025_T37_S1A_S1A_20250308_20250320_12D;PAIR_2025_T37_S1A_S1A_20250401_20250413_12D;PAIR_2025_T37_S1A_S1A_20250425_20250507_12D;PAIR_2025_T37_S1A_S1A_20250519_20250531_12D;PAIR_2025_T37_S1A_S1A_20250612_20250624_12D;PAIR_2025_T37_S1A_S1A_20250706_20250718_12D;PAIR_2025_T37_S1A_S1A_20250823_20250904_12D;PAIR_2025_T37_S1A_S1A_20251010_20251022_12D,S1A_IW_SLC__1SDV_20250308T055005_20250308T055032_058209_073149_AE06;S1A_IW_SLC__1SDV_20250320T055005_20250320T055032_058384_07382F_B693;S1A_IW_SLC__1SDV_20250401T055005_20250401T055032_058559_073F32_A50B;S1A_IW_SLC__1SDV_20250413T055005_20250413T055032_058734_074662_3BE3;S1A_IW_SLC__1SDV_20250425T055005_20250425T055032_058909_074D84_892D;S1A_IW_SLC__1SDV_20250507T055005_20250507T055032_059084_07547C_AA35;S1A_IW_SLC__1SDV_20250519T055005_20250519T055032_059259_075A8A_0BC7;S1A_IW_SLC__1SDV_20250531T055004_20250531T055031_059434_0760A3_9578;S1A_IW_SLC__1SDV_20250612T055004_20250612T055031_059609_076695_032D;S1A_IW_SLC__1SDV_20250624T055003_20250624T055030_059784_076CA4_82D3;S1A_IW_SLC__1SDV_20250706T055002_20250706T055030_059959_0772B8_2C89;S1A_IW_SLC__1SDV_20250718T055002_20250718T055029_060134_0778BE_AC2E;S1A_IW_SLC__1SDV_20250823T055002_20250823T055029_060659_078C0E_4E28;S1A_IW_SLC__1SDV_20250904T055002_20250904T055029_060834_0792F9_F602;S1A_IW_SLC__1SDV_20251010T055003_20251010T055030_061359_07A813_E2D0;S1A_IW_SLC__1SDV_20251022T055002_20251022T055029_061534_07AF1F_D801,2025-03-08,2025-10-22
2025,37,MAIN_12D_AA,9,PAIR_2025_T37_S1A_S1A_20250308_20250320_12D;PAIR_2025_T37_S1A_S1A_20250401_20250413_12D;PAIR_2025_T37_S1A_S1A_20250425_20250507_12D;PAIR_2025_T37_S1A_S1A_20250519_20250531_12D;PAIR_2025_T37_S1A_S1A_20250612_20250624_12D;PAIR_2025_T37_S1A_S1A_20250706_20250718_12D;PAIR_2025_T37_S1A_S1A_20250823_20250904_12D;PAIR_2025_T37_S1A_S1A_20250916_20250928_12D;PAIR_2025_T37_S1A_S1A_20251010_20251022_12D,S1A_IW_SLC__1SDV_20250308T055005_20250308T055032_058209_073149_AE06;S1A_IW_SLC__1SDV_20250320T055005_20250320T055032_058384_07382F_B693;S1A_IW_SLC__1SDV_20250401T055005_20250401T055032_058559_073F32_A50B;S1A_IW_SLC__1SDV_20250413T055005_20250413T055032_058734_074662_3BE3;S1A_IW_SLC__1SDV_20250425T055005_20250425T055032_058909_074D84_892D;S1A_IW_SLC__1SDV_20250507T055005_20250507T055032_059084_07547C_AA35;S1A_IW_SLC__1SDV_20250519T055005_20250519T055032_059259_075A8A_0BC7;S1A_IW_SLC__1SDV_20250531T055004_20250531T055031_059434_0760A3_9578;S1A_IW_SLC__1SDV_20250612T055004_20250612T055031_059609_076695_032D;S1A_IW_SLC__1SDV_20250624T055003_20250624T055030_059784_076CA4_82D3;S1A_IW_SLC__1SDV_20250706T055002_20250706T055030_059959_0772B8_2C89;S1A_IW_SLC__1SDV_20250718T055002_20250718T055029_060134_0778BE_AC2E;S1A_IW_SLC__1SDV_20250823T055002_20250823T055029_060659_078C0E_4E28;S1A_IW_SLC__1SDV_20250904T055002_20250904T055029_060834_0792F9_F602;S1A_IW_SLC__1SDV_20250916T055002_20250916T055029_061009_0799FD_9F31;S1A_IW_SLC__1SDV_20250928T055002_20250928T055029_061184_07A103_4598;S1A_IW_SLC__1SDV_20251010T055003_20251010T055030_061359_07A813_E2D0;S1A_IW_SLC__1SDV_20251022T055002_20251022T055029_061534_07AF1F_D801,2025-03-08,2025-10-22
2025,88,MAIN_12D_AA,1,PAIR_2025_T88_S1A_S1A_20250615_20250627_12D,S1A_IW_SLC__1SDV_20250615T172520_20250615T172547_059660_07685E_1BD0;S1A_IW_SLC__1SDV_20250627T172520_20250627T172547_059835_076E75_3EEF,2025-06-15,2025-06-27
2025,88,MAIN_12D_AA,2,PAIR_2025_T88_S1A_S1A_20250311_20250323_12D;PAIR_2025_T88_S1A_S1A_20251013_20251025_12D,S1A_IW_SLC__1SDV_20250311T172521_20250311T172548_058260_07334B_2EFE;S1A_IW_SLC__1SDV_20250323T172522_20250323T172549_058435_073A34_4DAE;S1A_IW_SLC__1SDV_20251013T172519_20251013T172546_061410_07AA25_F8C1;S1A_IW_SLC__1SDV_20251025T172519_20251025T172546_061585_07B12B_E8D7,2025-03-11,2025-10-25
2025,88,MAIN_12D_AA,3,PAIR_2025_T88_S1A_S1A_20250311_20250323_12D;PAIR_2025_T88_S1A_S1A_20250615_20250627_12D;PAIR_2025_T88_S1A_S1A_20251013_20251025_12D,S1A_IW_SLC__1SDV_20250311T172521_20250311T172548_058260_07334B_2EFE;S1A_IW_SLC__1SDV_20250323T172522_20250323T172549_058435_073A34_4DAE;S1A_IW_SLC__1SDV_20250615T172520_20250615T172547_059660_07685E_1BD0;S1A_IW_SLC__1SDV_20250627T172520_20250627T172547_059835_076E75_3EEF;S1A_IW_SLC__1SDV_20251013T172519_20251013T172546_061410_07AA25_F8C1;S1A_IW_SLC__1SDV_20251025T172519_20251025T172546_061585_07B12B_E8D7,2025-03-11,2025-10-25
2025,88,MAIN_12D_AA,4,PAIR_2025_T88_S1A_S1A_20250311_20250323_12D;PAIR_2025_T88_S1A_S1A_20250615_20250627_12D;PAIR_2025_T88_S1A_S1A_20250802_20250814_12D;PAIR_2025_T88_S1A_S1A_20251013_20251025_12D,S1A_IW_SLC__1SDV_20250311T172521_20250311T172548_058260_07334B_2EFE;S1A_IW_SLC__1SDV_20250323T172522_20250323T172549_058435_073A34_4DAE;S1A_IW_SLC__1SDV_20250615T172520_20250615T172547_059660_07685E_1BD0;S1A_IW_SLC__1SDV_20250627T172520_20250627T172547_059835_076E75_3EEF;S1A_IW_SLC__1SDV_20250802T172518_20250802T172545_060360_07808C_6692;S1A_IW_SLC__1SDV_20250814T172518_20250814T172545_060535_07872E_D556;S1A_IW_SLC__1SDV_20251013T172519_20251013T172546_061410_07AA25_F8C1;S1A_IW_SLC__1SDV_20251025T172519_20251025T172546_061585_07B12B_E8D7,2025-03-11,2025-10-25
2025,88,MAIN_12D_AA,6,PAIR_2025_T88_S1A_S1A_20250311_20250323_12D;PAIR_2025_T88_S1A_S1A_20250428_20250510_12D;PAIR_2025_T88_S1A_S1A_20250615_20250627_12D;PAIR_2025_T88_S1A_S1A_20250802_20250814_12D;PAIR_2025_T88_S1A_S1A_20250826_20250907_12D;PAIR_2025_T88_S1A_S1A_20251013_20251025_12D,S1A_IW_SLC__1SDV_20250311T172521_20250311T172548_058260_07334B_2EFE;S1A_IW_SLC__1SDV_20250323T172522_20250323T172549_058435_073A34_4DAE;S1A_IW_SLC__1SDV_20250428T172522_20250428T172549_058960_074FA0_A345;S1A_IW_SLC__1SDV_20250510T172522_20250510T172549_059135_07564A_E5E1;S1A_IW_SLC__1SDV_20250615T172520_20250615T172547_059660_07685E_1BD0;S1A_IW_SLC__1SDV_20250627T172520_20250627T172547_059835_076E75_3EEF;S1A_IW_SLC__1SDV_20250802T172518_20250802T172545_060360_07808C_6692;S1A_IW_SLC__1SDV_20250814T172518_20250814T172545_060535_07872E_D556;S1A_IW_SLC__1SDV_20250826T172518_20250826T172545_060710_078E13_2A33;S1A_IW_SLC__1SDV_20250907T172519_20250907T172546_060885_079505_AAFF;S1A_IW_SLC__1SDV_20251013T172519_20251013T172546_061410_07AA25_F8C1;S1A_IW_SLC__1SDV_20251025T172519_20251025T172546_061585_07B12B_E8D7,2025-03-11,2025-10-25
2025,88,MAIN_12D_AA,8,PAIR_2025_T88_S1A_S1A_20250311_20250323_12D;PAIR_2025_T88_S1A_S1A_20250404_20250416_12D;PAIR_2025_T88_S1A_S1A_20250428_20250510_12D;PAIR_2025_T88_S1A_S1A_20250522_20250603_12D;PAIR_2025_T88_S1A_S1A_20250615_20250627_12D;PAIR_2025_T88_S1A_S1A_20250802_20250814_12D;PAIR_2025_T88_S1A_S1A_20250826_20250907_12D;PAIR_2025_T88_S1A_S1A_20251013_20251025_12D,S1A_IW_SLC__1SDV_20250311T172521_20250311T172548_058260_07334B_2EFE;S1A_IW_SLC__1SDV_20250323T172522_20250323T172549_058435_073A34_4DAE;S1A_IW_SLC__1SDV_20250404T172522_20250404T172549_058610_07414D_CEDC;S1A_IW_SLC__1SDV_20250416T172522_20250416T172549_058785_074873_78D6;S1A_IW_SLC__1SDV_20250428T172522_20250428T172549_058960_074FA0_A345;S1A_IW_SLC__1SDV_20250510T172522_20250510T172549_059135_07564A_E5E1;S1A_IW_SLC__1SDV_20250522T172521_20250522T172548_059310_075C59_77A8;S1A_IW_SLC__1SDV_20250603T172521_20250603T172548_059485_07626B_8768;S1A_IW_SLC__1SDV_20250615T172520_20250615T172547_059660_07685E_1BD0;S1A_IW_SLC__1SDV_20250627T172520_20250627T172547_059835_076E75_3EEF;S1A_IW_SLC__1SDV_20250802T172518_20250802T172545_060360_07808C_6692;S1A_IW_SLC__1SDV_20250814T172518_20250814T172545_060535_07872E_D556;S1A_IW_SLC__1SDV_20250826T172518_20250826T172545_060710_078E13_2A33;S1A_IW_SLC__1SDV_20250907T172519_20250907T172546_060885_079505_AAFF;S1A_IW_SLC__1SDV_20251013T172519_20251013T172546_061410_07AA25_F8C1;S1A_IW_SLC__1SDV_20251025T172519_20251025T172546_061585_07B12B_E8D7,2025-03-11,2025-10-25
2025,88,MAIN_12D_AA,9,PAIR_2025_T88_S1A_S1A_20250311_20250323_12D;PAIR_2025_T88_S1A_S1A_20250404_20250416_12D;PAIR_2025_T88_S1A_S1A_20250428_20250510_12D;PAIR_2025_T88_S1A_S1A_20250522_20250603_12D;PAIR_2025_T88_S1A_S1A_20250615_20250627_12D;PAIR_2025_T88_S1A_S1A_20250709_20250721_12D;PAIR_2025_T88_S1A_S1A_20250802_20250814_12D;PAIR_2025_T88_S1A_S1A_20250826_20250907_12D;PAIR_2025_T88_S1A_S1A_20251013_20251025_12D,S1A_IW_SLC__1SDV_20250311T172521_20250311T172548_058260_07334B_2EFE;S1A_IW_SLC__1SDV_20250323T172522_20250323T172549_058435_073A34_4DAE;S1A_IW_SLC__1SDV_20250404T172522_20250404T172549_058610_07414D_CEDC;S1A_IW_SLC__1SDV_20250416T172522_20250416T172549_058785_074873_78D6;S1A_IW_SLC__1SDV_20250428T172522_20250428T172549_058960_074FA0_A345;S1A_IW_SLC__1SDV_20250510T172522_20250510T172549_059135_07564A_E5E1;S1A_IW_SLC__1SDV_20250522T172521_20250522T172548_059310_075C59_77A8;S1A_IW_SLC__1SDV_20250603T172521_20250603T172548_059485_07626B_8768;S1A_IW_SLC__1SDV_20250615T172520_20250615T172547_059660_07685E_1BD0;S1A_IW_SLC__1SDV_20250627T172520_20250627T172547_059835_076E75_3EEF;S1A_IW_SLC__1SDV_20250709T172519_20250709T172546_060010_077485_F465;S1A_IW_SLC__1SDV_20250721T172518_20250721T172545_060185_077A86_166F;S1A_IW_SLC__1SDV_20250802T172518_20250802T172545_060360_07808C_6692;S1A_IW_SLC__1SDV_20250814T172518_20250814T172545_060535_07872E_D556;S1A_IW_SLC__1SDV_20250826T172518_20250826T172545_060710_078E13_2A33;S1A_IW_SLC__1SDV_20250907T172519_20250907T172546_060885_079505_AAFF;S1A_IW_SLC__1SDV_20251013T172519_20251013T172546_061410_07AA25_F8C1;S1A_IW_SLC__1SDV_20251025T172519_20251025T172546_061585_07B12B_E8D7,2025-03-11,2025-10-25
