pair_id,year,track,date_1,date_2,lag_days,scene_id_1,scene_id_2,overlap,status
PAIR_2024_T15_S1A_S1A_20240311_20240323_12D,2024,15,2024-03-11,2024-03-23,12,S1A_IW_SLC__1SDV_20240311T171722_20240311T171749_052937_066868_467A,S1A_IW_SLC__1SDV_20240323T171722_20240323T171749_053112_066EF1_C1D1,1.0,CANDIDATE
PAIR_2024_T15_S1A_S1A_20240323_20240404_12D,2024,15,2024-03-23,2024-04-04,12,S1A_IW_SLC__1SDV_20240323T171722_20240323T171749_053112_066EF1_C1D1,S1A_IW_SLC__1SDV_20240404T171723_20240404T171750_053287_067596_BEDF,1.0,CANDIDATE
PAIR_2024_T15_S1A_S1A_20240404_20240416_12D,2024,15,2024-04-04,2024-04-16,12,S1A_IW_SLC__1SDV_20240404T171723_20240404T171750_053287_067596_BEDF,S1A_IW_SLC__1SDV_20240416T171723_20240416T171750_053462_067C88_03A8,1.0,CANDIDATE
PAIR_2024_T15_S1A_S1A_20240416_20240428_12D,2024,15,2024-04-16,2024-04-28,12,S1A_IW_SLC__1SDV_20240416T171723_20240416T171750_053462_067C88_03A8,S1A_IW_SLC__1SDV_20240428T171723_20240428T171751_053637_068367_A350,1.0,CANDIDATE
PAIR_2024_T15_S1A_S1A_20240428_20240510_12D,2024,15,2024-04-28,2024-05-10,12,S1A_IW_SLC__1SDV_20240428T171723_20240428T171751_053637_068367_A350,S1A_IW_SLC__1SDV_20240510T171724_20240510T171751_053812_068A1A_9006,1.0,CANDIDATE
PAIR_2024_T15_S1A_S1A_20240510_20240522_12D,2024,15,2024-05-10,2024-05-22,12,S1A_IW_SLC__1SDV_20240510T171724_20240510T171751_053812_068A1A_9006,S1A_IW_SLC__1SDV_20240522T171723_20240522T171750_053987_06901E_285A,1.0,CANDIDATE
PAIR_2024_T15_S1A_S1A_20240522_20240603_12D,2024,15,2024-05-22,2024-06-03,12,S1A_IW_SLC__1SDV_20240522T171723_20240522T171750_053987_06901E_285A,S1A_IW_SLC__1SDV_20240603T171723_20240603T171750_054162_06962D_6D50,1.0,CANDIDATE
PAIR_2024_T15_S1A_S1A_20240603_20240615_12D,2024,15,2024-06-03,2024-06-15,12,S1A_IW_SLC__1SDV_20240603T171723_20240603T171750_054162_06962D_6D50,S1A_IW_SLC__1SDV_20240615T171723_20240615T171750_054337_069C3A_1646,1.0,CANDIDATE
PAIR_2024_T15_S1A_S1A_20240615_20240627_12D,2024,15,2024-06-15,2024-06-27,12,S1A_IW_SLC__1SDV_20240615T171723_20240615T171750_054337_069C3A_1646,S1A_IW_SLC__1SDV_20240627T171722_20240627T171749_054512_06A24B_6C0D,1.0,CANDIDATE
PAIR_2024_T15_S1A_S1A_20240627_20240709_12D,2024,15,2024-06-27,2024-07-09,12,S1A_IW_SLC__1SDV_20240627T171722_20240627T171749_054512_06A24B_6C0D,S1A_IW_SLC__1SDV_20240709T171721_20240709T171748_054687_06A864_032E,1.0,CANDIDATE
PAIR_2024_T15_S1A_S1A_20240709_20240721_12D,2024,15,2024-07-09,2024-07-21,12,S1A_IW_SLC__1SDV_20240709T171721_20240709T171748_054687_06A864_032E,S1A_IW_SLC__1SDV_20240721T171721_20240721T171748_054862_06AE72_E5DE,1.0,CANDIDATE
PAIR_2024_T15_S1A_S1A_20240721_20240802_12D,2024,15,2024-07-21,2024-08-02,12,S1A_IW_SLC__1SDV_20240721T171721_20240721T171748_054862_06AE72_E5DE,S1A_IW_SLC__1SDV_20240802T171721_20240802T171748_055037_06B48C_3F13,1.0,CANDIDATE
PAIR_2024_T15_S1A_S1A_20240802_20240814_12D,2024,15,2024-08-02,2024-08-14,12,S1A_IW_SLC__1SDV_20240802T171721_20240802T171748_055037_06B48C_3F13,S1A_IW_SLC__1SDV_20240814T171721_20240814T171748_055212_06BAD3_EF76,1.0,CANDIDATE
PAIR_2024_T15_S1A_S1A_20240814_20240826_12D,2024,15,2024-08-14,2024-08-26,12,S1A_IW_SLC__1SDV_20240814T171721_20240814T171748_055212_06BAD3_EF76,S1A_IW_SLC__1SDV_20240826T171721_20240826T171748_055387_06C154_12D8,1.0,CANDIDATE
PAIR_2024_T15_S1A_S1A_20240826_20240907_12D,2024,15,2024-08-26,2024-09-07,12,S1A_IW_SLC__1SDV_20240826T171721_20240826T171748_055387_06C154_12D8,S1A_IW_SLC__1SDV_20240907T171721_20240907T171748_055562_06C7F5_2C9D,1.0,CANDIDATE
PAIR_2024_T15_S1A_S1A_20240907_20240919_12D,2024,15,2024-09-07,2024-09-19,12,S1A_IW_SLC__1SDV_20240907T171721_20240907T171748_055562_06C7F5_2C9D,S1A_IW_SLC__1SDV_20240919T171722_20240919T171749_055737_06CEDD_84F3,1.0,CANDIDATE
PAIR_2024_T15_S1A_S1A_20240919_20241001_12D,2024,15,2024-09-19,2024-10-01,12,S1A_IW_SLC__1SDV_20240919T171722_20240919T171749_055737_06CEDD_84F3,S1A_IW_SLC__1SDV_20241001T171722_20241001T171749_055912_06D5CD_1788,1.0,CANDIDATE
PAIR_2024_T15_S1A_S1A_20241001_20241013_12D,2024,15,2024-10-01,2024-10-13,12,S1A_IW_SLC__1SDV_20241001T171722_20241001T171749_055912_06D5CD_1788,S1A_IW_SLC__1SDV_20241013T171722_20241013T171749_056087_06DCAE_E757,1.0,CANDIDATE
PAIR_2024_T15_S1A_S1A_20241013_20241025_12D,2024,15,2024-10-13,2024-10-25,12,S1A_IW_SLC__1SDV_20241013T171722_20241013T171749_056087_06DCAE_E757,S1A_IW_SLC__1SDV_20241025T171722_20241025T171749_056262_06E3A4_3429,1.0,CANDIDATE
PAIR_2024_T37_S1A_S1A_20240301_20240313_12D,2024,37,2024-03-01,2024-03-13,12,S1A_IW_SLC__1SDV_20240301T055011_20240301T055039_052784_06632D_567D,S1A_IW_SLC__1SDV_20240313T055011_20240313T055039_052959_066921_D9B0,1.0,CANDIDATE
PAIR_2024_T37_S1A_S1A_20240313_20240325_12D,2024,37,2024-03-13,2024-03-25,12,S1A_IW_SLC__1SDV_20240313T055011_20240313T055039_052959_066921_D9B0,S1A_IW_SLC__1SDV_20240325T055012_20240325T055039_053134_066FC4_EB25,1.0,CANDIDATE
PAIR_2024_T37_S1A_S1A_20240325_20240406_12D,2024,37,2024-03-25,2024-04-06,12,S1A_IW_SLC__1SDV_20240325T055012_20240325T055039_053134_066FC4_EB25,S1A_IW_SLC__1SDV_20240406T055012_20240406T055039_053309_067673_4626,1.0,CANDIDATE
PAIR_2024_T37_S1A_S1A_20240406_20240418_12D,2024,37,2024-04-06,2024-04-18,12,S1A_IW_SLC__1SDV_20240406T055012_20240406T055039_053309_067673_4626,S1A_IW_SLC__1SDV_20240418T055013_20240418T055040_053484_067D67_F74C,1.0,CANDIDATE
PAIR_2024_T37_S1A_S1A_20240418_20240430_12D,2024,37,2024-04-18,2024-04-30,12,S1A_IW_SLC__1SDV_20240418T055013_20240418T055040_053484_067D67_F74C,S1A_IW_SLC__1SDV_20240430T055013_20240430T055040_053659_068441_B0B7,1.0,CANDIDATE
PAIR_2024_T37_S1A_S1A_20240430_20240512_12D,2024,37,2024-04-30,2024-05-12,12,S1A_IW_SLC__1SDV_20240430T055013_20240430T055040_053659_068441_B0B7,S1A_IW_SLC__1SDV_20240512T055013_20240512T055040_053834_068ADC_BD9E,1.0,CANDIDATE
PAIR_2024_T37_S1A_S1A_20240512_20240524_12D,2024,37,2024-05-12,2024-05-24,12,S1A_IW_SLC__1SDV_20240512T055013_20240512T055040_053834_068ADC_BD9E,S1A_IW_SLC__1SDV_20240524T055013_20240524T055040_054009_0690DF_02DC,1.0,CANDIDATE
PAIR_2024_T37_S1A_S1A_20240524_20240605_12D,2024,37,2024-05-24,2024-06-05,12,S1A_IW_SLC__1SDV_20240524T055013_20240524T055040_054009_0690DF_02DC,S1A_IW_SLC__1SDV_20240605T055012_20240605T055039_054184_0696EA_B824,1.0,CANDIDATE
PAIR_2024_T37_S1A_S1A_20240605_20240617_12D,2024,37,2024-06-05,2024-06-17,12,S1A_IW_SLC__1SDV_20240605T055012_20240605T055039_054184_0696EA_B824,S1A_IW_SLC__1SDV_20240617T055012_20240617T055039_054359_069CF5_2D06,1.0,CANDIDATE
PAIR_2024_T37_S1A_S1A_20240617_20240629_12D,2024,37,2024-06-17,2024-06-29,12,S1A_IW_SLC__1SDV_20240617T055012_20240617T055039_054359_069CF5_2D06,S1A_IW_SLC__1SDV_20240629T055011_20240629T055038_054534_06A308_6DD8,1.0,CANDIDATE
PAIR_2024_T37_S1A_S1A_20240629_20240711_12D,2024,37,2024-06-29,2024-07-11,12,S1A_IW_SLC__1SDV_20240629T055011_20240629T055038_054534_06A308_6DD8,S1A_IW_SLC__1SDV_20240711T055011_20240711T055038_054709_06A920_F1C0,1.0,CANDIDATE
PAIR_2024_T37_S1A_S1A_20240711_20240723_12D,2024,37,2024-07-11,2024-07-23,12,S1A_IW_SLC__1SDV_20240711T055011_20240711T055038_054709_06A920_F1C0,S1A_IW_SLC__1SDV_20240723T055010_20240723T055038_054884_06AF36_0F21,1.0,CANDIDATE
PAIR_2024_T37_S1A_S1A_20240723_20240804_12D,2024,37,2024-07-23,2024-08-04,12,S1A_IW_SLC__1SDV_20240723T055010_20240723T055038_054884_06AF36_0F21,S1A_IW_SLC__1SDV_20240804T055011_20240804T055038_055059_06B537_6C5F,1.0,CANDIDATE
PAIR_2024_T37_S1A_S1A_20240804_20240816_12D,2024,37,2024-08-04,2024-08-16,12,S1A_IW_SLC__1SDV_20240804T055011_20240804T055038_055059_06B537_6C5F,S1A_IW_SLC__1SDV_20240816T055010_20240816T055037_055234_06BB9A_16AC,1.0,CANDIDATE
PAIR_2024_T37_S1A_S1A_20240816_20240828_12D,2024,37,2024-08-16,2024-08-28,12,S1A_IW_SLC__1SDV_20240816T055010_20240816T055037_055234_06BB9A_16AC,S1A_IW_SLC__1SDV_20240828T055011_20240828T055038_055409_06C20E_3DAD,1.0,CANDIDATE
PAIR_2024_T37_S1A_S1A_20240828_20240909_12D,2024,37,2024-08-28,2024-09-09,12,S1A_IW_SLC__1SDV_20240828T055011_20240828T055038_055409_06C20E_3DAD,S1A_IW_SLC__1SDV_20240909T055011_20240909T055038_055584_06C8D7_CE08,1.0,CANDIDATE
PAIR_2024_T37_S1A_S1A_20240909_20240921_12D,2024,37,2024-09-09,2024-09-21,12,S1A_IW_SLC__1SDV_20240909T055011_20240909T055038_055584_06C8D7_CE08,S1A_IW_SLC__1SDV_20240921T055011_20240921T055038_055759_06CFB9_4192,1.0,CANDIDATE
PAIR_2024_T37_S1A_S1A_20240921_20241003_12D,2024,37,2024-09-21,2024-10-03,12,S1A_IW_SLC__1SDV_20240921T055011_20240921T055038_055759_06CFB9_4192,S1A_IW_SLC__1SDV_20241003T055012_20241003T055039_055934_06D6B1_5494,1.0,CANDIDATE
PAIR_2024_T37_S1A_S1A_20241003_20241015_12D,2024,37,2024-10-03,2024-10-15,12,S1A_IW_SLC__1SDV_20241003T055012_20241003T055039_055934_06D6B1_5494,S1A_IW_SLC__1SDV_20241015T055012_20241015T055039_056109_06DD8D_4AD6,1.0,CANDIDATE
PAIR_2024_T37_S1A_S1A_20241015_20241027_12D,2024,37,2024-10-15,2024-10-27,12,S1A_IW_SLC__1SDV_20241015T055012_20241015T055039_056109_06DD8D_4AD6,S1A_IW_SLC__1SDV_20241027T055012_20241027T055039_056284_06E482_42E3,1.0,CANDIDATE
PAIR_2024_T88_S1A_S1A_20240304_20240316_12D,2024,88,2024-03-04,2024-03-16,12,S1A_IW_SLC__1SDV_20240304T172528_20240304T172555_052835_0664E9_2EBF,S1A_IW_SLC__1SDV_20240316T172528_20240316T172555_053010_066AFB_0E64,1.0,CANDIDATE
PAIR_2024_T88_S1A_S1A_20240316_20240328_12D,2024,88,2024-03-16,2024-03-28,12,S1A_IW_SLC__1SDV_20240316T172528_20240316T172555_053010_066AFB_0E64,S1A_IW_SLC__1SDV_20240328T172529_20240328T172556_053185_0671AD_25A5,1.0,CANDIDATE
PAIR_2024_T88_S1A_S1A_20240328_20240409_12D,2024,88,2024-03-28,2024-04-09,12,S1A_IW_SLC__1SDV_20240328T172529_20240328T172556_053185_0671AD_25A5,S1A_IW_SLC__1SDV_20240409T172528_20240409T172556_053360_067883_2904,1.0,CANDIDATE
PAIR_2024_T88_S1A_S1A_20240409_20240421_12D,2024,88,2024-04-09,2024-04-21,12,S1A_IW_SLC__1SDV_20240409T172528_20240409T172556_053360_067883_2904,S1A_IW_SLC__1SDV_20240421T172529_20240421T172556_053535_067F68_F7A7,1.0,CANDIDATE
PAIR_2024_T88_S1A_S1A_20240421_20240503_12D,2024,88,2024-04-21,2024-05-03,12,S1A_IW_SLC__1SDV_20240421T172529_20240421T172556_053535_067F68_F7A7,S1A_IW_SLC__1SDV_20240503T172530_20240503T172557_053710_06864B_88BF,1.0,CANDIDATE
PAIR_2024_T88_S1A_S1A_20240503_20240515_12D,2024,88,2024-05-03,2024-05-15,12,S1A_IW_SLC__1SDV_20240503T172530_20240503T172557_053710_06864B_88BF,S1A_IW_SLC__1SDV_20240515T172529_20240515T172556_053885_068C95_34DB,1.0,CANDIDATE
PAIR_2024_T88_S1A_S1A_20240515_20240527_12D,2024,88,2024-05-15,2024-05-27,12,S1A_IW_SLC__1SDV_20240515T172529_20240515T172556_053885_068C95_34DB,S1A_IW_SLC__1SDV_20240527T172529_20240527T172557_054060_0692AB_3D13,1.0,CANDIDATE
PAIR_2024_T88_S1A_S1A_20240527_20240608_12D,2024,88,2024-05-27,2024-06-08,12,S1A_IW_SLC__1SDV_20240527T172529_20240527T172557_054060_0692AB_3D13,S1A_IW_SLC__1SDV_20240608T172529_20240608T172556_054235_0698B9_1BE1,1.0,CANDIDATE
PAIR_2024_T88_S1A_S1A_20240608_20240620_12D,2024,88,2024-06-08,2024-06-20,12,S1A_IW_SLC__1SDV_20240608T172529_20240608T172556_054235_0698B9_1BE1,S1A_IW_SLC__1SDV_20240620T172528_20240620T172555_054410_069EC7_B6A4,1.0,CANDIDATE
PAIR_2024_T88_S1A_S1A_20240620_20240702_12D,2024,88,2024-06-20,2024-07-02,12,S1A_IW_SLC__1SDV_20240620T172528_20240620T172555_054410_069EC7_B6A4,S1A_IW_SLC__1SDV_20240702T172527_20240702T172555_054585_06A4DE_7488,1.0,CANDIDATE
PAIR_2024_T88_S1A_S1A_20240702_20240714_12D,2024,88,2024-07-02,2024-07-14,12,S1A_IW_SLC__1SDV_20240702T172527_20240702T172555_054585_06A4DE_7488,S1A_IW_SLC__1SDV_20240714T172527_20240714T172554_054760_06AAEB_F933,1.0,CANDIDATE
PAIR_2024_T88_S1A_S1A_20240714_20240726_12D,2024,88,2024-07-14,2024-07-26,12,S1A_IW_SLC__1SDV_20240714T172527_20240714T172554_054760_06AAEB_F933,S1A_IW_SLC__1SDV_20240726T172527_20240726T172554_054935_06B102_BDE8,1.0,CANDIDATE
PAIR_2024_T88_S1A_S1A_20240726_20240807_12D,2024,88,2024-07-26,2024-08-07,12,S1A_IW_SLC__1SDV_20240726T172527_20240726T172554_054935_06B102_BDE8,S1A_IW_SLC__1SDV_20240807T172527_20240807T172554_055110_06B719_1DAB,1.0,CANDIDATE
PAIR_2024_T88_S1A_S1A_20240807_20240819_12D,2024,88,2024-08-07,2024-08-19,12,S1A_IW_SLC__1SDV_20240807T172527_20240807T172554_055110_06B719_1DAB,S1A_IW_SLC__1SDV_20240819T172527_20240819T172554_055285_06BD78_2E30,1.0,CANDIDATE
PAIR_2024_T88_S1A_S1A_20240819_20240831_12D,2024,88,2024-08-19,2024-08-31,12,S1A_IW_SLC__1SDV_20240819T172527_20240819T172554_055285_06BD78_2E30,S1A_IW_SLC__1SDV_20240831T172527_20240831T172554_055460_06C3E8_C3AB,1.0,CANDIDATE
PAIR_2024_T88_S1A_S1A_20240831_20240912_12D,2024,88,2024-08-31,2024-09-12,12,S1A_IW_SLC__1SDV_20240831T172527_20240831T172554_055460_06C3E8_C3AB,S1A_IW_SLC__1SDV_20240912T172528_20240912T172555_055635_06CAD5_D971,1.0,CANDIDATE
PAIR_2024_T88_S1A_S1A_20240912_20240924_12D,2024,88,2024-09-12,2024-09-24,12,S1A_IW_SLC__1SDV_20240912T172528_20240912T172555_055635_06CAD5_D971,S1A_IW_SLC__1SDV_20240924T172528_20240924T172555_055810_06D1C0_E25D,1.0,CANDIDATE
PAIR_2024_T88_S1A_S1A_20240924_20241006_12D,2024,88,2024-09-24,2024-10-06,12,S1A_IW_SLC__1SDV_20240924T172528_20240924T172555_055810_06D1C0_E25D,S1A_IW_SLC__1SDV_20241006T172529_20241006T172556_055985_06D8A6_D3A8,1.0,CANDIDATE
PAIR_2024_T88_S1A_S1A_20241006_20241018_12D,2024,88,2024-10-06,2024-10-18,12,S1A_IW_SLC__1SDV_20241006T172529_20241006T172556_055985_06D8A6_D3A8,S1A_IW_SLC__1SDV_20241018T172529_20241018T172556_056160_06DF92_AA18,1.0,CANDIDATE
PAIR_2024_T88_S1A_S1A_20241018_20241030_12D,2024,88,2024-10-18,2024-10-30,12,S1A_IW_SLC__1SDV_20241018T172529_20241018T172556_056160_06DF92_AA18,S1A_IW_SLC__1SDV_20241030T172529_20241030T172556_056335_06E681_725C,1.0,CANDIDATE
PAIR_2024_T139_S1A_S1A_20240308_20240320_12D,2024,139,2024-03-08,2024-03-20,12,S1A_IW_SLC__1SDV_20240308T054201_20240308T054228_052886_0666A3_894A,S1A_IW_SLC__1SDV_20240320T054202_20240320T054229_053061_066CFD_60F3,1.0,CANDIDATE
PAIR_2024_T139_S1A_S1A_20240320_20240401_12D,2024,139,2024-03-20,2024-04-01,12,S1A_IW_SLC__1SDV_20240320T054202_20240320T054229_053061_066CFD_60F3,S1A_IW_SLC__1SDV_20240401T054202_20240401T054229_053236_0673A0_3F97,1.0,CANDIDATE
PAIR_2024_T139_S1A_S1A_20240401_20240413_12D,2024,139,2024-04-01,2024-04-13,12,S1A_IW_SLC__1SDV_20240401T054202_20240401T054229_053236_0673A0_3F97,S1A_IW_SLC__1SDV_20240413T054201_20240413T054228_053411_067A88_E2BD,1.0,CANDIDATE
PAIR_2024_T139_S1A_S1A_20240413_20240425_12D,2024,139,2024-04-13,2024-04-25,12,S1A_IW_SLC__1SDV_20240413T054201_20240413T054228_053411_067A88_E2BD,S1A_IW_SLC__1SDV_20240425T054203_20240425T054230_053586_068163_C15A,1.0,CANDIDATE
PAIR_2024_T139_S1A_S1A_20240425_20240507_12D,2024,139,2024-04-25,2024-05-07,12,S1A_IW_SLC__1SDV_20240425T054203_20240425T054230_053586_068163_C15A,S1A_IW_SLC__1SDV_20240507T054203_20240507T054230_053761_06884C_529A,1.0,CANDIDATE
PAIR_2024_T139_S1A_S1A_20240507_20240519_12D,2024,139,2024-05-07,2024-05-19,12,S1A_IW_SLC__1SDV_20240507T054203_20240507T054230_053761_06884C_529A,S1A_IW_SLC__1SDV_20240519T054203_20240519T054230_053936_068E5E_8660,1.0,CANDIDATE
PAIR_2024_T139_S1A_S1A_20240519_20240531_12D,2024,139,2024-05-19,2024-05-31,12,S1A_IW_SLC__1SDV_20240519T054203_20240519T054230_053936_068E5E_8660,S1A_IW_SLC__1SDV_20240531T054203_20240531T054230_054111_069471_32B9,1.0,CANDIDATE
PAIR_2024_T139_S1A_S1A_20240531_20240612_12D,2024,139,2024-05-31,2024-06-12,12,S1A_IW_SLC__1SDV_20240531T054203_20240531T054230_054111_069471_32B9,S1A_IW_SLC__1SDV_20240612T054202_20240612T054229_054286_069A7C_C234,1.0,CANDIDATE
PAIR_2024_T139_S1A_S1A_20240612_20240624_12D,2024,139,2024-06-12,2024-06-24,12,S1A_IW_SLC__1SDV_20240612T054202_20240612T054229_054286_069A7C_C234,S1A_IW_SLC__1SDV_20240624T054202_20240624T054229_054461_06A08E_4CAC,1.0,CANDIDATE
PAIR_2024_T139_S1A_S1A_20240624_20240706_12D,2024,139,2024-06-24,2024-07-06,12,S1A_IW_SLC__1SDV_20240624T054202_20240624T054229_054461_06A08E_4CAC,S1A_IW_SLC__1SDV_20240706T054201_20240706T054228_054636_06A6A4_B62D,1.0,CANDIDATE
PAIR_2024_T139_S1A_S1A_20240706_20240718_12D,2024,139,2024-07-06,2024-07-18,12,S1A_IW_SLC__1SDV_20240706T054201_20240706T054228_054636_06A6A4_B62D,S1A_IW_SLC__1SDV_20240718T054200_20240718T054228_054811_06ACB3_1058,1.0,CANDIDATE
PAIR_2024_T139_S1A_S1A_20240718_20240730_12D,2024,139,2024-07-18,2024-07-30,12,S1A_IW_SLC__1SDV_20240718T054200_20240718T054228_054811_06ACB3_1058,S1A_IW_SLC__1SDV_20240730T054200_20240730T054227_054986_06B2CF_6526,1.0,CANDIDATE
PAIR_2024_T139_S1A_S1A_20240730_20240811_12D,2024,139,2024-07-30,2024-08-11,12,S1A_IW_SLC__1SDV_20240730T054200_20240730T054227_054986_06B2CF_6526,S1A_IW_SLC__1SDV_20240811T054200_20240811T054227_055161_06B8F1_EAD8,1.0,CANDIDATE
PAIR_2024_T139_S1A_S1A_20240811_20240823_12D,2024,139,2024-08-11,2024-08-23,12,S1A_IW_SLC__1SDV_20240811T054200_20240811T054227_055161_06B8F1_EAD8,S1A_IW_SLC__1SDV_20240823T054200_20240823T054228_055336_06BF64_55EC,1.0,CANDIDATE
PAIR_2024_T139_S1A_S1A_20240823_20240904_12D,2024,139,2024-08-23,2024-09-04,12,S1A_IW_SLC__1SDV_20240823T054200_20240823T054228_055336_06BF64_55EC,S1A_IW_SLC__1SDV_20240904T054201_20240904T054228_055511_06C5E7_B7B4,1.0,CANDIDATE
PAIR_2024_T139_S1A_S1A_20240904_20240916_12D,2024,139,2024-09-04,2024-09-16,12,S1A_IW_SLC__1SDV_20240904T054201_20240904T054228_055511_06C5E7_B7B4,S1A_IW_SLC__1SDV_20240916T054201_20240916T054229_055686_06CCD9_7933,1.0,CANDIDATE
PAIR_2024_T139_S1A_S1A_20240916_20240928_12D,2024,139,2024-09-16,2024-09-28,12,S1A_IW_SLC__1SDV_20240916T054201_20240916T054229_055686_06CCD9_7933,S1A_IW_SLC__1SDV_20240928T054201_20240928T054228_055861_06D3C5_2CC4,1.0,CANDIDATE
PAIR_2024_T139_S1A_S1A_20240928_20241010_12D,2024,139,2024-09-28,2024-10-10,12,S1A_IW_SLC__1SDV_20240928T054201_20240928T054228_055861_06D3C5_2CC4,S1A_IW_SLC__1SDV_20241010T054202_20241010T054229_056036_06DAA8_4C04,1.0,CANDIDATE
PAIR_2024_T139_S1A_S1A_20241010_20241022_12D,2024,139,2024-10-10,2024-10-22,12,S1A_IW_SLC__1SDV_20241010T054202_20241010T054229_056036_06DAA8_4C04,S1A_IW_SLC__1SDV_20241022T054202_20241022T054229_056211_06E197_1D32,1.0,CANDIDATE
