year,track,date,platform,scene_id,coverage
2024,15,2024-03-11,Sentinel-1A,S1A_IW_SLC__1SDV_20240311T171722_20240311T171749_052937_066868_467A,1.0
2024,15,2024-03-23,Sentinel-1A,S1A_IW_SLC__1SDV_20240323T171722_20240323T171749_053112_066EF1_C1D1,1.0
2024,15,2024-04-04,Sentinel-1A,S1A_IW_SLC__1SDV_20240404T171723_20240404T171750_053287_067596_BEDF,1.0
2024,15,2024-04-16,Sentinel-1A,S1A_IW_SLC__1SDV_20240416T171723_20240416T171750_053462_067C88_03A8,1.0
2024,15,2024-04-28,Sentinel-1A,S1A_IW_SLC__1SDV_20240428T171723_20240428T171751_053637_068367_A350,1.0
2024,15,2024-05-10,Sentinel-1A,S1A_IW_SLC__1SDV_20240510T171724_20240510T171751_053812_068A1A_9006,1.0
2024,15,2024-05-22,Sentinel-1A,S1A_IW_SLC__1SDV_20240522T171723_20240522T171750_053987_06901E_285A,1.0
2024,15,2024-06-03,Sentinel-1A,S1A_IW_SLC__1SDV_20240603T171723_20240603T171750_054162_06962D_6D50,1.0
2024,15,2024-06-15,Sentinel-1A,S1A_IW_SLC__1SDV_20240615T171723_20240615T171750_054337_069C3A_1646,1.0
2024,15,2024-06-27,Sentinel-1A,S1A_IW_SLC__1SDV_20240627T171722_20240627T171749_054512_06A24B_6C0D,1.0
2024,15,2024-07-09,Sentinel-1A,S1A_IW_SLC__1SDV_20240709T171721_20240709T171748_054687_06A864_032E,1.0
2024,15,2024-07-21,Sentinel-1A,S1A_IW_SLC__1SDV_20240721T171721_20240721T171748_054862_06AE72_E5DE,1.0
2024,15,2024-08-02,Sentinel-1A,S1A_IW_SLC__1SDV_20240802T171721_20240802T171748_055037_06B48C_3F13,1.0
2024,15,2024-08-14,Sentinel-1A,S1A_IW_SLC__1SDV_20240814T171721_20240814T171748_055212_06BAD3_EF76,1.0
2024,15,2024-08-26,Sentinel-1A,S1A_IW_SLC__1SDV_20240826T171721_20240826T171748_055387_06C154_12D8,1.0
2024,15,2024-09-07,Sentinel-1A,S1A_IW_SLC__1SDV_20240907T171721_20240907T171748_055562_06C7F5_2C9D,1.0
2024,15,2024-09-19,Sentinel-1A,S1A_IW_SLC__1SDV_20240919T171722_20240919T171749_055737_06CEDD_84F3,1.0
2024,15,2024-10-01,Sentinel-1A,S1A_IW_SLC__1SDV_20241001T171722_20241001T171749_055912_06D5CD_1788,1.0
2024,15,2024-10-13,Sentinel-1A,S1A_IW_SLC__1SDV_20241013T171722_20241013T171749_056087_06DCAE_E757,1.0
2024,15,2024-10-25,Sentinel-1A,S1A_IW_SLC__1SDV_20241025T171722_20241025T171749_056262_06E3A4_3429,1.0
2024,37,2024-03-01,Sentinel-1A,S1A_IW_SLC__1SDV_20240301T055011_20240301T055039_052784_06632D_567D,1.0
2024,37,2024-03-13,Sentinel-1A,S1A_IW_SLC__1SDV_20240313T055011_20240313T055039_052959_066921_D9B0,1.0
2024,37,2024-03-25,Sentinel-1A,S1A_IW_SLC__1SDV_20240325T055012_20240325T055039_053134_066FC4_EB25,1.0
2024,37,2024-04-06,Sentinel-1A,S1A_IW_SLC__1SDV_20240406T055012_20240406T055039_053309_067673_4626,1.0
2024,37,2024-04-18,Sentinel-1A,S1A_IW_SLC__1SDV_20240418T055013_20240418T055040_053484_067D67_F74C,1.0
2024,37,2024-04-30,Sentinel-1A,S1A_IW_SLC__1SDV_20240430T055013_20240430T055040_053659_068441_B0B7,1.0
2024,37,2024-05-12,Sentinel-1A,S1A_IW_SLC__1SDV_20240512T055013_20240512T055040_053834_068ADC_BD9E,1.0
2024,37,2024-05-24,Sentinel-1A,S1A_IW_SLC__1SDV_20240524T055013_20240524T055040_054009_0690DF_02DC,1.0
2024,37,2024-06-05,Sentinel-1A,S1A_IW_SLC__1SDV_20240605T055012_20240605T055039_054184_0696EA_B824,1.0
2024,37,2024-06-17,Sentinel-1A,S1A_IW_SLC__1SDV_20240617T055012_20240617T055039_054359_069CF5_2D06,1.0
2024,37,2024-06-29,Sentinel-1A,S1A_IW_SLC__1SDV_20240629T055011_20240629T055038_054534_06A308_6DD8,1.0
2024,37,2024-07-11,Sentinel-1A,S1A_IW_SLC__1SDV_20240711T055011_20240711T055038_054709_06A920_F1C0,1.0
2024,37,2024-07-23,Sentinel-1A,S1A_IW_SLC__1SDV_20240723T055010_20240723T055038_054884_06AF36_0F21,1.0
2024,37,2024-08-04,Sentinel-1A,S1A_IW_SLC__1SDV_20240804T055011_20240804T055038_055059_06B537_6C5F,1.0
2024,37,2024-08-16,Sentinel-1A,S1A_IW_SLC__1SDV_20240816T055010_20240816T055037_055234_06BB9A_16AC,1.0
2024,37,2024-08-28,Sentinel-1A,S1A_IW_SLC__1SDV_20240828T055011_20240828T055038_055409_06C20E_3DAD,1.0
2024,37,2024-09-09,Sentinel-1A,S1A_IW_SLC__1SDV_20240909T055011_20240909T055038_055584_06C8D7_CE08,1.0
2024,37,2024-09-21,Sentinel-1A,S1A_IW_SLC__1SDV_20240921T055011_20240921T055038_055759_06CFB9_4192,1.0
2024,37,2024-10-03,Sentinel-1A,S1A_IW_SLC__1SDV_20241003T055012_20241003T055039_055934_06D6B1_5494,1.0
2024,37,2024-10-15,Sentinel-1A,S1A_IW_SLC__1SDV_20241015T055012_20241015T055039_056109_06DD8D_4AD6,1.0
2024,37,2024-10-27,Sentinel-1A,S1A_IW_SLC__1SDV_20241027T055012_20241027T055039_056284_06E482_42E3,1.0
2024,88,2024-03-04,Sentinel-1A,S1A_IW_SLC__1SDV_20240304T172528_20240304T172555_052835_0664E9_2EBF,1.0
2024,88,2024-03-16,Sentinel-1A,S1A_IW_SLC__1SDV_20240316T172528_20240316T172555_053010_066AFB_0E64,1.0
2024,88,2024-03-28,Sentinel-1A,S1A_IW_SLC__1SDV_20240328T172529_20240328T172556_053185_0671AD_25A5,1.0
2024,88,2024-04-09,Sentinel-1A,S1A_IW_SLC__1SDV_20240409T172528_20240409T172556_053360_067883_2904,1.0
2024,88,2024-04-21,Sentinel-1A,S1A_IW_SLC__1SDV_20240421T172529_20240421T172556_053535_067F68_F7A7,1.0
2024,88,2024-05-03,Sentinel-1A,S1A_IW_SLC__1SDV_20240503T172530_20240503T172557_053710_06864B_88BF,1.0
2024,88,2024-05-15,Sentinel-1A,S1A_IW_SLC__1SDV_20240515T172529_20240515T172556_053885_068C95_34DB,1.0
2024,88,2024-05-27,Sentinel-1A,S1A_IW_SLC__1SDV_20240527T172529_20240527T172557_054060_0692AB_3D13,1.0
2024,88,2024-06-08,Sentinel-1A,S1A_IW_SLC__1SDV_20240608T172529_20240608T172556_054235_0698B9_1BE1,1.0
2024,88,2024-06-20,Sentinel-1A,S1A_IW_SLC__1SDV_20240620T172528_20240620T172555_054410_069EC7_B6A4,1.0
2024,88,2024-07-02,Sentinel-1A,S1A_IW_SLC__1SDV_20240702T172527_20240702T172555_054585_06A4DE_7488,1.0
2024,88,2024-07-14,Sentinel-1A,S1A_IW_SLC__1SDV_20240714T172527_20240714T172554_054760_06AAEB_F933,1.0
2024,88,2024-07-26,Sentinel-1A,S1A_IW_SLC__1SDV_20240726T172527_20240726T172554_054935_06B102_BDE8,1.0
2024,88,2024-08-07,Sentinel-1A,S1A_IW_SLC__1SDV_20240807T172527_20240807T172554_055110_06B719_1DAB,1.0
2024,88,2024-08-19,Sentinel-1A,S1A_IW_SLC__1SDV_20240819T172527_20240819T172554_055285_06BD78_2E30,1.0
2024,88,2024-08-31,Sentinel-1A,S1A_IW_SLC__1SDV_20240831T172527_20240831T172554_055460_06C3E8_C3AB,1.0
2024,88,2024-09-12,Sentinel-1A,S1A_IW_SLC__1SDV_20240912T172528_20240912T172555_055635_06CAD5_D971,1.0
2024,88,2024-09-24,Sentinel-1A,S1A_IW_SLC__1SDV_20240924T172528_20240924T172555_055810_06D1C0_E25D,1.0
2024,88,2024-10-06,Sentinel-1A,S1A_IW_SLC__1SDV_20241006T172529_20241006T172556_055985_06D8A6_D3A8,1.0
2024,88,2024-10-18,Sentinel-1A,S1A_IW_SLC__1SDV_20241018T172529_20241018T172556_056160_06DF92_AA18,1.0
2024,88,2024-10-30,Sentinel-1A,S1A_IW_SLC__1SDV_20241030T172529_20241030T172556_056335_06E681_725C,1.0
2024,139,2024-03-08,Sentinel-1A,S1A_IW_SLC__1SDV_20240308T054201_20240308T054228_052886_0666A3_894A,1.0
2024,139,2024-03-20,Sentinel-1A,S1A_IW_SLC__1SDV_20240320T054202_20240320T054229_053061_066CFD_60F3,1.0
2024,139,2024-04-01,Sentinel-1A,S1A_IW_SLC__1SDV_20240401T054202_20240401T054229_053236_0673A0_3F97,1.0
2024,139,2024-04-13,Sentinel-1A,S1A_IW_SLC__1SDV_20240413T054201_20240413T054228_053411_067A88_E2BD,1.0
2024,139,2024-04-25,Sentinel-1A,S1A_IW_SLC__1SDV_20240425T054203_20240425T054230_053586_068163_C15A,1.0
2024,139,2024-05-07,Sentinel-1A,S1A_IW_SLC__1SDV_20240507T054203_20240507T054230_053761_06884C_529A,1.0
2024,139,2024-05-19,Sentinel-1A,S1A_IW_SLC__1SDV_20240519T054203_20240519T054230_053936_068E5E_8660,1.0
2024,139,2024-05-31,Sentinel-1A,S1A_IW_SLC__1SDV_20240531T054203_20240531T054230_054111_069471_32B9,1.0
2024,139,2024-06-12,Sentinel-1A,S1A_IW_SLC__1SDV_20240612T054202_20240612T054229_054286_069A7C_C234,1.0
2024,139,2024-06-24,Sentinel-1A,S1A_IW_SLC__1SDV_20240624T054202_20240624T054229_054461_06A08E_4CAC,1.0
2024,139,2024-07-06,Sentinel-1A,S1A_IW_SLC__1SDV_20240706T054201_20240706T054228_054636_06A6A4_B62D,1.0
2024,139,2024-07-18,Sentinel-1A,S1A_IW_SLC__1SDV_20240718T054200_20240718T054228_054811_06ACB3_1058,1.0
2024,139,2024-07-30,Sentinel-1A,S1A_IW_SLC__1SDV_20240730T054200_20240730T054227_054986_06B2CF_6526,1.0
2024,139,2024-08-11,Sentinel-1A,S1A_IW_SLC__1SDV_20240811T054200_20240811T054227_055161_06B8F1_EAD8,1.0
2024,139,2024-08-23,Sentinel-1A,S1A_IW_SLC__1SDV_20240823T054200_20240823T054228_055336_06BF64_55EC,1.0
2024,139,2024-09-04,Sentinel-1A,S1A_IW_SLC__1SDV_20240904T054201_20240904T054228_055511_06C5E7_B7B4,1.0
2024,139,2024-09-16,Sentinel-1A,S1A_IW_SLC__1SDV_20240916T054201_20240916T054229_055686_06CCD9_7933,1.0
2024,139,2024-09-28,Sentinel-1A,S1A_IW_SLC__1SDV_20240928T054201_20240928T054228_055861_06D3C5_2CC4,1.0
2024,139,2024-10-10,Sentinel-1A,S1A_IW_SLC__1SDV_20241010T054202_20241010T054229_056036_06DAA8_4C04,1.0
2024,139,2024-10-22,Sentinel-1A,S1A_IW_SLC__1SDV_20241022T054202_20241022T054229_056211_06E197_1D32,1.0
